symbol,date,timing,accession
AA,2019-07-17,amc,0001157523-19-001534
AA,2019-10-16,amc,0001157523-19-002055
AA,2020-01-15,amc,0001157523-20-000068
AA,2020-04-22,amc,0001157523-20-000560
AA,2020-07-08,bmo,0001193125-20-189207
AA,2020-07-15,amc,0001157523-20-000978
AA,2020-10-14,amc,0001157523-20-001310
AA,2021-01-20,amc,0001157523-21-000061
AA,2021-04-15,amc,0001157523-21-000464
AA,2021-07-15,amc,0001157523-21-000879
AA,2021-10-14,amc,0001157523-21-001202
AA,2022-01-19,amc,0001157523-22-000073
AA,2022-04-20,amc,0001157523-22-000452
AA,2022-07-20,amc,0001157523-22-000874
AA,2022-10-19,amc,0001157523-22-001343
AA,2023-01-18,amc,0001157523-23-000063
AA,2023-04-19,amc,0001157523-23-000580
AA,2023-07-19,amc,0001157523-23-001109
AA,2023-10-18,amc,0001157523-23-001501
AA,2024-01-17,amc,0001157523-24-000066
AA,2024-04-17,amc,0000950170-24-045115
AA,2024-07-10,amc,0000950170-24-082696
AA,2024-07-17,amc,0000950170-24-084275
AA,2024-10-16,amc,0000950170-24-115018
AA,2025-01-22,amc,0000950170-25-007765
AA,2025-04-16,amc,0000950170-25-054726
AA,2025-07-16,amc,0000950170-25-096260
AA,2025-10-22,amc,0001193125-25-246788
AA,2026-01-22,amc,0001193125-26-019438
AA,2026-04-16,amc,0001193125-26-159018
AA,2026-07-16,amc,0001193125-26-306118
AAL,2019-07-25,bmo,0000006201-19-000052
AAL,2019-10-24,bmo,0000006201-19-000066
AAL,2020-01-23,bmo,0000006201-20-000012
AAL,2020-04-30,bmo,0000006201-20-000065
AAL,2020-07-02,intraday,0001193125-20-186122
AAL,2020-07-23,bmo,0000006201-20-000087
AAL,2020-10-22,bmo,0000006201-20-000100
AAL,2021-01-28,bmo,0000006201-21-000005
AAL,2021-04-13,bmo,0000006201-21-000046
AAL,2021-04-22,bmo,0000006201-21-000053
AAL,2021-07-13,amc,0000006201-21-000072
AAL,2021-07-22,bmo,0000006201-21-000078
AAL,2021-10-12,bmo,0000006201-21-000087
AAL,2021-10-21,bmo,0000006201-21-000097
AAL,2022-01-11,bmo,0000006201-22-000004
AAL,2022-01-20,bmo,0000006201-22-000014
AAL,2022-04-12,bmo,0000006201-22-000037
AAL,2022-04-21,bmo,0000006201-22-000044
AAL,2022-07-12,bmo,0000006201-22-000064
AAL,2022-07-21,bmo,0000006201-22-000070
AAL,2022-10-11,bmo,0000006201-22-000078
AAL,2022-10-20,bmo,0000006201-22-000085
AAL,2023-01-26,bmo,0000006201-23-000008
AAL,2023-04-27,bmo,0000006201-23-000041
AAL,2023-07-20,bmo,0000006201-23-000069
AAL,2023-10-19,bmo,0000006201-23-000091
AAL,2024-01-25,bmo,0000006201-24-000005
AAL,2024-04-25,bmo,0000006201-24-000031
AAL,2024-07-25,bmo,0000006201-24-000047
AAL,2024-10-24,bmo,0000006201-24-000059
AAL,2025-01-23,bmo,0000006201-25-000006
AAL,2025-04-24,bmo,0000006201-25-000022
AAL,2025-07-24,bmo,0000006201-25-000037
AAL,2025-10-23,bmo,0000006201-25-000051
AAL,2026-01-27,bmo,0000006201-26-000008
AAL,2026-04-23,bmo,0000006201-26-000031
AAL,2026-07-23,bmo,0000006201-26-000051
ABBV,2019-07-26,bmo,0001551152-19-000021
ABBV,2019-11-01,bmo,0001551152-19-000026
ABBV,2020-02-07,bmo,0001551152-20-000004
ABBV,2020-05-01,bmo,0001551152-20-000010
ABBV,2020-07-29,amc,0001104659-20-087827
ABBV,2020-07-31,bmo,0001551152-20-000019
ABBV,2020-10-30,bmo,0001551152-20-000029
ABBV,2021-02-03,bmo,0001551152-21-000003
ABBV,2021-04-30,bmo,0001551152-21-000013
ABBV,2021-07-30,bmo,0001551152-21-000021
ABBV,2021-10-29,bmo,0001551152-21-000028
ABBV,2022-02-02,bmo,0001551152-22-000003
ABBV,2022-04-21,amc,0001104659-22-048450
ABBV,2022-04-29,bmo,0001551152-22-000010
ABBV,2022-04-29,bmo,0001551152-22-000012
ABBV,2022-07-06,amc,0001551152-22-000023
ABBV,2022-07-29,bmo,0001551152-22-000026
ABBV,2022-10-05,amc,0001551152-22-000034
ABBV,2022-10-28,bmo,0001551152-22-000038
ABBV,2023-01-06,amc,0001551152-23-000004
ABBV,2023-02-09,bmo,0001551152-23-000006
ABBV,2023-04-05,amc,0001551152-23-000015
ABBV,2023-04-27,bmo,0001551152-23-000019
ABBV,2023-07-06,amc,0001551152-23-000026
ABBV,2023-07-27,bmo,0001551152-23-000028
ABBV,2023-10-04,amc,0001551152-23-000036
ABBV,2023-10-27,bmo,0001551152-23-000040
ABBV,2024-01-05,amc,0001551152-24-000002
ABBV,2024-02-02,bmo,0001551152-24-000007
ABBV,2024-04-03,amc,0001551152-24-000013
ABBV,2024-04-26,bmo,0001551152-24-000016
ABBV,2024-07-03,intraday,0001551152-24-000024
ABBV,2024-07-25,bmo,0001551152-24-000026
ABBV,2024-10-03,amc,0001551152-24-000033
ABBV,2024-10-30,bmo,0001551152-24-000036
ABBV,2025-01-06,amc,0001551152-25-000002
ABBV,2025-01-31,bmo,0001551152-25-000011
ABBV,2025-04-03,amc,0001551152-25-000023
ABBV,2025-04-25,bmo,0001551152-25-000026
ABBV,2025-07-03,intraday,0001551152-25-000034
ABBV,2025-07-31,bmo,0001551152-25-000036
ABBV,2025-10-03,amc,0001551152-25-000043
ABBV,2025-10-31,bmo,0001551152-25-000047
ABBV,2026-01-07,amc,0001551152-26-000002
ABBV,2026-02-04,bmo,0001551152-26-000004
ABBV,2026-04-03,amc,0001551152-26-000011
ABBV,2026-04-29,bmo,0001551152-26-000013
ABBV,2026-07-06,amc,0001551152-26-000021
ABBV,2026-07-31,bmo,0001551152-26-000023
ABT,2019-07-17,bmo,0001104659-19-040664
ABT,2019-10-16,bmo,0001104659-19-054283
ABT,2020-01-22,bmo,0001104659-20-005717
ABT,2020-04-16,bmo,0001104659-20-047187
ABT,2020-07-16,bmo,0001104659-20-083929
ABT,2020-10-21,bmo,0001104659-20-116611
ABT,2021-01-27,bmo,0001104659-21-007942
ABT,2021-04-20,bmo,0001104659-21-052205
ABT,2021-07-22,bmo,0001104659-21-094680
ABT,2021-10-20,bmo,0001104659-21-127874
ABT,2022-01-26,bmo,0001104659-22-007648
ABT,2022-04-20,bmo,0001104659-22-047560
ABT,2022-07-20,bmo,0001104659-22-081006
ABT,2022-10-19,bmo,0001628280-22-026588
ABT,2023-01-25,bmo,0001628280-23-001516
ABT,2023-04-19,bmo,0001628280-23-012020
ABT,2023-07-20,bmo,0001628280-23-025156
ABT,2023-10-18,bmo,0001628280-23-034544
ABT,2024-01-24,bmo,0001628280-24-002009
ABT,2024-04-17,bmo,0001628280-24-016497
ABT,2024-07-18,bmo,0001628280-24-032182
ABT,2024-10-16,bmo,0001628280-24-042893
ABT,2025-01-22,bmo,0001628280-25-002092
ABT,2025-04-16,bmo,0001628280-25-017924
ABT,2025-07-17,bmo,0001628280-25-035135
ABT,2025-10-15,bmo,0001628280-25-045049
ABT,2026-01-22,bmo,0001628280-26-002982
ABT,2026-04-16,bmo,0001628280-26-025365
ABT,2026-07-16,bmo,0001628280-26-048377
ADM,2019-08-01,intraday,0000007084-19-000026
ADM,2019-10-31,intraday,0000007084-19-000033
ADM,2020-01-29,amc,0000007084-20-000002
ADM,2020-04-30,intraday,0000007084-20-000013
ADM,2020-07-30,amc,0000007084-20-000022
ADM,2020-10-29,amc,0000007084-20-000035
ADM,2021-01-26,intraday,0000007084-21-000002
ADM,2021-04-27,intraday,0000007084-21-000015
ADM,2021-07-27,intraday,0000007084-21-000028
ADM,2021-10-26,intraday,0000007084-21-000037
ADM,2022-01-25,intraday,0000007084-22-000003
ADM,2022-04-26,intraday,0000007084-22-000011
ADM,2022-07-26,intraday,0000007084-22-000021
ADM,2022-10-25,intraday,0000007084-22-000026
ADM,2023-01-26,intraday,0000007084-23-000004
ADM,2023-04-25,intraday,0000007084-23-000014
ADM,2023-07-25,intraday,0000007084-23-000024
ADM,2023-10-24,intraday,0000007084-23-000037
ADM,2024-01-22,bmo,0001193125-24-011608
ADM,2024-03-12,intraday,0000007084-24-000010
ADM,2024-04-30,intraday,0000007084-24-000015
ADM,2024-07-30,intraday,0000007084-24-000024
ADM,2024-11-05,amc,0000007084-24-000031
ADM,2024-11-18,amc,0000007084-24-000056
ADM,2025-02-04,bmo,0000007084-25-000005
ADM,2025-05-06,bmo,0000007084-25-000020
ADM,2025-08-05,bmo,0000007084-25-000040
ADM,2025-11-04,bmo,0000007084-25-000049
ADM,2026-02-03,bmo,0000007084-26-000005
ADM,2026-05-05,bmo,0000007084-26-000021
ADM,2026-08-04,bmo,0000007084-26-000040
AEO,2019-09-09,amc,0001193125-19-240943
AEO,2019-12-16,amc,0001193125-19-315279
AEO,2020-03-09,amc,0001193125-20-067280
AEO,2020-06-05,amc,0001193125-20-162294
AEO,2020-09-11,amc,0001193125-20-244102
AEO,2020-11-30,amc,0001193125-20-305565
AEO,2021-03-04,amc,0001193125-21-069511
AEO,2021-05-26,amc,0001564590-21-030072
AEO,2021-09-02,intraday,0001564590-21-046843
AEO,2021-11-23,intraday,0001564590-21-057986
AEO,2022-03-02,amc,0000950170-22-002692
AEO,2022-05-26,amc,0000950170-22-010794
AEO,2022-09-07,amc,0000950170-22-018192
AEO,2022-11-22,bmo,0000950170-22-025577
AEO,2023-03-01,amc,0000950170-23-005566
AEO,2023-05-24,amc,0000950170-23-023964
AEO,2023-08-03,amc,0001193125-23-202971
AEO,2023-09-06,amc,0000950170-23-046751
AEO,2023-11-21,amc,0000950170-23-065477
AEO,2024-03-07,bmo,0000950170-24-027615
AEO,2024-05-29,amc,0000950170-24-065962
AEO,2024-08-29,bmo,0000950170-24-101592
AEO,2024-12-04,amc,0000950170-24-133307
AEO,2025-03-12,amc,0000950170-25-038028
AEO,2025-05-13,amc,0000950170-25-070410
AEO,2025-05-29,amc,0000950170-25-079005
AEO,2025-09-03,amc,0000950170-25-112837
AEO,2025-12-02,amc,0001193125-25-305370
AEO,2026-03-04,amc,0001193125-26-091582
AEO,2026-05-28,amc,0001193125-26-245310
AES,2019-08-06,amc,0000874761-19-000051
AES,2019-11-06,bmo,0000874761-19-000060
AES,2020-02-28,bmo,0000874761-20-000014
AES,2020-05-07,bmo,0000874761-20-000031
AES,2020-08-06,bmo,0000874761-20-000053
AES,2020-11-06,bmo,0000874761-20-000068
AES,2021-02-25,bmo,0000874761-21-000017
AES,2021-05-06,bmo,0000874761-21-000040
AES,2021-08-05,amc,0000874761-21-000067
AES,2021-11-03,amc,0000874761-21-000075
AES,2022-05-05,amc,0000874761-22-000045
AES,2022-08-05,bmo,0000874761-22-000067
AES,2022-11-04,bmo,0000874761-22-000076
AES,2023-02-27,bmo,0000874761-23-000004
AES,2023-05-04,amc,0000874761-23-000040
AES,2023-08-03,amc,0000874761-23-000073
AES,2023-11-02,amc,0000874761-23-000082
AES,2024-02-26,amc,0000874761-24-000013
AES,2024-05-02,amc,0000874761-24-000039
AES,2024-08-01,amc,0000874761-24-000056
AES,2024-10-31,amc,0000874761-24-000071
AES,2025-02-28,bmo,0000874761-25-000006
AES,2025-05-01,amc,0000874761-25-000037
AES,2025-08-01,amc,0000874761-25-000071
AES,2025-11-04,amc,0000874761-25-000086
AFL,2019-07-25,amc,0000004977-19-000132
AFL,2019-10-25,amc,0000004977-19-000171
AFL,2020-02-04,amc,0000004977-20-000006
AFL,2020-04-29,amc,0000004977-20-000054
AFL,2020-07-28,amc,0000004977-20-000101
AFL,2020-10-27,amc,0000004977-20-000126
AFL,2021-02-03,amc,0000004977-21-000009
AFL,2021-04-28,amc,0000004977-21-000060
AFL,2021-07-28,amc,0000004977-21-000117
AFL,2021-10-27,amc,0000004977-21-000142
AFL,2022-02-02,amc,0000004977-22-000005
AFL,2022-04-27,amc,0000004977-22-000069
AFL,2022-08-01,amc,0000004977-22-000121
AFL,2022-10-31,amc,0000004977-22-000142
AFL,2023-02-01,amc,0000004977-23-000011
AFL,2023-04-27,amc,0000004977-23-000087
AFL,2023-08-01,amc,0000004977-23-000146
AFL,2023-11-01,amc,0000004977-23-000172
AFL,2024-01-31,amc,0000004977-24-000006
AFL,2024-05-01,amc,0000004977-24-000082
AFL,2024-07-31,amc,0000004977-24-000138
AFL,2024-10-30,amc,0000004977-24-000164
AFL,2025-02-05,amc,0000004977-25-000006
AFL,2025-04-30,amc,0000004977-25-000067
AFL,2025-08-05,amc,0000004977-25-000133
AFL,2025-11-04,amc,0001628280-25-048906
AFL,2026-02-04,amc,0001628280-26-005458
AFL,2026-04-29,amc,0001628280-26-028396
AFL,2026-08-06,amc,0001628280-26-054333
AGNC,2019-07-24,amc,0001423689-19-000043
AGNC,2019-10-30,amc,0001423689-19-000073
AGNC,2020-01-29,amc,0001423689-20-000002
AGNC,2020-04-08,amc,0001423689-20-000035
AGNC,2020-04-29,amc,0001423689-20-000040
AGNC,2020-07-27,amc,0001423689-20-000044
AGNC,2020-10-26,amc,0001423689-20-000049
AGNC,2021-01-25,amc,0001423689-21-000008
AGNC,2021-04-26,amc,0001423689-21-000028
AGNC,2021-07-26,amc,0001423689-21-000061
AGNC,2021-10-25,amc,0001423689-21-000068
AGNC,2022-01-31,amc,0001423689-22-000007
AGNC,2022-05-02,amc,0001423689-22-000026
AGNC,2022-07-25,amc,0001423689-22-000035
AGNC,2022-10-11,bmo,0001423689-22-000071
AGNC,2022-10-24,amc,0001423689-22-000073
AGNC,2023-01-30,amc,0001423689-23-000003
AGNC,2023-04-24,amc,0001423689-23-000037
AGNC,2023-07-24,amc,0001423689-23-000048
AGNC,2023-10-23,amc,0001423689-23-000064
AGNC,2023-10-30,amc,0001423689-23-000067
AGNC,2024-01-22,amc,0001423689-24-000003
AGNC,2024-04-22,amc,0001423689-24-000037
AGNC,2024-07-22,amc,0001423689-24-000056
AGNC,2024-10-21,amc,0001423689-24-000060
AGNC,2025-01-27,amc,0001423689-25-000002
AGNC,2025-04-10,amc,0001423689-25-000037
AGNC,2025-04-21,amc,0001423689-25-000043
AGNC,2025-07-21,amc,0001423689-25-000061
AGNC,2025-10-20,amc,0001423689-25-000101
AGNC,2026-01-26,amc,0001423689-26-000024
AGNC,2026-04-20,amc,0001423689-26-000095
AGNC,2026-07-20,amc,0001423689-26-000124
AIG,2019-08-07,amc,0001144204-19-038246
AIG,2019-11-01,bmo,0001104659-19-058640
AIG,2020-02-13,bmo,0001104659-20-019671
AIG,2020-05-04,amc,0001104659-20-056215
AIG,2020-08-03,amc,0001104659-20-089692
AIG,2020-10-26,amc,0001104659-20-118179
AIG,2020-11-05,amc,0001104659-20-121833
AIG,2021-02-16,amc,0001104659-21-024093
AIG,2021-05-06,amc,0001104659-21-062438
AIG,2021-08-05,amc,0001104659-21-100804
AIG,2021-11-04,amc,0001104659-21-134483
AIG,2022-02-16,amc,0001104659-22-024314
AIG,2022-05-03,amc,0001104659-22-055284
AIG,2022-08-08,amc,0001104659-22-087286
AIG,2022-11-01,amc,0001104659-22-113509
AIG,2023-02-15,amc,0001104659-23-022410
AIG,2023-05-04,amc,0001104659-23-056045
AIG,2023-08-01,amc,0000005272-23-000029
AIG,2023-11-01,amc,0000005272-23-000041
AIG,2024-02-13,amc,0000005272-24-000017
AIG,2024-05-01,amc,0000005272-24-000047
AIG,2024-07-31,amc,0000005272-24-000075
AIG,2024-11-04,amc,0000005272-24-000121
AIG,2025-02-11,amc,0000005272-25-000004
AIG,2025-05-01,amc,0000005272-25-000036
AIG,2025-08-06,amc,0000005272-25-000077
AIG,2025-11-04,amc,0000005272-25-000156
AIG,2026-02-10,amc,0000005272-26-000014
AIG,2026-04-30,amc,0000005272-26-000048
AIG,2026-08-06,amc,0000005272-26-000072
ALLY,2019-07-18,bmo,0001193125-19-196048
ALLY,2019-10-16,bmo,0001193125-19-268034
ALLY,2020-01-22,bmo,0001193125-20-011483
ALLY,2020-04-20,bmo,0001193125-20-111580
ALLY,2020-07-17,bmo,0001193125-20-194379
ALLY,2020-10-16,bmo,0001193125-20-270711
ALLY,2021-01-22,bmo,0001193125-21-014149
ALLY,2021-04-16,bmo,0001193125-21-118498
ALLY,2021-07-20,bmo,0001193125-21-219142
ALLY,2021-10-21,bmo,0001193125-21-303545
ALLY,2022-01-21,bmo,0001193125-22-014367
ALLY,2022-04-14,bmo,0001193125-22-105007
ALLY,2022-07-19,bmo,0001193125-22-196619
ALLY,2022-10-19,bmo,0001193125-22-264901
ALLY,2023-01-20,bmo,0001193125-23-011484
ALLY,2023-04-19,bmo,0001193125-23-105689
ALLY,2023-07-19,bmo,0001193125-23-189215
ALLY,2023-10-18,bmo,0001193125-23-258069
ALLY,2024-01-19,bmo,0001193125-24-010758
ALLY,2024-04-18,bmo,0001193125-24-099895
ALLY,2024-07-17,bmo,0001193125-24-180000
ALLY,2024-10-18,bmo,0001193125-24-239217
ALLY,2025-01-22,bmo,0001193125-25-009950
ALLY,2025-04-17,bmo,0001193125-25-083508
ALLY,2025-07-18,bmo,0001193125-25-160823
ALLY,2025-10-17,bmo,0001193125-25-241967
ALLY,2026-01-21,bmo,0001193125-26-017242
ALLY,2026-04-17,bmo,0001193125-26-160281
ALLY,2026-07-21,bmo,0001193125-26-309539
AMAT,2019-08-15,amc,0000006951-19-000022
AMAT,2019-11-14,amc,0000006951-19-000038
AMAT,2020-02-12,amc,0000006951-20-000007
AMAT,2020-05-14,amc,0000006951-20-000020
AMAT,2020-08-13,amc,0000006951-20-000032
AMAT,2020-11-12,amc,0000006951-20-000041
AMAT,2021-02-18,amc,0000006951-21-000005
AMAT,2021-05-20,amc,0000006951-21-000018
AMAT,2021-08-19,amc,0000006951-21-000028
AMAT,2021-11-18,amc,0000006951-21-000038
AMAT,2022-02-16,amc,0000006951-22-000005
AMAT,2022-05-19,amc,0000006951-22-000016
AMAT,2022-08-18,amc,0000006951-22-000027
AMAT,2022-11-17,amc,0000006951-22-000037
AMAT,2023-02-16,amc,0000006951-23-000007
AMAT,2023-05-18,amc,0000006951-23-000017
AMAT,2023-08-17,amc,0000006951-23-000026
AMAT,2023-11-16,amc,0000006951-23-000035
AMAT,2024-02-15,amc,0000006951-24-000006
AMAT,2024-08-15,amc,0000006951-24-000026
AMAT,2024-11-14,amc,0000006951-24-000037
AMAT,2025-02-13,amc,0000006951-25-000005
AMAT,2025-05-15,amc,0000006951-25-000017
AMAT,2025-08-14,amc,0000006951-25-000032
AMAT,2025-11-13,amc,0001628280-25-051998
AMAT,2026-02-12,amc,0001628280-26-007661
AMAT,2026-05-14,amc,0001628280-26-035071
AMD,2019-07-30,amc,0000002488-19-000102
AMD,2019-10-29,amc,0000002488-19-000157
AMD,2020-01-28,amc,0000002488-20-000006
AMD,2020-04-28,amc,0000002488-20-000048
AMD,2020-07-28,amc,0000002488-20-000101
AMD,2020-10-27,bmo,0000002488-20-000161
AMD,2021-01-26,amc,0000002488-21-000009
AMD,2021-04-27,amc,0000002488-21-000054
AMD,2021-07-27,amc,0000002488-21-000114
AMD,2021-10-26,amc,0000002488-21-000176
AMD,2022-02-01,amc,0000002488-22-000014
AMD,2022-05-03,amc,0000002488-22-000074
AMD,2022-08-02,amc,0000002488-22-000120
AMD,2022-10-06,amc,0000002488-22-000163
AMD,2022-11-01,amc,0000002488-22-000168
AMD,2023-01-31,amc,0000002488-23-000007
AMD,2023-05-02,amc,0000002488-23-000074
AMD,2023-08-01,amc,0000002488-23-000135
AMD,2023-10-31,amc,0000002488-23-000192
AMD,2024-01-30,amc,0000002488-24-000009
AMD,2024-04-30,amc,0000002488-24-000054
AMD,2024-07-30,amc,0000002488-24-000121
AMD,2024-10-29,amc,0000002488-24-000161
AMD,2025-02-04,amc,0000002488-25-000009
AMD,2025-05-06,amc,0000002488-25-000045
AMD,2025-08-05,amc,0000002488-25-000106
AMD,2025-11-04,amc,0000002488-25-000163
AMD,2026-02-03,amc,0000002488-26-000014
AMD,2026-05-05,amc,0000002488-26-000072
AMD,2026-08-04,amc,0000002488-26-000121
AMZN,2019-07-25,amc,0001018724-19-000069
AMZN,2019-10-24,amc,0001018724-19-000087
AMZN,2020-01-30,amc,0001018724-20-000002
AMZN,2020-04-30,amc,0001018724-20-000008
AMZN,2020-07-30,amc,0001018724-20-000019
AMZN,2020-10-29,amc,0001018724-20-000028
AMZN,2021-02-02,amc,0001018724-21-000002
AMZN,2021-04-29,amc,0001018724-21-000008
AMZN,2021-07-29,amc,0001018724-21-000018
AMZN,2021-10-28,amc,0001018724-21-000026
AMZN,2022-02-03,amc,0001018724-22-000002
AMZN,2022-04-28,amc,0001018724-22-000011
AMZN,2022-07-28,amc,0001018724-22-000017
AMZN,2022-10-27,amc,0001018724-22-000021
AMZN,2023-02-02,amc,0001018724-23-000002
AMZN,2023-04-27,amc,0001018724-23-000006
AMZN,2023-08-03,amc,0001018724-23-000010
AMZN,2023-10-26,amc,0001018724-23-000016
AMZN,2024-02-01,amc,0001018724-24-000006
AMZN,2024-04-30,amc,0001018724-24-000081
AMZN,2024-08-01,amc,0001018724-24-000128
AMZN,2024-10-31,amc,0001018724-24-000158
AMZN,2025-02-06,amc,0001018724-25-000002
AMZN,2025-05-01,amc,0001018724-25-000034
AMZN,2025-07-31,amc,0001018724-25-000084
AMZN,2025-10-30,amc,0001018724-25-000121
AMZN,2026-02-05,amc,0001018724-26-000002
AMZN,2026-04-29,amc,0001018724-26-000012
AMZN,2026-07-30,amc,0001018724-26-000024
ANET,2019-08-01,amc,0001596532-19-000181
ANET,2019-10-31,amc,0001596532-19-000227
ANET,2020-01-02,amc,0001596532-20-000003
ANET,2020-02-13,amc,0001596532-20-000019
ANET,2020-05-05,amc,0001628280-20-006442
ANET,2020-08-04,amc,0001596532-20-000147
ANET,2020-11-02,amc,0001596532-20-000225
ANET,2021-02-18,amc,0001596532-21-000048
ANET,2021-05-04,amc,0001596532-21-000138
ANET,2021-08-02,amc,0001596532-21-000253
ANET,2021-11-01,amc,0001596532-21-000351
ANET,2022-02-14,amc,0001596532-22-000025
ANET,2022-05-02,amc,0001596532-22-000111
ANET,2022-08-01,amc,0001596532-22-000218
ANET,2022-10-31,amc,0001596532-22-000292
ANET,2023-02-13,amc,0001596532-23-000015
ANET,2023-05-01,amc,0001596532-23-000101
ANET,2023-07-31,amc,0001596532-23-000196
ANET,2023-10-30,amc,0001596532-23-000272
ANET,2024-02-12,amc,0001596532-24-000041
ANET,2024-05-07,amc,0001596532-24-000171
ANET,2024-07-30,amc,0001596532-24-000277
ANET,2024-11-07,amc,0001596532-24-000366
ANET,2025-02-18,amc,0001596532-25-000018
ANET,2025-05-06,amc,0001596532-25-000103
ANET,2025-08-05,amc,0001596532-25-000214
ANET,2025-11-04,amc,0001596532-25-000284
ANET,2026-02-12,amc,0001596532-26-000010
ANET,2026-05-05,amc,0001596532-26-000074
ANET,2026-08-04,amc,0001596532-26-000174
ANF,2019-08-30,amc,0001018840-19-000048
ANF,2019-11-27,amc,0001018840-19-000060
ANF,2020-03-05,amc,0001018840-20-000009
ANF,2020-05-29,amc,0001018840-20-000041
ANF,2020-08-28,amc,0001018840-20-000076
ANF,2020-11-25,amc,0001018840-20-000090
ANF,2021-03-03,bmo,0001018840-21-000014
ANF,2021-05-27,amc,0001018840-21-000036
ANF,2021-08-27,amc,0001018840-21-000049
ANF,2021-11-24,amc,0001018840-21-000068
ANF,2022-03-03,amc,0001018840-22-000005
ANF,2022-05-25,amc,0001018840-22-000024
ANF,2022-08-29,amc,0001018840-22-000046
ANF,2022-11-23,amc,0001018840-22-000058
ANF,2023-03-02,amc,0001018840-23-000007
ANF,2023-05-25,amc,0001018840-23-000059
ANF,2023-08-24,amc,0001018840-23-000074
ANF,2023-11-22,amc,0001018840-23-000086
ANF,2024-03-07,amc,0001018840-24-000012
ANF,2024-05-30,amc,0001018840-24-000035
ANF,2024-08-29,amc,0001018840-24-000066
ANF,2024-11-27,amc,0001018840-24-000083
ANF,2025-03-06,amc,0001018840-25-000007
ANF,2025-05-29,amc,0001018840-25-000029
ANF,2025-08-28,amc,0001018840-25-000041
ANF,2025-11-26,amc,0001018840-25-000046
ANF,2026-03-04,bmo,0001018840-26-000006
ANF,2026-05-27,bmo,0001018840-26-000029
APA,2021-05-06,bmo,0001193125-21-152738
APA,2021-08-05,intraday,0001193125-21-237229
APA,2021-11-04,intraday,0001193125-21-319571
APA,2022-02-22,intraday,0001193125-22-047840
APA,2022-05-05,intraday,0001193125-22-141546
APA,2022-08-04,intraday,0001193125-22-211978
APA,2022-11-03,intraday,0001193125-22-276503
APA,2023-02-23,intraday,0001193125-23-045839
APA,2023-05-04,bmo,0001193125-23-135255
APA,2023-08-03,intraday,0001193125-23-202399
APA,2023-11-02,intraday,0001193125-23-269009
APA,2024-02-22,bmo,0001193125-24-042211
APA,2024-05-02,intraday,0001193125-24-128563
APA,2024-08-01,intraday,0001193125-24-190833
APA,2024-11-07,intraday,0001193125-24-252752
APA,2025-02-27,intraday,0001193125-25-038008
APA,2025-05-08,intraday,0001673379-25-000013
APA,2025-08-07,intraday,0001841666-25-000012
APA,2025-10-08,amc,0001841666-25-000023
APA,2025-11-05,amc,0001841666-25-000028
APA,2026-01-20,amc,0001841666-26-000003
APA,2026-02-25,amc,0001841666-26-000012
APA,2026-04-14,amc,0001841666-26-000021
APA,2026-05-06,amc,0001841666-26-000027
APA,2026-07-08,amc,0001841666-26-000045
APA,2026-08-05,amc,0001841666-26-000050
APH,2019-07-24,intraday,0001558370-19-006240
APH,2019-10-23,intraday,0001558370-19-009028
APH,2020-01-22,intraday,0001558370-20-000211
APH,2020-04-22,intraday,0001558370-20-004130
APH,2020-07-22,intraday,0001558370-20-008288
APH,2020-10-21,intraday,0001558370-20-011602
APH,2021-01-27,intraday,0001558370-21-000424
APH,2021-04-28,intraday,0001558370-21-004999
APH,2021-07-28,intraday,0001558370-21-009424
APH,2021-10-27,intraday,0001558370-21-013572
APH,2022-01-26,intraday,0001558370-22-000448
APH,2022-04-27,intraday,0001558370-22-006053
APH,2022-07-27,intraday,0001558370-22-011111
APH,2022-10-26,intraday,0001558370-22-015364
APH,2023-01-25,intraday,0001558370-23-000501
APH,2023-04-26,intraday,0001558370-23-006765
APH,2023-07-26,intraday,0001558370-23-012248
APH,2023-10-25,intraday,0001558370-23-016686
APH,2024-01-24,intraday,0001558370-24-000458
APH,2024-04-24,intraday,0001558370-24-005534
APH,2024-07-24,intraday,0001558370-24-010011
APH,2024-10-23,intraday,0001558370-24-013493
APH,2025-01-22,intraday,0001558370-25-000305
APH,2025-04-23,bmo,0001558370-25-005200
APH,2025-07-23,intraday,0001558370-25-009413
APH,2025-10-22,bmo,0001104659-25-101429
APH,2026-01-28,bmo,0001104659-26-007259
APH,2026-04-29,bmo,0001104659-26-050984
APH,2026-07-29,intraday,0001104659-26-087904
ARMK,2019-08-06,bmo,0001584509-19-000150
ARMK,2019-11-19,bmo,0001584509-19-000211
ARMK,2020-02-04,bmo,0001584509-20-000039
ARMK,2020-04-22,intraday,0001193125-20-114522
ARMK,2020-05-05,bmo,0001584509-20-000101
ARMK,2020-08-04,bmo,0001584509-20-000151
ARMK,2020-11-17,bmo,0001584509-20-000210
ARMK,2021-02-09,bmo,0001584509-21-000043
ARMK,2021-05-11,bmo,0001584509-21-000108
ARMK,2021-08-10,bmo,0001584509-21-000167
ARMK,2021-11-16,bmo,0001584509-21-000233
ARMK,2022-02-08,bmo,0001584509-22-000051
ARMK,2022-05-10,bmo,0001584509-22-000106
ARMK,2022-08-09,bmo,0001584509-22-000152
ARMK,2022-11-15,bmo,0001584509-22-000208
ARMK,2023-02-07,bmo,0001584509-23-000032
ARMK,2023-05-09,bmo,0001584509-23-000106
ARMK,2023-08-08,bmo,0001584509-23-000152
ARMK,2023-11-14,bmo,0001584509-23-000225
ARMK,2024-02-06,bmo,0001584509-24-000043
ARMK,2024-05-07,bmo,0001584509-24-000094
ARMK,2024-08-06,bmo,0001584509-24-000147
ARMK,2024-11-12,bmo,0001584509-24-000203
ARMK,2025-02-04,bmo,0001584509-25-000043
ARMK,2025-05-06,bmo,0001584509-25-000115
ARMK,2025-08-05,bmo,0001584509-25-000163
ARMK,2025-11-17,bmo,0001584509-25-000214
ARMK,2026-02-10,bmo,0001584509-26-000037
ARMK,2026-05-12,bmo,0001584509-26-000085
AVGO,2019-06-13,amc,0001193125-19-172516
AVGO,2019-09-12,amc,0001193125-19-243919
AVGO,2019-12-12,amc,0001193125-19-312797
AVGO,2020-03-12,amc,0001193125-20-071608
AVGO,2020-06-04,amc,0001730168-20-000099
AVGO,2020-09-03,amc,0001730168-20-000154
AVGO,2020-12-10,amc,0001730168-20-000201
AVGO,2021-03-04,amc,0001730168-21-000026
AVGO,2021-06-03,amc,0001730168-21-000110
AVGO,2021-09-02,amc,0001730168-21-000121
AVGO,2021-12-09,amc,0001730168-21-000148
AVGO,2022-03-03,amc,0001730168-22-000015
AVGO,2022-05-26,bmo,0001193125-22-160304
AVGO,2022-09-01,amc,0001730168-22-000091
AVGO,2022-12-08,amc,0001730168-22-000110
AVGO,2023-03-02,amc,0001730168-23-000004
AVGO,2023-06-01,amc,0001730168-23-000062
AVGO,2023-08-31,amc,0001730168-23-000074
AVGO,2023-12-07,amc,0001730168-23-000093
AVGO,2024-03-07,amc,0001730168-24-000012
AVGO,2024-06-12,amc,0001730168-24-000077
AVGO,2024-09-05,amc,0001730168-24-000095
AVGO,2024-12-12,amc,0001730168-24-000125
AVGO,2025-03-06,amc,0001730168-25-000009
AVGO,2025-06-05,amc,0001730168-25-000061
AVGO,2025-09-04,amc,0001730168-25-000094
AVGO,2025-12-11,amc,0001730168-25-000116
AVGO,2026-03-04,amc,0001730168-26-000011
AVGO,2026-06-03,amc,0001730168-26-000051
AVTR,2019-08-06,bmo,0001722482-19-000013
AVTR,2019-11-05,bmo,0001722482-19-000031
AVTR,2020-02-07,bmo,0001722482-20-000024
AVTR,2020-04-29,amc,0001722482-20-000089
AVTR,2020-07-07,bmo,0001193125-20-188230
AVTR,2020-07-29,amc,0001722482-20-000147
AVTR,2020-10-23,bmo,0001722482-20-000165
AVTR,2020-10-27,amc,0001722482-20-000170
AVTR,2021-01-11,bmo,0001722482-21-000023
AVTR,2021-02-03,amc,0001722482-21-000033
AVTR,2021-04-28,amc,0001722482-21-000119
AVTR,2021-07-29,amc,0001722482-21-000208
AVTR,2021-10-12,bmo,0001722482-21-000234
AVTR,2021-10-28,amc,0001722482-21-000243
AVTR,2022-02-03,amc,0001722482-22-000020
AVTR,2022-04-28,amc,0001722482-22-000112
AVTR,2022-07-28,amc,0001722482-22-000162
AVTR,2022-10-28,bmo,0001722482-22-000184
AVTR,2023-02-03,bmo,0001722482-23-000028
AVTR,2023-04-28,bmo,0001722482-23-000096
AVTR,2023-07-28,bmo,0001722482-23-000156
AVTR,2023-10-27,bmo,0001722482-23-000196
AVTR,2024-02-14,bmo,0001722482-24-000014
AVTR,2024-04-26,bmo,0001722482-24-000100
AVTR,2024-07-26,bmo,0001722482-24-000142
AVTR,2024-10-25,bmo,0001722482-24-000161
AVTR,2025-02-07,bmo,0001722482-25-000013
AVTR,2025-04-25,bmo,0001722482-25-000077
AVTR,2025-08-01,bmo,0001722482-25-000188
AVTR,2025-10-29,bmo,0001628280-25-046902
AVTR,2026-02-11,bmo,0001628280-26-007120
AVTR,2026-04-29,bmo,0001628280-26-028078
AVTR,2026-07-29,bmo,0001628280-26-050333
AXTA,2019-07-25,bmo,0001616862-19-000060
AXTA,2019-10-24,bmo,0001616862-19-000075
AXTA,2020-01-30,bmo,0001616862-20-000007
AXTA,2020-05-05,amc,0001616862-20-000033
AXTA,2020-07-29,bmo,0001616862-20-000059
AXTA,2020-10-21,amc,0001616862-20-000075
AXTA,2021-02-01,amc,0001616862-21-000003
AXTA,2021-02-17,amc,0001616862-21-000010
AXTA,2021-04-26,amc,0001616862-21-000022
AXTA,2021-07-26,amc,0001616862-21-000052
AXTA,2021-10-25,amc,0001616862-21-000069
AXTA,2022-01-18,bmo,0001616862-22-000003
AXTA,2022-01-31,amc,0001616862-22-000006
AXTA,2022-04-25,amc,0001616862-22-000015
AXTA,2022-07-26,amc,0001616862-22-000027
AXTA,2022-10-25,amc,0001616862-22-000039
AXTA,2023-01-25,amc,0001616862-23-000003
AXTA,2023-05-02,amc,0001616862-23-000016
AXTA,2023-08-01,amc,0001616862-23-000049
AXTA,2023-11-01,bmo,0001616862-23-000071
AXTA,2024-02-08,bmo,0001616862-24-000009
AXTA,2024-05-01,bmo,0001616862-24-000033
AXTA,2024-08-01,bmo,0001616862-24-000054
AXTA,2024-10-30,bmo,0001616862-24-000063
AXTA,2025-02-04,bmo,0001616862-25-000009
AXTA,2025-05-07,bmo,0001616862-25-000020
AXTA,2025-07-30,bmo,0001616862-25-000035
AXTA,2025-10-28,bmo,0001628280-25-046548
AXTA,2026-02-10,bmo,0001616862-26-000001
AXTA,2026-04-30,bmo,0001628280-26-028553
AXTA,2026-07-28,bmo,0001628280-26-049911
BAC,2019-07-17,bmo,0000070858-19-000037
BAC,2019-10-16,bmo,0000070858-19-000053
BAC,2020-01-15,bmo,0000070858-20-000003
BAC,2020-04-15,bmo,0000070858-20-000018
BAC,2020-07-16,bmo,0000070858-20-000034
BAC,2020-10-14,bmo,0000070858-20-000065
BAC,2021-01-19,bmo,0000070858-21-000004
BAC,2021-04-15,bmo,0000070858-21-000048
BAC,2021-07-14,bmo,0000070858-21-000079
BAC,2021-10-14,bmo,0000070858-21-000098
BAC,2022-01-19,bmo,0000070858-22-000009
BAC,2022-04-18,bmo,0000070858-22-000079
BAC,2022-07-18,bmo,0000070858-22-000105
BAC,2022-10-17,bmo,0000070858-22-000125
BAC,2023-01-13,bmo,0000070858-23-000005
BAC,2023-04-18,bmo,0000070858-23-000131
BAC,2023-07-18,bmo,0000070858-23-000166
BAC,2023-10-17,bmo,0000070858-23-000264
BAC,2024-01-08,bmo,0000070858-24-000006
BAC,2024-01-12,bmo,0000070858-24-000011
BAC,2024-04-16,bmo,0000070858-24-000144
BAC,2024-07-16,bmo,0000070858-24-000186
BAC,2024-10-15,bmo,0000070858-24-000266
BAC,2025-01-16,bmo,0000070858-25-000011
BAC,2025-04-15,bmo,0000070858-25-000187
BAC,2025-07-16,bmo,0000070858-25-000254
BAC,2025-10-15,bmo,0000070858-25-000390
BAC,2026-01-14,bmo,0000070858-26-000020
BAC,2026-04-15,bmo,0000070858-26-000222
BAC,2026-07-14,bmo,0000070858-26-000353
BALL,2019-08-01,bmo,0000009389-19-000031
BALL,2019-10-31,bmo,0000009389-19-000042
BALL,2020-02-06,bmo,0000009389-20-000004
BALL,2020-05-07,bmo,0000009389-20-000013
BALL,2020-08-06,bmo,0000009389-20-000018
BALL,2020-11-05,bmo,0000009389-20-000026
BALL,2021-02-04,bmo,0000009389-21-000047
BALL,2021-05-06,bmo,0000009389-21-000103
BALL,2021-08-05,bmo,0000009389-21-000123
BALL,2021-11-04,bmo,0000009389-21-000193
BALL,2022-01-27,bmo,0000009389-22-000003
BALL,2022-05-05,bmo,0000009389-22-000014
BALL,2022-08-04,bmo,0000009389-22-000017
BALL,2022-11-03,bmo,0000009389-22-000025
BALL,2023-02-02,bmo,0000009389-23-000008
BALL,2023-05-04,bmo,0000009389-23-000020
BALL,2023-08-03,bmo,0000009389-23-000024
BALL,2023-11-02,bmo,0000009389-23-000041
BALL,2024-02-01,bmo,0000009389-24-000003
BALL,2024-04-26,bmo,0000009389-24-000027
BALL,2024-08-01,bmo,0000009389-24-000031
BALL,2024-10-31,bmo,0000009389-24-000036
BALL,2025-02-04,bmo,0000009389-25-000002
BALL,2025-05-06,bmo,0000009389-25-000007
BALL,2025-08-05,bmo,0000009389-25-000015
BALL,2025-11-04,bmo,0000009389-25-000048
BALL,2026-02-03,bmo,0000009389-26-000039
BALL,2026-05-05,bmo,0000009389-26-000107
BALL,2026-08-04,bmo,0001104659-26-090074
BAX,2019-07-25,bmo,0001193125-19-201842
BAX,2019-10-24,bmo,0001193125-19-273068
BAX,2020-01-13,bmo,0001193125-20-005772
BAX,2020-02-13,amc,0001193125-20-035710
BAX,2020-03-17,bmo,0001193125-20-075467
BAX,2020-04-30,bmo,0001628280-20-005901
BAX,2020-07-30,bmo,0001628280-20-010907
BAX,2020-10-29,bmo,0001628280-20-015041
BAX,2021-01-11,bmo,0001628280-21-000342
BAX,2021-02-04,bmo,0001628280-21-001450
BAX,2021-04-29,bmo,0001628280-21-008032
BAX,2021-07-29,bmo,0001628280-21-014820
BAX,2021-10-28,bmo,0001628280-21-020690
BAX,2022-02-17,bmo,0001628280-22-002932
BAX,2022-04-28,bmo,0001628280-22-010921
BAX,2022-07-28,bmo,0001628280-22-019638
BAX,2022-10-27,bmo,0001628280-22-027148
BAX,2023-02-09,bmo,0001628280-23-002862
BAX,2023-04-27,bmo,0001628280-23-013356
BAX,2023-07-27,bmo,0001628280-23-025823
BAX,2023-11-02,bmo,0001628280-23-036194
BAX,2024-02-08,bmo,0001628280-24-003784
BAX,2024-05-02,bmo,0001628280-24-019783
BAX,2024-08-06,bmo,0001628280-24-034963
BAX,2024-11-08,bmo,0001628280-24-046501
BAX,2025-02-03,bmo,0001193125-25-018871
BAX,2025-02-20,bmo,0001628280-25-006558
BAX,2025-05-01,bmo,0001628280-25-021320
BAX,2025-07-31,bmo,0001628280-25-036835
BAX,2025-10-30,bmo,0001628280-25-047311
BAX,2026-02-12,bmo,0001628280-26-007474
BAX,2026-04-30,bmo,0001628280-26-028582
BAX,2026-07-30,bmo,0001628280-26-050795
BBY,2019-08-29,bmo,0000764478-19-000039
BBY,2019-11-26,bmo,0000764478-19-000054
BBY,2020-02-27,bmo,0000764478-20-000007
BBY,2020-05-21,bmo,0000764478-20-000026
BBY,2020-08-25,bmo,0000764478-20-000050
BBY,2020-11-24,bmo,0000764478-20-000059
BBY,2021-02-25,bmo,0000764478-21-000009
BBY,2021-05-27,bmo,0000764478-21-000036
BBY,2021-08-24,bmo,0000764478-21-000055
BBY,2021-11-23,bmo,0000764478-21-000065
BBY,2022-03-03,bmo,0000764478-22-000004
BBY,2022-05-24,bmo,0000764478-22-000012
BBY,2022-08-30,bmo,0000764478-22-000033
BBY,2022-11-22,bmo,0000764478-22-000041
BBY,2023-03-02,bmo,0000764478-23-000003
BBY,2023-05-25,bmo,0000764478-23-000019
BBY,2023-08-29,bmo,0000764478-23-000038
BBY,2023-11-21,bmo,0000764478-23-000049
BBY,2024-02-29,bmo,0000764478-24-000003
BBY,2024-05-30,bmo,0000764478-24-000015
BBY,2024-08-29,bmo,0000764478-24-000031
BBY,2024-11-26,bmo,0000764478-24-000038
BBY,2025-03-04,bmo,0000764478-25-000003
BBY,2025-05-29,bmo,0000764478-25-000014
BBY,2025-08-28,bmo,0000764478-25-000035
BBY,2025-11-25,bmo,0000764478-25-000050
BBY,2026-03-03,bmo,0000764478-26-000005
BBY,2026-05-28,bmo,0000764478-26-000018
BEN,2019-07-30,bmo,0000038777-19-000155
BEN,2019-10-25,bmo,0000038777-19-000182
BEN,2020-01-30,bmo,0000038777-20-000010
BEN,2020-04-30,bmo,0000038777-20-000105
BEN,2020-07-28,bmo,0000038777-20-000137
BEN,2020-10-27,bmo,0000038777-20-000179
BEN,2021-02-02,bmo,0000038777-21-000028
BEN,2021-05-04,bmo,0000038777-21-000093
BEN,2021-08-03,bmo,0000038777-21-000135
BEN,2021-11-01,bmo,0000038777-21-000169
BEN,2022-02-01,bmo,0000038777-22-000011
BEN,2022-05-03,bmo,0000038777-22-000098
BEN,2022-07-28,bmo,0000038777-22-000137
BEN,2022-11-01,bmo,0000038777-22-000171
BEN,2023-01-30,bmo,0000038777-23-000007
BEN,2023-05-01,bmo,0000038777-23-000071
BEN,2023-07-28,bmo,0000038777-23-000105
BEN,2023-10-31,bmo,0000038777-23-000143
BEN,2024-01-29,bmo,0000038777-24-000005
BEN,2024-04-29,bmo,0000038777-24-000068
BEN,2024-07-26,bmo,0000038777-24-000112
BEN,2024-11-04,bmo,0000038777-24-000177
BEN,2025-01-31,bmo,0000038777-25-000016
BEN,2025-05-02,bmo,0000038777-25-000074
BEN,2025-08-01,bmo,0000038777-25-000133
BEN,2025-11-07,bmo,0000038777-25-000234
BEN,2026-01-30,bmo,0000038777-26-000032
BEN,2026-04-28,bmo,0000038777-26-000100
BEN,2026-07-31,bmo,0000038777-26-000215
BHC,2019-08-06,bmo,0000885590-19-000023
BHC,2019-11-04,bmo,0000885590-19-000035
BHC,2020-01-13,bmo,0000950103-20-000533
BHC,2020-02-19,bmo,0000885590-20-000003
BHC,2020-05-07,bmo,0000885590-20-000026
BHC,2020-08-06,bmo,0000885590-20-000039
BHC,2020-10-08,bmo,0000885590-20-000051
BHC,2020-11-03,bmo,0000885590-20-000057
BHC,2021-01-13,bmo,0000885590-21-000004
BHC,2021-02-24,bmo,0000885590-21-000008
BHC,2021-05-04,bmo,0000885590-21-000025
BHC,2021-08-03,bmo,0000885590-21-000038
BHC,2021-11-02,bmo,0000885590-21-000053
BHC,2022-02-23,bmo,0000885590-22-000007
BHC,2022-04-28,intraday,0001193125-22-125782
BHC,2022-05-10,bmo,0000885590-22-000022
BHC,2022-08-09,bmo,0000885590-22-000036
BHC,2022-11-03,bmo,0000885590-22-000058
BHC,2023-02-23,bmo,0000885590-23-000006
BHC,2023-05-04,bmo,0000885590-23-000016
BHC,2023-08-03,bmo,0000885590-23-000025
BHC,2023-11-02,bmo,0000885590-23-000032
BHC,2024-02-22,bmo,0000885590-24-000008
BHC,2024-05-02,bmo,0000885590-24-000016
BHC,2024-08-01,bmo,0000885590-24-000026
BHC,2024-10-30,amc,0000885590-24-000034
BHC,2025-02-19,amc,0000885590-25-000004
BHC,2025-04-30,amc,0000885590-25-000018
BHC,2025-07-30,amc,0000885590-25-000030
BHC,2025-10-29,amc,0000885590-25-000048
BHC,2026-01-13,bmo,0000885590-26-000005
BHC,2026-02-18,amc,0000885590-26-000020
BHC,2026-04-29,amc,0000885590-26-000051
BHC,2026-07-29,amc,0000885590-26-000105
BKNG,2019-08-07,amc,0001075531-19-000042
BKNG,2019-11-07,amc,0001075531-19-000062
BKNG,2020-02-26,amc,0001075531-20-000009
BKNG,2020-05-07,amc,0001075531-20-000025
BKNG,2020-08-06,amc,0001075531-20-000048
BKNG,2020-11-05,amc,0001075531-20-000071
BKNG,2021-02-24,amc,0001075531-21-000016
BKNG,2021-05-05,amc,0001075531-21-000028
BKNG,2021-08-04,amc,0001075531-21-000042
BKNG,2021-11-03,amc,0001075531-21-000051
BKNG,2022-02-23,amc,0001075531-22-000006
BKNG,2022-05-04,amc,0001075531-22-000020
BKNG,2022-08-03,amc,0001075531-22-000031
BKNG,2022-11-02,amc,0001075531-22-000042
BKNG,2023-02-23,amc,0001075531-23-000012
BKNG,2023-05-04,amc,0001075531-23-000029
BKNG,2023-08-03,amc,0001075531-23-000045
BKNG,2023-11-02,amc,0001075531-23-000060
BKNG,2024-02-22,amc,0001075531-24-000011
BKNG,2024-05-02,amc,0001075531-24-000026
BKNG,2024-08-01,amc,0001075531-24-000039
BKNG,2024-10-30,amc,0001075531-24-000047
BKNG,2025-02-20,amc,0001075531-25-000009
BKNG,2025-04-29,amc,0001075531-25-000021
BKNG,2025-07-29,amc,0001075531-25-000035
BKNG,2025-10-28,amc,0001075531-25-000050
BKNG,2026-02-18,amc,0001075531-26-000008
BKNG,2026-04-28,amc,0001075531-26-000024
BKNG,2026-08-04,amc,0001075531-26-000036
BKR,2019-07-31,bmo,0001701605-19-000055
BKR,2019-10-30,bmo,0001701605-19-000087
BKR,2020-01-22,bmo,0001701605-20-000004
BKR,2020-04-13,bmo,0000950103-20-007337
BKR,2020-04-22,bmo,0001701605-20-000037
BKR,2020-07-22,bmo,0001701605-20-000064
BKR,2020-10-21,bmo,0001701605-20-000083
BKR,2021-01-21,bmo,0001701605-21-000002
BKR,2021-04-21,bmo,0001701605-21-000044
BKR,2021-07-21,bmo,0001701605-21-000084
BKR,2021-10-20,bmo,0001701605-21-000108
BKR,2022-01-20,bmo,0001701605-22-000016
BKR,2022-04-20,bmo,0001701605-22-000076
BKR,2022-07-20,bmo,0001701605-22-000109
BKR,2022-10-19,bmo,0001701605-22-000145
BKR,2023-01-23,bmo,0001701605-23-000012
BKR,2023-04-19,bmo,0001701605-23-000047
BKR,2023-07-19,bmo,0001701605-23-000061
BKR,2023-10-25,amc,0001701605-23-000076
BKR,2024-01-23,amc,0001701605-24-000007
BKR,2024-04-23,amc,0001701605-24-000065
BKR,2024-07-25,amc,0001701605-24-000109
BKR,2024-10-22,amc,0001701605-24-000129
BKR,2025-01-30,amc,0001701605-25-000014
BKR,2025-04-22,amc,0001701605-25-000073
BKR,2025-07-22,amc,0001701605-25-000104
BKR,2025-10-23,amc,0001701605-25-000114
BKR,2026-01-26,bmo,0001701605-26-000003
BKR,2026-04-23,amc,0001701605-26-000012
BKR,2026-07-27,bmo,0001701605-26-000021
BMY,2019-07-25,bmo,0000014272-19-000158
BMY,2019-10-31,bmo,0000014272-19-000192
BMY,2020-02-06,bmo,0000014272-20-000075
BMY,2020-05-07,bmo,0000014272-20-000166
BMY,2020-08-06,bmo,0000014272-20-000227
BMY,2020-11-05,bmo,0000014272-20-000277
BMY,2021-02-04,bmo,0000014272-21-000058
BMY,2021-04-29,bmo,0000014272-21-000124
BMY,2021-07-28,bmo,0000014272-21-000184
BMY,2021-10-27,intraday,0000014272-21-000223
BMY,2022-02-04,bmo,0000014272-22-000047
BMY,2022-04-18,amc,0001140361-22-014868
BMY,2022-04-29,bmo,0000014272-22-000112
BMY,2022-07-27,bmo,0000014272-22-000164
BMY,2022-10-26,bmo,0000014272-22-000194
BMY,2023-02-02,bmo,0000014272-23-000018
BMY,2023-04-27,bmo,0000014272-23-000102
BMY,2023-07-27,bmo,0000014272-23-000150
BMY,2023-10-26,bmo,0000014272-23-000179
BMY,2024-02-02,bmo,0000014272-24-000020
BMY,2024-04-25,bmo,0000014272-24-000094
BMY,2024-07-26,bmo,0000014272-24-000121
BMY,2024-10-31,bmo,0000014272-24-000145
BMY,2025-02-06,bmo,0000014272-25-000037
BMY,2025-04-24,bmo,0000014272-25-000089
BMY,2025-07-31,bmo,0000014272-25-000129
BMY,2025-10-30,bmo,0000014272-25-000147
BMY,2026-02-05,bmo,0000014272-26-000002
BMY,2026-04-30,bmo,0000014272-26-000008
BMY,2026-07-30,bmo,0000014272-26-000018
BNY,2019-07-17,bmo,0001390777-19-000079
BNY,2019-10-16,bmo,0001390777-19-000103
BNY,2020-01-16,bmo,0001390777-20-000006
BNY,2020-04-16,bmo,0001390777-20-000050
BNY,2020-07-15,bmo,0001390777-20-000071
BNY,2020-10-16,bmo,0001390777-20-000089
BNY,2021-01-20,bmo,0001390777-21-000004
BNY,2021-04-16,bmo,0001390777-21-000045
BNY,2021-07-15,bmo,0001390777-21-000069
BNY,2021-10-19,bmo,0001390777-21-000094
BNY,2022-01-18,bmo,0001390777-22-000002
BNY,2022-04-18,bmo,0001390777-22-000048
BNY,2022-07-15,bmo,0001390777-22-000074
BNY,2022-10-17,bmo,0001390777-22-000100
BNY,2023-01-13,bmo,0001390777-23-000002
BNY,2023-04-18,bmo,0001390777-23-000042
BNY,2023-07-18,bmo,0001390777-23-000066
BNY,2023-10-17,bmo,0001390777-23-000088
BNY,2024-01-12,bmo,0001390777-24-000003
BNY,2024-04-16,bmo,0001390777-24-000061
BNY,2024-07-12,bmo,0001390777-24-000091
BNY,2024-10-11,bmo,0001390777-24-000115
BNY,2025-01-15,bmo,0001390777-25-000015
BNY,2025-04-11,bmo,0001390777-25-000056
BNY,2025-07-15,bmo,0001390777-25-000100
BNY,2025-10-16,bmo,0001390777-25-000144
BNY,2026-01-13,bmo,0001390777-26-000004
BNY,2026-04-16,bmo,0001390777-26-000042
BNY,2026-07-15,bmo,0001390777-26-000071
BRX,2019-07-29,amc,0001581068-19-000026
BRX,2019-10-28,amc,0001581068-19-000040
BRX,2020-02-10,amc,0001581068-20-000007
BRX,2020-05-07,amc,0001581068-20-000018
BRX,2020-08-03,amc,0001581068-20-000034
BRX,2020-11-04,amc,0001581068-20-000045
BRX,2021-02-11,amc,0001581068-21-000011
BRX,2021-05-03,amc,0001581068-21-000024
BRX,2021-08-02,amc,0001581068-21-000030
BRX,2021-11-01,amc,0001581068-21-000041
BRX,2022-02-07,amc,0001581068-22-000011
BRX,2022-05-02,amc,0001581068-22-000019
BRX,2022-08-01,amc,0001581068-22-000031
BRX,2022-11-01,amc,0001581068-22-000040
BRX,2023-02-13,amc,0001581068-23-000013
BRX,2023-05-01,amc,0001581068-23-000040
BRX,2023-07-31,amc,0001581068-23-000048
BRX,2023-10-30,amc,0001581068-23-000060
BRX,2024-02-12,amc,0001581068-24-000006
BRX,2024-04-29,amc,0001581068-24-000018
BRX,2024-07-29,amc,0001581068-24-000033
BRX,2024-10-28,amc,0001581068-24-000044
BRX,2025-02-10,amc,0001581068-25-000010
BRX,2025-04-28,amc,0001581068-25-000020
BRX,2025-07-28,amc,0001581068-25-000031
BRX,2025-10-27,amc,0001581068-25-000041
BRX,2026-02-09,amc,0001581068-26-000006
BRX,2026-04-27,amc,0001581068-26-000020
BRX,2026-07-27,amc,0001581068-26-000027
BSX,2019-07-24,bmo,0000885725-19-000038
BSX,2019-10-23,bmo,0000885725-19-000043
BSX,2020-01-14,bmo,0000885725-20-000003
BSX,2020-02-05,bmo,0000885725-20-000009
BSX,2020-03-30,bmo,0000885725-20-000014
BSX,2020-04-02,bmo,0000885725-20-000017
BSX,2020-04-29,bmo,0000885725-20-000019
BSX,2020-07-29,bmo,0000885725-20-000031
BSX,2020-10-28,bmo,0000885725-20-000041
BSX,2021-01-12,bmo,0000885725-21-000002
BSX,2021-02-03,bmo,0000885725-21-000006
BSX,2021-04-28,bmo,0000885725-21-000012
BSX,2021-07-27,bmo,0000885725-21-000028
BSX,2021-10-27,bmo,0000885725-21-000049
BSX,2022-02-02,bmo,0000885725-22-000002
BSX,2022-04-27,bmo,0000885725-22-000011
BSX,2022-07-27,bmo,0000885725-22-000020
BSX,2022-10-26,bmo,0000885725-22-000026
BSX,2023-02-01,bmo,0000885725-23-000004
BSX,2023-04-26,bmo,0000885725-23-000024
BSX,2023-07-27,bmo,0000885725-23-000041
BSX,2023-10-26,bmo,0000885725-23-000045
BSX,2024-01-31,bmo,0000885725-24-000011
BSX,2024-04-24,bmo,0000885725-24-000040
BSX,2024-07-24,bmo,0000885725-24-000060
BSX,2024-10-23,bmo,0000885725-24-000070
BSX,2025-02-05,bmo,0000885725-25-000007
BSX,2025-04-23,bmo,0000885725-25-000023
BSX,2025-07-23,bmo,0000885725-25-000039
BSX,2025-10-22,bmo,0000885725-25-000046
BSX,2026-02-04,bmo,0000885725-26-000006
BSX,2026-04-22,bmo,0000885725-26-000031
BSX,2026-07-29,bmo,0000885725-26-000051
BX,2019-07-18,bmo,0001193125-19-196021
BX,2019-10-23,bmo,0001193125-19-272054
BX,2020-01-30,bmo,0001193125-20-018999
BX,2020-04-23,bmo,0001193125-20-115857
BX,2020-07-23,bmo,0001193125-20-197440
BX,2020-10-28,bmo,0001193125-20-279107
BX,2021-01-27,bmo,0001193125-21-018371
BX,2021-04-22,bmo,0001193125-21-125573
BX,2021-07-22,bmo,0001193125-21-221349
BX,2021-10-21,bmo,0001193125-21-303506
BX,2022-01-27,bmo,0001193125-22-018975
BX,2022-04-21,bmo,0001193125-22-112056
BX,2022-07-21,bmo,0001193125-22-198472
BX,2022-10-20,bmo,0001193125-22-265690
BX,2023-01-26,bmo,0001193125-23-015663
BX,2023-04-20,bmo,0001193125-23-107336
BX,2023-07-20,bmo,0001193125-23-190073
BX,2023-10-19,bmo,0001193125-23-258911
BX,2024-01-25,bmo,0001193125-24-014831
BX,2024-04-18,bmo,0001193125-24-099867
BX,2024-07-18,bmo,0001193125-24-180721
BX,2024-10-17,bmo,0001193125-24-238418
BX,2025-01-30,bmo,0001193125-25-016236
BX,2025-04-17,bmo,0001193125-25-083472
BX,2025-07-24,bmo,0001193125-25-163805
BX,2025-10-23,bmo,0001193125-25-247643
BX,2026-01-29,bmo,0001193125-26-028145
BX,2026-04-23,bmo,0001193125-26-171788
BX,2026-07-23,bmo,0001193125-26-313250
BYND,2019-07-29,amc,0001655210-19-000067
BYND,2019-10-28,amc,0001655210-19-000110
BYND,2020-02-27,amc,0001655210-20-000023
BYND,2020-05-05,amc,0001655210-20-000088
BYND,2020-08-04,amc,0001655210-20-000172
BYND,2020-11-09,amc,0001655210-20-000231
BYND,2021-02-25,amc,0001655210-21-000028
BYND,2021-05-06,amc,0001655210-21-000076
BYND,2021-08-05,amc,0001655210-21-000171
BYND,2021-10-22,bmo,0001655210-21-000219
BYND,2021-11-10,amc,0001655210-21-000222
BYND,2022-02-24,amc,0001655210-22-000015
BYND,2022-05-11,amc,0001655210-22-000081
BYND,2022-08-04,amc,0001655210-22-000157
BYND,2022-10-14,bmo,0001655210-22-000206
BYND,2022-11-09,amc,0001655210-22-000223
BYND,2023-02-23,amc,0001655210-23-000011
BYND,2023-05-10,amc,0001655210-23-000091
BYND,2023-08-07,amc,0001655210-23-000194
BYND,2023-11-02,bmo,0001655210-23-000251
BYND,2023-11-08,amc,0001655210-23-000255
BYND,2024-02-27,amc,0001655210-24-000017
BYND,2024-05-08,amc,0001655210-24-000114
BYND,2024-08-07,amc,0001655210-24-000207
BYND,2024-11-06,amc,0001655210-24-000261
BYND,2025-02-26,amc,0001655210-25-000020
BYND,2025-05-07,amc,0001193125-25-115042
BYND,2025-08-06,amc,0001655210-25-000149
BYND,2025-10-24,bmo,0001655210-25-000201
BYND,2025-11-10,amc,0001655210-25-000207
BYND,2026-03-16,amc,0001655210-26-000010
BYND,2026-03-31,amc,0001655210-26-000016
BYND,2026-05-06,amc,0001655210-26-000033
BYND,2026-08-05,amc,0001655210-26-000053
C,2019-07-15,intraday,0001558370-19-006093
C,2019-10-15,bmo,0001144204-19-048230
C,2020-01-14,bmo,0001104659-20-003642
C,2020-04-15,bmo,0001104659-20-046612
C,2020-07-14,intraday,0001104659-20-083277
C,2020-10-13,intraday,0001104659-20-114299
C,2020-10-16,amc,0001104659-20-115678
C,2021-01-15,bmo,0001104659-21-004454
C,2021-07-14,bmo,0001104659-21-091913
C,2021-10-14,intraday,0001104659-21-126046
C,2022-01-14,intraday,0001104659-22-004263
C,2022-04-14,bmo,0001104659-22-045734
C,2022-07-15,bmo,0001104659-22-080048
C,2022-10-14,bmo,0001104659-22-108679
C,2023-01-13,intraday,0001104659-23-003663
C,2023-04-14,intraday,0001104659-23-045385
C,2023-07-14,bmo,0001104659-23-081050
C,2023-10-13,bmo,0001104659-23-108987
C,2024-01-10,amc,0001104659-24-002981
C,2024-01-12,intraday,0001104659-24-003564
C,2024-04-12,intraday,0001104659-24-046583
C,2024-10-15,intraday,0001104659-24-108431
C,2025-01-15,intraday,0001104659-25-003638
C,2025-04-15,intraday,0001104659-25-034974
C,2025-07-15,intraday,0001410578-25-001455
C,2025-10-14,intraday,0001104659-25-099097
C,2026-01-14,intraday,0001104659-26-003604
C,2026-04-14,intraday,0001104659-26-042942
C,2026-07-14,intraday,0001104659-26-083383
CAG,2019-06-27,bmo,0001193125-19-183460
CAG,2019-09-23,amc,0001193125-19-252356
CAG,2019-09-26,bmo,0001193125-19-255193
CAG,2019-12-19,bmo,0001193125-19-318260
CAG,2020-03-31,bmo,0001193125-20-091897
CAG,2020-06-30,bmo,0001193125-20-183317
CAG,2021-01-07,bmo,0001564590-21-000489
CAG,2021-04-08,bmo,0001564590-21-018079
CAG,2021-07-13,bmo,0001564590-21-036361
CAG,2021-10-07,bmo,0001564590-21-050369
CAG,2022-01-06,bmo,0001564590-22-000480
CAG,2022-04-07,bmo,0001564590-22-013753
CAG,2022-07-14,bmo,0001437749-22-017097
CAG,2022-10-06,bmo,0001437749-22-023728
CAG,2023-01-05,bmo,0001437749-23-000399
CAG,2023-04-05,bmo,0001437749-23-009426
CAG,2023-07-13,bmo,0001437749-23-019832
CAG,2023-10-05,bmo,0001437749-23-027741
CAG,2024-01-04,bmo,0001437749-24-000509
CAG,2024-04-04,bmo,0001437749-24-011000
CAG,2024-07-11,bmo,0001558370-24-009749
CAG,2024-10-02,bmo,0001558370-24-013121
CAG,2024-12-19,bmo,0001558370-24-016370
CAG,2025-04-03,bmo,0000023217-25-000011
CAG,2025-07-10,bmo,0000023217-25-000039
CAG,2025-10-01,bmo,0000023217-25-000083
CAG,2025-12-19,bmo,0000023217-25-000094
CAG,2026-04-01,bmo,0000023217-26-000010
CAG,2026-07-15,bmo,0000023217-26-000022
CAH,2019-07-16,bmo,0000721371-19-000051
CAH,2019-08-08,bmo,0000721371-19-000061
CAH,2019-11-07,bmo,0000721371-19-000125
CAH,2020-01-30,amc,0000721371-20-000015
CAH,2020-02-06,bmo,0000721371-20-000019
CAH,2020-05-11,bmo,0000721371-20-000042
CAH,2020-08-06,bmo,0000721371-20-000086
CAH,2020-11-05,bmo,0000721371-20-000129
CAH,2021-02-05,bmo,0000721371-21-000008
CAH,2021-05-06,bmo,0000721371-21-000038
CAH,2021-08-05,bmo,0000721371-21-000059
CAH,2021-11-09,bmo,0000721371-21-000114
CAH,2022-02-03,bmo,0000721371-22-000011
CAH,2022-05-05,bmo,0000721371-22-000030
CAH,2022-08-11,bmo,0000721371-22-000054
CAH,2022-11-04,bmo,0000721371-22-000131
CAH,2023-02-02,bmo,0000721371-23-000005
CAH,2023-05-04,bmo,0001193125-23-135011
CAH,2023-08-15,bmo,0000721371-23-000058
CAH,2023-11-03,bmo,0000721371-23-000083
CAH,2024-01-09,bmo,0000721371-24-000005
CAH,2024-02-01,bmo,0001628280-24-002805
CAH,2024-05-02,bmo,0000721371-24-000036
CAH,2024-08-14,bmo,0000721371-24-000054
CAH,2024-11-01,bmo,0000721371-24-000119
CAH,2025-01-30,bmo,0000721371-25-000009
CAH,2025-05-01,bmo,0000721371-25-000036
CAH,2025-08-12,bmo,0000721371-25-000075
CAH,2025-10-30,bmo,0000721371-25-000128
CAH,2026-02-05,bmo,0000721371-26-000004
CAH,2026-04-30,bmo,0000721371-26-000017
CC,2019-08-01,amc,0001564590-19-027990
CC,2019-11-04,amc,0001564590-19-039879
CC,2020-02-13,amc,0001564590-20-004616
CC,2020-05-05,amc,0001564590-20-021322
CC,2020-07-31,amc,0001564590-20-034894
CC,2020-11-03,amc,0001564590-20-050012
CC,2021-02-11,amc,0001564590-21-005566
CC,2021-05-03,amc,0001564590-21-022841
CC,2021-07-29,amc,0001564590-21-039175
CC,2021-11-04,amc,0001564590-21-054548
CC,2022-02-10,amc,0001564590-22-004618
CC,2022-05-02,amc,0001564590-22-017071
CC,2022-07-28,amc,0001564590-22-026892
CC,2022-10-25,amc,0000950170-22-020022
CC,2023-02-09,amc,0000950170-23-002368
CC,2023-04-27,amc,0000950170-23-015291
CC,2023-07-28,amc,0000950170-23-035275
CC,2023-10-26,amc,0000950170-23-055626
CC,2024-02-29,bmo,0001193125-24-051940
CC,2024-03-28,amc,0000950170-24-037412
CC,2024-04-30,amc,0000950170-24-050569
CC,2024-08-01,amc,0000950170-24-089310
CC,2024-11-04,bmo,0000950170-24-120258
CC,2025-02-18,bmo,0000950170-25-021779
CC,2025-05-06,amc,0000950170-25-064539
CC,2025-08-05,amc,0000950170-25-103204
CC,2025-11-06,amc,0001193125-25-269744
CC,2026-02-19,amc,0001193125-26-059564
CC,2026-05-05,amc,0001627223-26-000010
CC,2026-08-04,amc,0001627223-26-000021
CCL,2019-06-20,bmo,0000815097-19-000014
CCL,2019-09-26,bmo,0000815097-19-000032
CCL,2019-12-20,bmo,0000815097-19-000039
CCL,2020-03-19,amc,0000815097-20-000007
CCL,2020-03-31,bmo,0000950142-20-000946
CCL,2020-06-18,bmo,0000815097-20-000040
CCL,2020-07-10,bmo,0000815097-20-000056
CCL,2020-09-15,bmo,0000815097-20-000074
CCL,2020-10-08,bmo,0000815097-20-000103
CCL,2021-01-11,bmo,0000815097-21-000016
CCL,2021-04-07,bmo,0000815097-21-000050
CCL,2021-06-24,bmo,0000815097-21-000070
CCL,2021-09-24,bmo,0000815097-21-000088
CCL,2021-12-20,bmo,0000815097-21-000105
CCL,2022-03-22,bmo,0000815097-22-000018
CCL,2022-06-24,bmo,0000815097-22-000044
CCL,2022-09-30,bmo,0000815097-22-000071
CCL,2022-12-21,bmo,0000815097-22-000081
CCL,2023-03-27,bmo,0000815097-23-000030
CCL,2023-06-26,bmo,0000815097-23-000045
CCL,2023-09-29,bmo,0000815097-23-000062
CCL,2023-12-21,bmo,0000815097-23-000071
CCL,2024-03-27,bmo,0000815097-24-000033
CCL,2024-06-25,bmo,0000815097-24-000052
CCL,2024-09-30,bmo,0000815097-24-000069
CCL,2024-12-20,bmo,0000815097-24-000078
CCL,2025-03-21,bmo,0000815097-25-000019
CCL,2025-06-24,bmo,0000815097-25-000047
CCL,2025-09-29,bmo,0000815097-25-000082
CCL,2025-12-19,bmo,0001628280-25-058106
CCL,2026-03-27,bmo,0000815097-26-000034
CCL,2026-06-23,bmo,0000815097-26-000086
CF,2019-07-31,amc,0001104659-19-043009
CF,2019-07-31,amc,0001324404-19-000016
CF,2019-10-30,amc,0001104659-19-057897
CF,2019-10-30,amc,0001324404-19-000021
CF,2020-02-12,amc,0001324404-20-000002
CF,2020-02-13,amc,0001104659-20-019476
CF,2020-05-06,amc,0001324404-20-000010
CF,2020-05-07,bmo,0001104659-20-057641
CF,2020-08-05,amc,0001104659-20-090923
CF,2020-08-05,amc,0001324404-20-000017
CF,2020-11-04,amc,0001104659-20-121424
CF,2020-11-04,amc,0001324404-20-000023
CF,2021-02-17,amc,0001324404-21-000004
CF,2021-02-18,amc,0001104659-21-024963
CF,2021-05-05,amc,0001324404-21-000011
CF,2021-05-06,amc,0001104659-21-061883
CF,2021-08-09,amc,0001324404-21-000020
CF,2021-08-10,amc,0001104659-21-102325
CF,2021-11-04,amc,0001104659-21-133868
CF,2021-11-04,amc,0001324404-21-000030
CF,2022-02-15,amc,0001324404-22-000004
CF,2022-02-16,amc,0001104659-22-024015
CF,2022-05-04,amc,0001324404-22-000014
CF,2022-05-05,amc,0001104659-22-055931
CF,2022-08-01,amc,0001104659-22-084736
CF,2022-08-01,amc,0001324404-22-000020
CF,2022-11-02,amc,0001104659-22-114033
CF,2022-11-02,amc,0001324404-22-000026
CF,2023-02-15,amc,0001104659-23-022431
CF,2023-02-15,amc,0001324404-23-000003
CF,2023-05-01,amc,0001104659-23-054477
CF,2023-05-01,amc,0001324404-23-000010
CF,2023-08-02,amc,0001104659-23-086877
CF,2023-08-02,amc,0001324404-23-000017
CF,2023-11-01,amc,0001104659-23-113430
CF,2023-11-01,amc,0001324404-23-000022
CF,2024-02-14,amc,0001104659-24-024069
CF,2024-02-14,amc,0001324404-24-000003
CF,2024-05-01,amc,0001104659-24-055837
CF,2024-05-01,amc,0001324404-24-000012
CF,2024-08-07,amc,0001104659-24-086801
CF,2024-08-07,amc,0001324404-24-000018
CF,2024-10-30,amc,0001104659-24-112673
CF,2024-10-30,amc,0001324404-24-000024
CF,2025-02-19,amc,0001104659-25-015219
CF,2025-02-19,amc,0001324404-25-000004
CF,2025-05-07,amc,0001104659-25-045606
CF,2025-05-07,amc,0001324404-25-000013
CF,2025-08-06,amc,0001104659-25-074767
CF,2025-08-06,amc,0001324404-25-000022
CF,2025-11-05,amc,0001104659-25-107103
CF,2025-11-05,amc,0001324404-25-000028
CF,2026-02-18,amc,0001104659-26-017110
CF,2026-02-18,amc,0001324404-26-000003
CF,2026-05-06,amc,0001104659-26-056338
CF,2026-05-06,amc,0001324404-26-000011
CF,2026-08-05,amc,0001104659-26-091275
CF,2026-08-05,amc,0001324404-26-000017
CFG,2019-07-19,bmo,0001193125-19-197139
CFG,2019-10-18,bmo,0001193125-19-269666
CFG,2020-01-17,bmo,0001193125-20-009469
CFG,2020-04-17,bmo,0001193125-20-110023
CFG,2020-07-17,bmo,0001193125-20-194409
CFG,2020-10-16,bmo,0001193125-20-270685
CFG,2021-01-20,bmo,0001193125-21-011878
CFG,2021-04-16,bmo,0000759944-21-000049
CFG,2021-07-20,bmo,0000759944-21-000099
CFG,2021-10-20,bmo,0000759944-21-000141
CFG,2022-01-19,bmo,0000759944-22-000003
CFG,2022-04-19,bmo,0000759944-22-000070
CFG,2022-07-19,bmo,0000759944-22-000116
CFG,2022-10-19,bmo,0000759944-22-000136
CFG,2023-01-17,bmo,0000759944-23-000005
CFG,2023-04-19,bmo,0000759944-23-000058
CFG,2023-07-19,bmo,0000759944-23-000112
CFG,2023-10-18,bmo,0000759944-23-000143
CFG,2024-01-17,bmo,0000759944-24-000005
CFG,2024-04-17,bmo,0000759944-24-000060
CFG,2024-07-17,bmo,0000759944-24-000138
CFG,2024-10-16,bmo,0000759944-24-000170
CFG,2025-01-17,bmo,0000759944-25-000005
CFG,2025-04-16,bmo,0000759944-25-000051
CFG,2025-07-17,bmo,0000759944-25-000099
CFG,2025-10-15,bmo,0000759944-25-000139
CFG,2026-01-21,bmo,0000759944-26-000017
CFG,2026-04-16,bmo,0000759944-26-000070
CFG,2026-07-16,bmo,0000759944-26-000133
CIEN,2019-09-05,bmo,0000936395-19-000036
CIEN,2019-12-12,bmo,0000936395-19-000051
CIEN,2020-03-05,bmo,0000936395-20-000006
CIEN,2020-06-04,bmo,0000936395-20-000025
CIEN,2020-09-03,bmo,0000936395-20-000033
CIEN,2020-12-10,bmo,0000936395-20-000038
CIEN,2021-03-04,bmo,0000936395-21-000006
CIEN,2021-06-03,bmo,0000936395-21-000027
CIEN,2021-09-02,bmo,0000936395-21-000036
CIEN,2021-12-09,bmo,0000936395-21-000048
CIEN,2022-02-15,bmo,0000936395-22-000016
CIEN,2022-03-07,bmo,0000936395-22-000024
CIEN,2022-06-02,bmo,0000936395-22-000042
CIEN,2022-09-01,bmo,0000936395-22-000049
CIEN,2022-12-08,bmo,0000936395-22-000058
CIEN,2023-03-06,bmo,0000936395-23-000009
CIEN,2023-06-06,bmo,0000936395-23-000024
CIEN,2023-08-31,bmo,0000936395-23-000030
CIEN,2023-12-07,bmo,0000936395-23-000041
CIEN,2024-03-07,bmo,0000936395-24-000006
CIEN,2024-06-06,bmo,0000936395-24-000022
CIEN,2024-09-04,bmo,0000936395-24-000030
CIEN,2024-12-12,bmo,0000936395-24-000037
CIEN,2025-03-11,bmo,0000936395-25-000005
CIEN,2025-06-05,bmo,0000936395-25-000023
CIEN,2025-09-04,bmo,0000936395-25-000037
CIEN,2025-12-11,bmo,0001628280-25-056425
CIEN,2026-03-05,bmo,0001628280-26-015006
CIEN,2026-06-04,bmo,0001628280-26-040614
CL,2019-07-26,bmo,0001157523-19-001594
CL,2019-11-01,bmo,0001157523-19-002168
CL,2020-01-31,bmo,0001157523-20-000130
CL,2020-05-01,bmo,0001157523-20-000631
CL,2020-07-31,bmo,0001157523-20-001092
CL,2020-10-30,bmo,0001157523-20-001396
CL,2021-01-29,bmo,0001157523-21-000105
CL,2021-04-30,bmo,0001157523-21-000553
CL,2021-07-30,bmo,0001157523-21-000956
CL,2021-10-29,bmo,0001157523-21-001285
CL,2022-01-28,bmo,0001157523-22-000117
CL,2022-04-29,bmo,0001157523-22-000509
CL,2022-07-29,bmo,0001157523-22-000958
CL,2022-10-28,bmo,0001157523-22-001421
CL,2023-01-27,bmo,0001157523-23-000106
CL,2023-04-28,bmo,0001157523-23-000642
CL,2023-07-28,bmo,0001157523-23-001178
CL,2023-10-27,bmo,0001157523-23-001562
CL,2024-01-26,bmo,0001157523-24-000119
CL,2024-04-26,bmo,0000021665-24-000014
CL,2024-07-26,bmo,0000021665-24-000029
CL,2025-01-31,bmo,0000021665-25-000005
CL,2025-04-25,bmo,0000021665-25-000019
CL,2025-08-01,bmo,0000021665-25-000040
CL,2025-10-31,bmo,0000021665-25-000052
CL,2026-01-30,bmo,0000021665-26-000003
CL,2026-05-01,bmo,0000021665-26-000022
CL,2026-07-31,bmo,0000021665-26-000041
CMCSA,2019-07-25,bmo,0001410578-19-000556
CMCSA,2019-10-24,bmo,0001104659-19-055976
CMCSA,2020-01-23,bmo,0001166691-20-000003
CMCSA,2020-04-30,bmo,0001166691-20-000015
CMCSA,2020-07-30,bmo,0001166691-20-000022
CMCSA,2020-10-29,bmo,0001166691-20-000030
CMCSA,2021-01-28,bmo,0001166691-21-000004
CMCSA,2021-04-29,bmo,0001166691-21-000018
CMCSA,2021-07-29,bmo,0001166691-21-000027
CMCSA,2021-10-28,bmo,0001166691-21-000034
CMCSA,2022-01-27,bmo,0001166691-22-000004
CMCSA,2022-04-28,bmo,0001166691-22-000016
CMCSA,2022-07-28,bmo,0001166691-22-000027
CMCSA,2022-10-27,bmo,0001166691-22-000037
CMCSA,2023-01-26,bmo,0001166691-23-000005
CMCSA,2023-04-27,bmo,0001166691-23-000020
CMCSA,2023-07-27,bmo,0001166691-23-000029
CMCSA,2023-10-26,bmo,0001166691-23-000037
CMCSA,2024-01-25,bmo,0001166691-24-000005
CMCSA,2024-04-25,bmo,0001166691-24-000028
CMCSA,2024-07-23,bmo,0001166691-24-000046
CMCSA,2024-10-31,bmo,0001166691-24-000054
CMCSA,2025-01-30,bmo,0001166691-25-000006
CMCSA,2025-04-24,bmo,0001166691-25-000018
CMCSA,2025-07-31,bmo,0001166691-25-000034
CMCSA,2025-10-30,bmo,0001166691-25-000052
CMCSA,2026-01-29,bmo,0001628280-26-003964
CMCSA,2026-04-23,bmo,0001628280-26-026685
CMCSA,2026-07-23,bmo,0001628280-26-049274
CMG,2019-07-23,amc,0001058090-19-000027
CMG,2019-10-22,amc,0001058090-19-000035
CMG,2020-02-04,amc,0001058090-20-000008
CMG,2020-04-21,amc,0001058090-20-000015
CMG,2020-07-22,amc,0001058090-20-000026
CMG,2020-10-21,amc,0001058090-20-000035
CMG,2021-02-02,amc,0001058090-21-000005
CMG,2021-04-21,amc,0001058090-21-000014
CMG,2021-07-20,amc,0001058090-21-000033
CMG,2021-10-21,amc,0001058090-21-000044
CMG,2022-02-08,amc,0001058090-22-000005
CMG,2022-04-26,amc,0001058090-22-000023
CMG,2022-07-26,amc,0001058090-22-000033
CMG,2022-10-25,amc,0001058090-22-000041
CMG,2023-02-07,amc,0001058090-23-000005
CMG,2023-04-25,amc,0001058090-23-000015
CMG,2023-07-26,amc,0001058090-23-000026
CMG,2023-10-26,amc,0001058090-23-000039
CMG,2024-02-06,amc,0001058090-24-000006
CMG,2024-04-24,amc,0001058090-24-000012
CMG,2024-07-24,amc,0001058090-24-000030
CMG,2024-10-29,amc,0001058090-24-000048
CMG,2025-02-04,amc,0001058090-25-000008
CMG,2025-04-23,amc,0001058090-25-000028
CMG,2025-07-23,amc,0001058090-25-000055
CMG,2025-10-29,amc,0001058090-25-000086
CMG,2026-02-03,amc,0001058090-26-000007
CMG,2026-04-29,amc,0001058090-26-000027
CMG,2026-07-29,amc,0001058090-26-000063
CNC,2019-07-23,amc,0001071739-19-000081
CNC,2019-10-22,bmo,0001071739-19-000102
CNC,2020-01-13,bmo,0001071739-20-000014
CNC,2020-02-04,amc,0001071739-20-000033
CNC,2020-04-28,bmo,0001071739-20-000119
CNC,2020-07-28,amc,0001071739-20-000191
CNC,2020-10-27,amc,0001071739-20-000228
CNC,2021-02-09,amc,0001071739-21-000023
CNC,2021-04-27,amc,0001071739-21-000093
CNC,2021-07-27,amc,0001071739-21-000184
CNC,2021-10-26,amc,0001071739-21-000227
CNC,2022-02-08,amc,0001071739-22-000047
CNC,2022-04-26,amc,0001071739-22-000178
CNC,2022-07-26,amc,0001071739-22-000287
CNC,2022-10-25,amc,0001071739-22-000362
CNC,2023-02-07,amc,0001071739-23-000024
CNC,2023-04-25,amc,0001071739-23-000114
CNC,2023-07-28,amc,0001071739-23-000182
CNC,2023-10-24,amc,0001071739-23-000211
CNC,2024-02-06,amc,0001071739-24-000018
CNC,2024-04-26,amc,0001071739-24-000098
CNC,2024-07-23,bmo,0001071739-24-000151
CNC,2024-07-26,amc,0001071739-24-000158
CNC,2024-10-25,amc,0001071739-24-000201
CNC,2025-02-04,amc,0001071739-25-000013
CNC,2025-04-25,amc,0001071739-25-000087
CNC,2025-07-01,amc,0001071739-25-000128
CNC,2025-07-25,amc,0001071739-25-000151
CNC,2025-10-29,amc,0001071739-25-000185
CNC,2026-02-06,amc,0001071739-26-000031
CNC,2026-04-28,amc,0001071739-26-000099
CNC,2026-07-28,amc,0001071739-26-000154
CNP,2019-08-07,bmo,0001130310-19-000029
CNP,2019-11-07,bmo,0001130310-19-000043
CNP,2020-02-21,amc,0001130310-20-000010
CNP,2020-02-27,bmo,0001130310-20-000017
CNP,2020-05-07,bmo,0001130310-20-000045
CNP,2020-08-06,bmo,0001130310-20-000085
CNP,2020-11-05,bmo,0001130310-20-000099
CNP,2021-02-25,bmo,0001193125-21-055623
CNP,2021-05-06,bmo,0001193125-21-152414
CNP,2021-08-05,bmo,0001193125-21-236917
CNP,2021-11-04,bmo,0001130310-21-000052
CNP,2022-02-22,bmo,0001130310-22-000025
CNP,2022-05-03,bmo,0001130310-22-000065
CNP,2022-08-02,bmo,0001130310-22-000104
CNP,2022-11-01,bmo,0001130310-22-000124
CNP,2023-02-17,bmo,0001130310-23-000014
CNP,2023-04-27,bmo,0001130310-23-000062
CNP,2023-07-27,bmo,0001130310-23-000111
CNP,2023-10-26,bmo,0001130310-23-000148
CNP,2024-02-20,bmo,0001130310-24-000011
CNP,2024-04-30,bmo,0001130310-24-000067
CNP,2024-07-30,bmo,0001130310-24-000094
CNP,2024-10-28,bmo,0001130310-24-000117
CNP,2025-02-20,bmo,0001130310-25-000043
CNP,2025-04-24,bmo,0001130310-25-000080
CNP,2025-07-24,bmo,0001130310-25-000114
CNP,2025-10-23,bmo,0001130310-25-000138
CNP,2026-02-19,bmo,0001130310-26-000010
CNP,2026-04-23,bmo,0001104659-26-047123
CNP,2026-07-28,bmo,0001104659-26-087279
COF,2019-07-18,amc,0000927628-19-000248
COF,2019-10-24,amc,0000927628-19-000303
COF,2020-01-21,amc,0000927628-20-000008
COF,2020-04-23,amc,0000927628-20-000167
COF,2020-07-21,amc,0000927628-20-000231
COF,2020-10-22,amc,0000927628-20-000275
COF,2021-01-26,amc,0000927628-21-000015
COF,2021-04-27,amc,0000927628-21-000158
COF,2021-07-22,amc,0000927628-21-000244
COF,2021-10-26,amc,0000927628-21-000296
COF,2022-01-25,amc,0000927628-22-000009
COF,2022-04-26,amc,0000927628-22-000152
COF,2022-07-21,amc,0000927628-22-000236
COF,2022-10-27,amc,0000927628-22-000291
COF,2023-01-24,amc,0000927628-23-000014
COF,2023-04-27,amc,0000927628-23-000156
COF,2023-07-20,amc,0000927628-23-000231
COF,2023-10-26,amc,0000927628-23-000284
COF,2024-01-25,amc,0000927628-24-000008
COF,2024-04-25,amc,0000927628-24-000158
COF,2024-07-23,amc,0000927628-24-000253
COF,2024-10-24,amc,0000927628-24-000296
COF,2025-01-21,amc,0000927628-25-000008
COF,2025-04-22,amc,0000927628-25-000130
COF,2025-07-22,amc,0000927628-25-000240
COF,2025-10-21,amc,0000927628-25-000267
COF,2026-01-22,amc,0001193125-26-019444
COF,2026-04-21,amc,0000927628-26-000039
COF,2026-07-21,amc,0000927628-26-000083
COP,2019-07-30,bmo,0001157523-19-001619
COP,2019-10-29,bmo,0001157523-19-002117
COP,2020-02-04,bmo,0001157523-20-000143
COP,2020-04-30,bmo,0001157523-20-000612
COP,2020-07-30,bmo,0001157523-20-001070
COP,2020-10-29,bmo,0001157523-20-001371
COP,2021-02-02,bmo,0001157523-21-000121
COP,2021-05-04,bmo,0001157523-21-000576
COP,2021-08-03,bmo,0001157523-21-000976
COP,2021-11-02,bmo,0001157523-21-001302
COP,2022-02-03,bmo,0001157523-22-000144
COP,2022-05-05,bmo,0001157523-22-000566
COP,2022-08-04,bmo,0001157523-22-001029
COP,2022-11-03,bmo,0001157523-22-001504
COP,2023-02-02,bmo,0001157523-23-000152
COP,2023-05-04,bmo,0001157523-23-000730
COP,2023-08-03,bmo,0001157523-23-001246
COP,2023-11-02,bmo,0001163165-23-000029
COP,2024-02-08,bmo,0001163165-24-000004
COP,2024-05-02,bmo,0001163165-24-000018
COP,2024-08-01,bmo,0001163165-24-000034
COP,2024-10-31,bmo,0001163165-24-000049
COP,2025-02-06,bmo,0001163165-25-000006
COP,2025-05-08,bmo,0001163165-25-000023
COP,2025-08-07,bmo,0001163165-25-000040
COP,2025-11-06,bmo,0001163165-25-000056
COP,2026-02-05,bmo,0001163165-26-000005
COP,2026-04-30,bmo,0001163165-26-000016
COP,2026-08-06,bmo,0001163165-26-000030
COTY,2019-08-28,bmo,0001024305-19-000095
COTY,2019-11-06,bmo,0001024305-19-000124
COTY,2020-02-05,bmo,0001024305-20-000011
COTY,2020-05-11,amc,0001024305-20-000048
COTY,2020-08-27,bmo,0001024305-20-000081
COTY,2020-11-06,bmo,0001024305-20-000105
COTY,2021-02-09,bmo,0001024305-21-000013
COTY,2021-04-15,bmo,0001193125-21-117150
COTY,2021-05-10,bmo,0001024305-21-000037
COTY,2021-08-26,bmo,0001024305-21-000058
COTY,2021-11-08,bmo,0001024305-21-000089
COTY,2022-02-08,bmo,0001024305-22-000005
COTY,2022-05-09,bmo,0001024305-22-000024
COTY,2022-08-25,bmo,0001024305-22-000050
COTY,2022-11-08,bmo,0001024305-22-000079
COTY,2023-02-08,bmo,0001024305-23-000008
COTY,2023-05-09,bmo,0001024305-23-000034
COTY,2023-07-06,amc,0001024305-23-000048
COTY,2023-07-19,bmo,0001193125-23-189224
COTY,2023-08-22,bmo,0001024305-23-000057
COTY,2023-11-07,amc,0001024305-23-000098
COTY,2024-02-07,amc,0001024305-24-000003
COTY,2024-05-06,amc,0001024305-24-000021
COTY,2024-08-20,amc,0001024305-24-000034
COTY,2024-10-15,amc,0001024305-24-000051
COTY,2024-11-06,amc,0001024305-24-000070
COTY,2025-02-10,amc,0001024305-25-000006
COTY,2025-05-06,amc,0001024305-25-000015
COTY,2025-08-20,amc,0001024305-25-000027
COTY,2025-11-05,amc,0001024305-25-000064
COTY,2026-02-05,amc,0001024305-26-000013
COTY,2026-05-05,amc,0001024305-26-000028
CPRI,2019-08-07,bmo,0001530721-19-000063
CPRI,2019-11-06,bmo,0001530721-19-000079
CPRI,2020-02-05,bmo,0001530721-20-000004
CPRI,2020-03-23,amc,0001193125-20-082490
CPRI,2020-07-01,bmo,0001530721-20-000055
CPRI,2020-08-05,bmo,0001530721-20-000072
CPRI,2020-11-05,bmo,0001530721-20-000093
CPRI,2021-02-03,bmo,0001530721-21-000007
CPRI,2021-05-26,bmo,0001530721-21-000050
CPRI,2021-07-30,bmo,0001530721-21-000139
CPRI,2021-11-03,bmo,0001530721-21-000175
CPRI,2022-02-02,bmo,0001530721-22-000009
CPRI,2022-06-01,bmo,0001530721-22-000050
CPRI,2022-08-09,bmo,0001530721-22-000127
CPRI,2022-11-09,bmo,0001530721-22-000150
CPRI,2023-02-08,bmo,0001530721-23-000029
CPRI,2023-05-31,bmo,0001530721-23-000082
CPRI,2023-08-10,amc,0001530721-23-000172
CPRI,2023-11-09,amc,0001530721-23-000193
CPRI,2024-02-08,amc,0001530721-24-000016
CPRI,2024-05-29,amc,0001530721-24-000040
CPRI,2024-08-08,amc,0001530721-24-000095
CPRI,2024-11-07,amc,0001530721-24-000124
CPRI,2025-02-05,bmo,0001530721-25-000012
CPRI,2025-05-28,bmo,0001530721-25-000046
CPRI,2025-08-06,bmo,0001530721-25-000105
CPRI,2025-11-04,bmo,0001530721-25-000140
CPRI,2026-02-03,bmo,0001530721-26-000009
CPRI,2026-05-27,bmo,0001530721-26-000044
CPRI,2026-08-05,bmo,0001530721-26-000078
CPRT,2019-09-05,amc,0000900075-19-000017
CPRT,2019-11-21,amc,0000900075-19-000025
CPRT,2020-02-20,amc,0000900075-20-000004
CPRT,2020-05-21,amc,0000900075-20-000010
CPRT,2020-09-03,amc,0000900075-20-000017
CPRT,2020-11-18,amc,0000900075-20-000025
CPRT,2021-02-18,amc,0000900075-21-000004
CPRT,2021-05-19,amc,0000900075-21-000011
CPRT,2021-09-08,amc,0000900075-21-000017
CPRT,2021-11-17,amc,0000900075-21-000026
CPRT,2022-02-16,amc,0000900075-22-000005
CPRT,2022-05-19,amc,0000900075-22-000026
CPRT,2022-09-07,amc,0000900075-22-000044
CPRT,2022-11-17,amc,0000900075-22-000059
CPRT,2023-02-21,bmo,0000900075-23-000004
CPRT,2023-05-17,amc,0000900075-23-000017
CPRT,2023-09-14,amc,0000900075-23-000027
CPRT,2023-11-16,amc,0000900075-23-000037
CPRT,2024-02-22,amc,0000900075-24-000004
CPRT,2024-05-16,amc,0000900075-24-000011
CPRT,2024-09-04,amc,0000900075-24-000019
CPRT,2024-11-21,amc,0000900075-24-000027
CPRT,2025-02-20,amc,0000900075-25-000003
CPRT,2025-05-22,amc,0001628280-25-027262
CPRT,2025-09-04,amc,0000900075-25-000017
CPRT,2025-11-20,amc,0001193125-25-289803
CPRT,2026-02-19,amc,0001193125-26-059440
CPRT,2026-05-21,amc,0001193125-26-234447
CRWD,2019-07-18,amc,0001558370-19-006148
CRWD,2019-09-05,amc,0001558370-19-008509
CRWD,2019-12-05,amc,0001535527-19-000007
CRWD,2020-03-19,amc,0001535527-20-000004
CRWD,2020-06-02,amc,0001535527-20-000010
CRWD,2020-09-02,amc,0001535527-20-000017
CRWD,2020-12-02,amc,0001535527-20-000023
CRWD,2021-03-16,amc,0001535527-21-000005
CRWD,2021-06-03,amc,0001535527-21-000011
CRWD,2021-08-31,amc,0001535527-21-000017
CRWD,2021-12-01,amc,0001535527-21-000026
CRWD,2022-03-09,amc,0001535527-22-000004
CRWD,2022-06-02,amc,0001535527-22-000010
CRWD,2022-08-30,amc,0001535527-22-000016
CRWD,2022-11-29,amc,0001535527-22-000023
CRWD,2023-03-07,amc,0001535527-23-000006
CRWD,2023-05-31,amc,0001535527-23-000012
CRWD,2023-08-30,amc,0001535527-23-000018
CRWD,2023-11-28,amc,0001535527-23-000024
CRWD,2024-03-05,amc,0001535527-24-000004
CRWD,2024-06-04,amc,0001535527-24-000011
CRWD,2024-08-28,amc,0001535527-24-000017
CRWD,2024-11-26,amc,0001535527-24-000024
CRWD,2025-03-04,amc,0001535527-25-000005
CRWD,2025-05-07,bmo,0001104659-25-045244
CRWD,2025-06-03,amc,0001535527-25-000017
CRWD,2025-08-27,amc,0001535527-25-000023
CRWD,2025-12-02,amc,0001535527-25-000030
CRWD,2026-03-03,amc,0001535527-26-000007
CRWD,2026-06-03,amc,0001535527-26-000022
CSCO,2019-08-14,amc,0001193125-19-221195
CSCO,2019-11-13,amc,0001193125-19-291002
CSCO,2020-02-12,amc,0001193125-20-033208
CSCO,2020-05-13,amc,0001193125-20-141598
CSCO,2020-08-12,amc,0001193125-20-217658
CSCO,2020-11-12,amc,0001193125-20-291658
CSCO,2021-02-09,amc,0001193125-21-034339
CSCO,2021-05-19,amc,0001193125-21-166614
CSCO,2021-08-18,amc,0001193125-21-250360
CSCO,2021-11-17,amc,0001193125-21-332467
CSCO,2022-02-16,amc,0001193125-22-044372
CSCO,2022-05-18,amc,0001193125-22-154039
CSCO,2022-08-17,amc,0001193125-22-223250
CSCO,2022-11-16,amc,0001193125-22-286782
CSCO,2023-02-15,amc,0001193125-23-040212
CSCO,2023-05-17,amc,0001193125-23-147021
CSCO,2023-08-16,amc,0001193125-23-214316
CSCO,2023-11-15,amc,0001193125-23-277891
CSCO,2024-02-14,amc,0001193125-24-036201
CSCO,2024-05-15,amc,0001193125-24-139371
CSCO,2024-08-14,amc,0001193125-24-200636
CSCO,2024-11-13,amc,0001193125-24-257224
CSCO,2025-02-12,amc,0001193125-25-025114
CSCO,2025-05-14,amc,0001193125-25-119864
CSCO,2025-08-13,amc,0001193125-25-179820
CSCO,2025-11-12,amc,0001193125-25-277624
CSCO,2026-02-11,amc,0000858877-26-000006
CSCO,2026-05-13,amc,0000858877-26-000075
CSGP,2019-07-23,amc,0001057352-19-000063
CSGP,2019-10-22,amc,0001057352-19-000092
CSGP,2020-02-25,amc,0001057352-20-000033
CSGP,2020-04-28,amc,0001057352-20-000068
CSGP,2020-07-28,amc,0001057352-20-000089
CSGP,2020-10-27,amc,0001057352-20-000123
CSGP,2021-02-23,amc,0001057352-21-000028
CSGP,2021-04-27,amc,0001057352-21-000065
CSGP,2021-07-27,amc,0001057352-21-000077
CSGP,2021-10-26,amc,0001057352-21-000101
CSGP,2022-02-22,amc,0001057352-22-000022
CSGP,2022-04-26,amc,0001057352-22-000050
CSGP,2022-07-26,amc,0001057352-22-000081
CSGP,2022-10-25,amc,0001057352-22-000115
CSGP,2023-02-21,amc,0001057352-23-000026
CSGP,2023-04-25,amc,0001057352-23-000072
CSGP,2023-07-25,amc,0001057352-23-000108
CSGP,2023-10-24,amc,0001193125-23-261675
CSGP,2024-02-20,amc,0001193125-24-040030
CSGP,2024-04-23,amc,0001193125-24-107185
CSGP,2024-07-23,amc,0001193125-24-182891
CSGP,2024-10-22,amc,0001057352-24-000122
CSGP,2025-02-18,amc,0001057352-25-000004
CSGP,2025-04-29,amc,0001057352-25-000063
CSGP,2025-07-22,amc,0001057352-25-000095
CSGP,2025-10-28,amc,0001057352-25-000116
CSGP,2026-02-24,amc,0001057352-26-000012
CSGP,2026-04-28,amc,0001057352-26-000030
CSGP,2026-07-28,amc,0001057352-26-000061
CSX,2019-07-16,amc,0000277948-19-000035
CSX,2019-10-16,amc,0000277948-19-000045
CSX,2020-01-16,amc,0000277948-20-000004
CSX,2020-04-22,amc,0000277948-20-000013
CSX,2020-07-22,amc,0000277948-20-000030
CSX,2020-10-21,amc,0000277948-20-000046
CSX,2021-01-21,amc,0000277948-21-000005
CSX,2021-04-20,amc,0000277948-21-000023
CSX,2021-07-21,amc,0000277948-21-000039
CSX,2021-10-20,amc,0000277948-21-000048
CSX,2022-01-20,amc,0000277948-22-000004
CSX,2022-04-20,amc,0000277948-22-000017
CSX,2022-07-20,amc,0000277948-22-000032
CSX,2022-10-20,amc,0000277948-22-000043
CSX,2023-01-25,amc,0000277948-23-000003
CSX,2023-04-20,amc,0000277948-23-000026
CSX,2023-07-20,amc,0000277948-23-000041
CSX,2023-10-19,amc,0000277948-23-000051
CSX,2024-01-24,amc,0000277948-24-000003
CSX,2024-04-17,amc,0000277948-24-000030
CSX,2024-08-05,amc,0000277948-24-000046
CSX,2024-10-16,amc,0000277948-24-000052
CSX,2025-01-23,amc,0000277948-25-000004
CSX,2025-04-16,amc,0000277948-25-000027
CSX,2025-07-23,amc,0000277948-25-000043
CSX,2025-10-16,amc,0000277948-25-000053
CSX,2026-01-22,amc,0000277948-26-000003
CSX,2026-04-22,amc,0000277948-26-000013
CSX,2026-07-22,amc,0000277948-26-000031
CTAS,2019-07-16,amc,0000723254-19-000017
CTAS,2019-09-24,amc,0000723254-19-000027
CTAS,2019-12-17,amc,0000723254-19-000037
CTAS,2020-03-19,amc,0000723254-20-000010
CTAS,2020-07-23,bmo,0000723254-20-000021
CTAS,2020-09-23,bmo,0000723254-20-000038
CTAS,2020-12-22,bmo,0000723254-20-000046
CTAS,2021-03-17,bmo,0000723254-21-000004
CTAS,2021-07-15,bmo,0000723254-21-000018
CTAS,2021-09-29,bmo,0000723254-21-000029
CTAS,2021-12-22,bmo,0000723254-21-000036
CTAS,2022-03-23,intraday,0000723254-22-000005
CTAS,2022-07-14,bmo,0000723254-22-000015
CTAS,2022-09-28,bmo,0000723254-22-000028
CTAS,2022-12-21,bmo,0000723254-22-000037
CTAS,2023-03-29,bmo,0000723254-23-000005
CTAS,2023-07-13,bmo,0000723254-23-000021
CTAS,2023-09-26,bmo,0000723254-23-000034
CTAS,2023-12-21,bmo,0000723254-23-000041
CTAS,2024-03-27,bmo,0000723254-24-000016
CTAS,2024-07-18,bmo,0000723254-24-000032
CTAS,2024-09-25,bmo,0000723254-24-000051
CTAS,2024-12-19,bmo,0000723254-24-000057
CTAS,2025-03-26,bmo,0001628280-25-014841
CTAS,2025-07-17,bmo,0000723254-25-000013
CTAS,2025-09-24,bmo,0000723254-25-000029
CTAS,2025-12-18,bmo,0000723254-25-000038
CTAS,2026-03-25,bmo,0000723254-26-000006
CTAS,2026-07-15,bmo,0000723254-26-000025
CTSH,2019-07-31,amc,0001058290-19-000024
CTSH,2019-10-30,amc,0001058290-19-000034
CTSH,2020-02-05,amc,0001058290-20-000004
CTSH,2020-04-09,bmo,0001058290-20-000020
CTSH,2020-05-07,amc,0001058290-20-000029
CTSH,2020-07-29,amc,0001058290-20-000047
CTSH,2020-10-28,amc,0001058290-20-000135
CTSH,2021-02-03,amc,0001058290-21-000022
CTSH,2021-05-05,amc,0001058290-21-000102
CTSH,2021-07-28,amc,0001058290-21-000211
CTSH,2021-10-27,amc,0001058290-21-000278
CTSH,2022-02-02,amc,0001058290-22-000015
CTSH,2022-05-04,amc,0001058290-22-000111
CTSH,2022-07-27,amc,0001058290-22-000238
CTSH,2022-11-02,amc,0001058290-22-000320
CTSH,2023-01-12,amc,0001058290-23-000008
CTSH,2023-02-02,amc,0001058290-23-000019
CTSH,2023-05-03,amc,0001058290-23-000132
CTSH,2023-08-02,amc,0001058290-23-000255
CTSH,2023-11-01,amc,0001058290-23-000329
CTSH,2024-02-06,amc,0001058290-24-000013
CTSH,2024-05-01,amc,0001058290-24-000115
CTSH,2024-07-31,amc,0001058290-24-000241
CTSH,2024-10-30,amc,0001058290-24-000325
CTSH,2025-02-05,amc,0001058290-25-000007
CTSH,2025-04-30,amc,0001058290-25-000124
CTSH,2025-07-30,amc,0001058290-25-000266
CTSH,2025-10-29,bmo,0001058290-25-000338
CTSH,2026-02-04,bmo,0001058290-26-000003
CTSH,2026-04-29,bmo,0001058290-26-000015
CTSH,2026-07-29,bmo,0001058290-26-000030
CTVA,2019-08-01,bmo,0001755672-19-000012
CTVA,2019-10-31,bmo,0001755672-19-000026
CTVA,2020-01-30,bmo,0001755672-20-000003
CTVA,2020-05-06,amc,0001755672-20-000012
CTVA,2020-08-05,amc,0001755672-20-000019
CTVA,2020-11-04,amc,0001755672-20-000024
CTVA,2021-02-03,amc,0001755672-21-000005
CTVA,2021-05-04,amc,0001755672-21-000010
CTVA,2021-08-05,amc,0001755672-21-000019
CTVA,2021-11-03,amc,0001755672-21-000025
CTVA,2022-02-02,amc,0001755672-22-000002
CTVA,2022-05-04,amc,0001755672-22-000007
CTVA,2022-08-04,amc,0001755672-22-000018
CTVA,2022-11-03,amc,0001755672-22-000022
CTVA,2023-02-01,amc,0001755672-23-000003
CTVA,2023-05-03,amc,0001755672-23-000009
CTVA,2023-08-03,amc,0001755672-23-000015
CTVA,2023-10-27,bmo,0001755672-23-000020
CTVA,2023-11-08,amc,0001755672-23-000022
CTVA,2024-01-31,amc,0001755672-24-000002
CTVA,2024-05-01,amc,0001755672-24-000006
CTVA,2024-07-31,amc,0001755672-24-000017
CTVA,2024-11-06,amc,0001755672-24-000021
CTVA,2025-02-05,amc,0001755672-25-000002
CTVA,2025-05-07,amc,0001755672-25-000009
CTVA,2025-08-06,amc,0001755672-25-000015
CTVA,2025-10-01,bmo,0001193125-25-225842
CTVA,2025-11-04,amc,0001755672-25-000020
CTVA,2026-02-03,amc,0001755672-26-000002
CTVA,2026-05-05,amc,0001755672-26-000008
CTVA,2026-07-30,amc,0001755672-26-000022
CVNA,2019-08-07,amc,0001690820-19-000191
CVNA,2019-11-06,amc,0001690820-19-000265
CVNA,2020-02-26,amc,0001690820-20-000050
CVNA,2020-05-06,amc,0001690820-20-000138
CVNA,2020-08-05,amc,0001690820-20-000207
CVNA,2020-10-29,amc,0001690820-20-000264
CVNA,2021-02-25,amc,0001690820-21-000065
CVNA,2021-05-06,amc,0001690820-21-000152
CVNA,2021-08-05,amc,0001690820-21-000240
CVNA,2021-11-04,amc,0001690820-21-000309
CVNA,2022-02-24,amc,0001690820-22-000079
CVNA,2022-04-20,amc,0001690820-22-000139
CVNA,2022-08-04,amc,0001690820-22-000252
CVNA,2022-11-03,amc,0001690820-22-000312
CVNA,2023-02-23,amc,0001690820-23-000050
CVNA,2023-05-04,amc,0001690820-23-000162
CVNA,2023-07-19,bmo,0001690820-23-000218
CVNA,2023-11-02,amc,0001690820-23-000321
CVNA,2024-02-22,amc,0001690820-24-000091
CVNA,2024-05-01,amc,0001690820-24-000164
CVNA,2024-07-31,amc,0001690820-24-000270
CVNA,2024-10-30,amc,0001690820-24-000344
CVNA,2025-02-19,amc,0001690820-25-000073
CVNA,2025-05-07,amc,0001690820-25-000160
CVNA,2025-07-30,amc,0001690820-25-000310
CVNA,2025-10-29,amc,0001690820-25-000352
CVNA,2026-02-18,amc,0001690820-26-000008
CVNA,2026-04-29,amc,0001690820-26-000034
CVNA,2026-07-29,amc,0001690820-26-000054
CVS,2019-08-07,bmo,0000064803-19-000036
CVS,2019-11-06,bmo,0000064803-19-000047
CVS,2020-02-12,bmo,0000064803-20-000004
CVS,2020-05-06,bmo,0000064803-20-000014
CVS,2020-08-05,bmo,0000064803-20-000029
CVS,2020-11-06,bmo,0000064803-20-000040
CVS,2021-02-16,bmo,0000064803-21-000010
CVS,2021-05-04,bmo,0000064803-21-000016
CVS,2021-08-04,bmo,0000064803-21-000027
CVS,2021-11-03,bmo,0000064803-21-000033
CVS,2022-01-11,bmo,0000064803-22-000002
CVS,2022-02-09,bmo,0000064803-22-000007
CVS,2022-05-04,bmo,0000064803-22-000015
CVS,2022-08-03,bmo,0000064803-22-000028
CVS,2022-11-02,bmo,0000064803-22-000037
CVS,2023-01-09,bmo,0000064803-23-000003
CVS,2023-02-08,bmo,0000064803-23-000008
CVS,2023-05-03,bmo,0000064803-23-000015
CVS,2023-08-02,bmo,0000064803-23-000032
CVS,2023-11-01,bmo,0000064803-23-000046
CVS,2024-01-05,bmo,0000947871-24-000009
CVS,2024-02-07,bmo,0000064803-24-000006
CVS,2024-05-01,bmo,0000064803-24-000015
CVS,2024-08-07,bmo,0000064803-24-000028
CVS,2024-10-18,bmo,0001193125-24-239193
CVS,2024-11-06,bmo,0000064803-24-000033
CVS,2025-02-12,bmo,0000064803-25-000006
CVS,2025-05-01,bmo,0000064803-25-000012
CVS,2025-07-31,bmo,0000064803-25-000023
CVS,2025-10-29,bmo,0000064803-25-000036
CVS,2026-02-10,bmo,0000064803-26-000009
CVS,2026-05-06,bmo,0000064803-26-000051
CVS,2026-08-05,bmo,0000064803-26-000097
D,2019-07-31,bmo,0001564590-19-027216
D,2019-11-01,bmo,0001564590-19-039273
D,2020-02-11,bmo,0001564590-20-004125
D,2020-04-03,bmo,0001564590-20-015128
D,2020-05-05,bmo,0001564590-20-021004
D,2020-07-31,bmo,0001564590-20-035021
D,2020-11-05,bmo,0001564590-20-050871
D,2021-02-12,bmo,0001564590-21-005655
D,2021-05-04,bmo,0001564590-21-022989
D,2021-08-06,bmo,0001564590-21-041910
D,2021-11-05,bmo,0001564590-21-054738
D,2022-02-11,bmo,0001564590-22-004686
D,2022-05-05,bmo,0001564590-22-018027
D,2022-08-08,bmo,0001564590-22-028303
D,2022-11-04,bmo,0001193125-22-277422
D,2023-02-08,bmo,0001193125-23-027680
D,2023-05-05,bmo,0000950170-23-018083
D,2023-08-04,bmo,0000950170-23-038322
D,2023-11-03,bmo,0000950170-23-058513
D,2024-02-22,bmo,0000950170-24-018433
D,2024-05-02,bmo,0000950170-24-051575
D,2024-08-01,bmo,0000950170-24-088954
D,2024-11-01,bmo,0000950170-24-119806
D,2025-02-12,bmo,0000950170-25-018408
D,2025-05-01,bmo,0000950170-25-061447
D,2025-08-01,bmo,0000950170-25-101108
D,2025-10-31,bmo,0001193125-25-259408
D,2026-02-23,bmo,0001193125-26-062432
D,2026-05-01,bmo,0001193125-26-199099
D,2026-07-31,bmo,0001193125-26-326812
DAL,2019-07-11,bmo,0001683168-19-002162
DAL,2019-10-10,bmo,0001683168-19-003214
DAL,2020-01-14,bmo,0001683168-20-000113
DAL,2020-04-22,bmo,0001683168-20-001252
DAL,2020-07-14,bmo,0001683168-20-002254
DAL,2020-10-13,bmo,0001683168-20-003418
DAL,2021-01-14,bmo,0001683168-21-000139
DAL,2021-04-15,bmo,0001683168-21-001429
DAL,2021-07-14,bmo,0001683168-21-002954
DAL,2021-10-13,bmo,0001683168-21-004801
DAL,2022-01-13,bmo,0001683168-22-000238
DAL,2022-04-13,bmo,0001683168-22-002578
DAL,2022-07-13,bmo,0001683168-22-004923
DAL,2022-10-13,bmo,0001683168-22-006867
DAL,2023-01-13,bmo,0001683168-23-000172
DAL,2023-04-13,bmo,0001683168-23-002326
DAL,2023-07-13,bmo,0001683168-23-004828
DAL,2023-10-12,bmo,0001683168-23-007072
DAL,2024-01-12,bmo,0001683168-24-000244
DAL,2024-04-10,bmo,0001683168-24-002249
DAL,2024-07-11,bmo,0001683168-24-004743
DAL,2024-10-10,bmo,0001683168-24-007033
DAL,2025-01-10,bmo,0001683168-25-000182
DAL,2025-04-09,bmo,0001683168-25-002353
DAL,2025-07-10,bmo,0001683168-25-005002
DAL,2025-10-09,bmo,0000027904-25-000018
DAL,2026-01-13,bmo,0000027904-26-000008
DAL,2026-04-08,bmo,0000027904-26-000020
DAL,2026-07-10,bmo,0000027904-26-000029
DBX,2019-08-08,amc,0001467623-19-000016
DBX,2019-11-07,amc,0001467623-19-000026
DBX,2020-02-20,amc,0001467623-20-000006
DBX,2020-05-07,amc,0001467623-20-000021
DBX,2020-08-06,amc,0001467623-20-000031
DBX,2020-11-05,amc,0001467623-20-000041
DBX,2021-02-18,amc,0001467623-21-000007
DBX,2021-05-06,amc,0001467623-21-000022
DBX,2021-08-05,amc,0001467623-21-000037
DBX,2021-11-04,amc,0001467623-21-000043
DBX,2022-02-17,amc,0001467623-22-000007
DBX,2022-05-05,amc,0001467623-22-000025
DBX,2022-08-04,amc,0001467623-22-000037
DBX,2022-11-03,amc,0001467623-22-000046
DBX,2023-02-16,amc,0001467623-23-000006
DBX,2023-04-27,bmo,0001467623-23-000021
DBX,2023-05-04,amc,0001467623-23-000025
DBX,2023-08-03,amc,0001467623-23-000036
DBX,2023-11-02,amc,0001467623-23-000048
DBX,2024-02-15,amc,0001467623-24-000003
DBX,2024-05-09,amc,0001467623-24-000027
DBX,2024-08-08,amc,0001467623-24-000039
DBX,2024-10-30,bmo,0001467623-24-000045
DBX,2024-11-07,amc,0001467623-24-000049
DBX,2025-02-20,amc,0001467623-25-000007
DBX,2025-05-08,amc,0001467623-25-000056
DBX,2025-08-07,amc,0001467623-25-000114
DBX,2025-11-06,amc,0001467623-25-000127
DBX,2026-02-19,amc,0001467623-26-000003
DBX,2026-05-07,amc,0001467623-26-000027
DBX,2026-08-06,amc,0001467623-26-000045
DECK,2019-07-25,amc,0001144204-19-036011
DECK,2019-10-24,amc,0001104659-19-056121
DECK,2020-01-30,amc,0001193125-20-019627
DECK,2020-05-21,amc,0000910521-20-000012
DECK,2020-07-30,intraday,0000910521-20-000027
DECK,2020-10-29,amc,0000910521-20-000039
DECK,2021-02-04,amc,0000910521-21-000008
DECK,2021-05-20,amc,0000910521-21-000014
DECK,2021-07-29,amc,0000910521-21-000025
DECK,2021-10-28,amc,0000910521-21-000036
DECK,2022-02-03,amc,0000910521-22-000004
DECK,2022-05-19,amc,0000910521-22-000013
DECK,2022-07-28,amc,0000910521-22-000029
DECK,2022-10-27,amc,0000910521-22-000036
DECK,2023-02-02,amc,0000910521-23-000002
DECK,2023-05-25,amc,0000910521-23-000014
DECK,2023-07-27,amc,0000910521-23-000032
DECK,2023-10-26,amc,0000910521-23-000039
DECK,2024-02-01,amc,0000910521-24-000003
DECK,2024-05-23,amc,0000910521-24-000015
DECK,2024-07-25,amc,0000910521-24-000037
DECK,2024-10-24,amc,0000910521-24-000056
DECK,2025-01-30,amc,0000910521-25-000002
DECK,2025-05-22,amc,0000910521-25-000013
DECK,2025-07-24,amc,0000910521-25-000028
DECK,2025-10-23,amc,0000910521-25-000041
DECK,2026-01-29,amc,0000910521-26-000002
DECK,2026-05-21,amc,0000910521-26-000007
DECK,2026-07-23,amc,0000910521-26-000015
DELL,2019-08-29,amc,0001571996-19-000036
DELL,2019-11-26,amc,0001571996-19-000042
DELL,2020-02-27,amc,0001571996-20-000009
DELL,2020-05-28,amc,0001571996-20-000028
DELL,2020-08-27,amc,0001571996-20-000041
DELL,2020-11-24,amc,0001571996-20-000048
DELL,2021-02-25,amc,0001571996-21-000003
DELL,2021-05-27,amc,0001571996-21-000019
DELL,2021-08-26,amc,0001571996-21-000037
DELL,2021-11-23,amc,0001571996-21-000060
DELL,2022-02-24,amc,0001571996-22-000004
DELL,2022-05-26,amc,0001571996-22-000013
DELL,2022-08-25,amc,0001571996-22-000028
DELL,2022-11-21,amc,0001571996-22-000041
DELL,2023-03-02,amc,0001571996-23-000002
DELL,2023-06-01,amc,0001571996-23-000014
DELL,2023-08-31,amc,0001571996-23-000029
DELL,2023-11-30,amc,0001571996-23-000039
DELL,2024-02-29,amc,0001571996-24-000008
DELL,2024-05-30,amc,0001571996-24-000050
DELL,2024-08-29,amc,0001571996-24-000081
DELL,2024-11-26,amc,0001571996-24-000130
DELL,2025-02-27,amc,0001571996-25-000014
DELL,2025-05-29,amc,0001571996-25-000046
DELL,2025-08-28,amc,0001571996-25-000096
DELL,2025-11-25,amc,0001571996-25-000118
DELL,2026-02-26,amc,0001571996-26-000003
DELL,2026-05-28,amc,0001571996-26-000021
DHI,2019-07-30,intraday,0000882184-19-000105
DHI,2019-11-12,intraday,0000882184-19-000127
DHI,2020-01-27,intraday,0000882184-20-000013
DHI,2020-04-07,intraday,0000882184-20-000091
DHI,2020-04-28,intraday,0000882184-20-000096
DHI,2020-07-28,intraday,0000882184-20-000108
DHI,2020-11-10,intraday,0000882184-20-000128
DHI,2021-01-26,intraday,0000882184-21-000018
DHI,2021-04-22,intraday,0000882184-21-000118
DHI,2021-07-22,intraday,0000882184-21-000149
DHI,2021-11-09,intraday,0000882184-21-000180
DHI,2022-02-02,intraday,0000882184-22-000022
DHI,2022-04-26,intraday,0000882184-22-000112
DHI,2022-07-21,intraday,0000882184-22-000148
DHI,2022-11-09,intraday,0000882184-22-000177
DHI,2023-01-24,intraday,0000882184-23-000011
DHI,2023-04-20,intraday,0000882184-23-000080
DHI,2023-07-20,intraday,0000882184-23-000089
DHI,2023-11-07,intraday,0000882184-23-000110
DHI,2024-01-23,intraday,0000882184-24-000009
DHI,2024-04-18,intraday,0000882184-24-000022
DHI,2024-07-18,intraday,0000882184-24-000034
DHI,2024-10-29,intraday,0000882184-24-000051
DHI,2025-01-21,intraday,0000882184-25-000009
DHI,2025-04-17,intraday,0000882184-25-000018
DHI,2025-07-22,intraday,0000882184-25-000036
DHI,2025-10-28,intraday,0000882184-25-000044
DHI,2026-01-20,intraday,0000882184-26-000007
DHI,2026-04-21,intraday,0000882184-26-000062
DHI,2026-07-21,intraday,0000882184-26-000092
DOC,2019-07-31,amc,0001628280-19-009429
DOC,2019-10-30,amc,0001628280-19-012829
DOC,2020-02-11,amc,0001628280-20-001356
DOC,2020-05-05,amc,0001628280-20-006438
DOC,2020-08-04,amc,0001628280-20-011635
DOC,2020-11-02,amc,0001628280-20-015261
DOC,2021-02-09,amc,0001628280-21-001681
DOC,2021-05-04,amc,0001628280-21-008885
DOC,2021-08-03,amc,0001628280-21-015338
DOC,2021-11-02,amc,0001628280-21-021188
DOC,2022-02-08,amc,0001628280-22-001992
DOC,2022-05-03,amc,0001628280-22-011993
DOC,2022-08-02,amc,0001628280-22-020241
DOC,2022-11-01,amc,0001628280-22-027566
DOC,2023-02-07,amc,0001628280-23-002583
DOC,2023-04-27,amc,0001628280-23-013582
DOC,2023-07-27,amc,0001628280-23-025927
DOC,2023-10-30,bmo,0001628280-23-035436
DOC,2024-02-08,amc,0001628280-24-003886
DOC,2024-04-25,amc,0001628280-24-018179
DOC,2024-07-25,amc,0001628280-24-032991
DOC,2024-10-24,amc,0001628280-24-043625
DOC,2025-02-03,amc,0001628280-25-003464
DOC,2025-04-24,amc,0001628280-25-019678
DOC,2025-07-24,amc,0001628280-25-035929
DOC,2025-10-23,amc,0001628280-25-046095
DOC,2026-02-02,amc,0001628280-26-004623
DOC,2026-05-05,amc,0001628280-26-030561
DOC,2026-08-04,amc,0001628280-26-052608
DOW,2019-07-25,bmo,0001751788-19-000020
DOW,2019-10-24,bmo,0001751788-19-000029
DOW,2020-01-29,bmo,0001751788-20-000004
DOW,2020-04-30,bmo,0001751788-20-000011
DOW,2020-07-23,bmo,0001751788-20-000021
DOW,2020-10-22,bmo,0001751788-20-000031
DOW,2021-01-28,bmo,0001751788-21-000007
DOW,2021-04-22,bmo,0001751788-21-000102
DOW,2021-07-22,bmo,0001751788-21-000120
DOW,2021-10-21,bmo,0001751788-21-000127
DOW,2022-01-27,bmo,0001751788-22-000004
DOW,2022-04-21,bmo,0001751788-22-000101
DOW,2022-07-21,bmo,0001751788-22-000120
DOW,2022-10-20,bmo,0001751788-22-000128
DOW,2023-01-26,bmo,0001751788-23-000004
DOW,2023-04-25,bmo,0001751788-23-000113
DOW,2023-07-25,bmo,0001751788-23-000125
DOW,2023-10-24,bmo,0001751788-23-000137
DOW,2024-01-25,bmo,0001751788-24-000003
DOW,2024-04-25,bmo,0001751788-24-000126
DOW,2024-07-25,bmo,0001751788-24-000135
DOW,2024-10-24,bmo,0001751788-24-000147
DOW,2025-01-30,bmo,0001751788-25-000005
DOW,2025-04-24,bmo,0001751788-25-000125
DOW,2025-07-24,bmo,0001751788-25-000142
DOW,2025-10-23,bmo,0001751788-25-000153
DOW,2026-01-29,bmo,0001751788-26-000011
DOW,2026-04-23,bmo,0001751788-26-000131
DOW,2026-07-23,bmo,0001751788-26-000144
DRH,2019-08-05,amc,0001298946-19-000103
DRH,2019-11-08,intraday,0001298946-19-000129
DRH,2020-02-20,amc,0001298946-20-000015
DRH,2020-05-11,amc,0001298946-20-000057
DRH,2020-07-20,bmo,0001104659-20-084671
DRH,2020-08-06,amc,0001298946-20-000080
DRH,2020-11-05,amc,0001298946-20-000095
DRH,2021-02-24,amc,0001298946-21-000005
DRH,2021-05-06,amc,0001298946-21-000049
DRH,2021-08-05,amc,0001298946-21-000091
DRH,2021-11-04,amc,0001298946-21-000101
DRH,2022-02-17,amc,0001298946-22-000008
DRH,2022-05-05,amc,0001298946-22-000050
DRH,2022-07-26,bmo,0001298946-22-000074
DRH,2022-08-03,amc,0001298946-22-000081
DRH,2022-10-21,amc,0001298946-22-000108
DRH,2022-11-03,amc,0001298946-22-000111
DRH,2023-01-11,bmo,0001298946-23-000003
DRH,2023-02-21,bmo,0001298946-23-000009
DRH,2023-05-04,amc,0001298946-23-000044
DRH,2023-08-03,amc,0001298946-23-000075
DRH,2023-08-07,bmo,0001298946-23-000082
DRH,2023-11-01,bmo,0001298946-23-000089
DRH,2024-01-22,bmo,0001298946-24-000004
DRH,2024-02-22,amc,0001298946-24-000007
DRH,2024-05-02,amc,0001298946-24-000048
DRH,2024-08-01,amc,0001298946-24-000091
DRH,2024-11-07,amc,0001298946-24-000104
DRH,2025-02-27,amc,0001298946-25-000013
DRH,2025-05-01,amc,0001298946-25-000046
DRH,2025-08-07,amc,0001298946-25-000073
DRH,2025-11-06,amc,0001298946-25-000083
DRH,2026-02-26,amc,0001298946-26-000010
DRH,2026-04-30,amc,0001298946-26-000024
DRH,2026-07-30,amc,0001298946-26-000035
DUK,2019-08-06,bmo,0001326160-19-000187
DUK,2019-11-08,bmo,0001326160-19-000228
DUK,2020-02-13,bmo,0001326160-20-000029
DUK,2020-05-12,amc,0001326160-20-000148
DUK,2020-08-10,bmo,0001326160-20-000198
DUK,2020-11-05,bmo,0001326160-20-000220
DUK,2021-02-11,bmo,0001326160-21-000022
DUK,2021-05-10,bmo,0001326160-21-000133
DUK,2021-08-05,bmo,0001326160-21-000213
DUK,2021-11-04,amc,0001326160-21-000228
DUK,2022-02-10,amc,0001326160-22-000007
DUK,2022-05-09,bmo,0001326160-22-000177
DUK,2022-08-04,amc,0001326160-22-000244
DUK,2022-11-04,amc,0001326160-22-000277
DUK,2023-02-09,amc,0001326160-23-000031
DUK,2023-05-09,amc,0001326160-23-000146
DUK,2023-08-08,amc,0001326160-23-000171
DUK,2023-11-02,amc,0001326160-23-000188
DUK,2024-02-08,amc,0001326160-24-000031
DUK,2024-05-07,amc,0001326160-24-000103
DUK,2024-08-06,amc,0001326160-24-000164
DUK,2024-11-07,amc,0001326160-24-000179
DUK,2025-02-13,amc,0001326160-25-000040
DUK,2025-05-06,amc,0001326160-25-000148
DUK,2025-08-05,bmo,0001326160-25-000165
DUK,2025-11-07,amc,0001326160-25-000190
DUK,2026-02-10,amc,0001326160-26-000007
DUK,2026-05-05,amc,0001326160-26-000022
DUK,2026-08-04,amc,0001326160-26-000037
DVN,2019-08-06,amc,0001193125-19-214098
DVN,2019-11-05,amc,0001193125-19-284744
DVN,2020-02-18,amc,0001193125-20-040578
DVN,2020-05-05,amc,0001564590-20-021326
DVN,2020-08-04,amc,0001193125-20-209396
DVN,2020-10-29,amc,0001193125-20-281183
DVN,2021-02-17,amc,0001193125-21-045354
DVN,2021-05-04,amc,0001193125-21-150039
DVN,2021-08-03,amc,0001193125-21-234972
DVN,2021-11-02,amc,0001193125-21-316952
DVN,2022-02-15,amc,0001193125-22-043405
DVN,2022-05-02,amc,0001193125-22-136770
DVN,2022-08-01,intraday,0001193125-22-208563
DVN,2022-11-01,amc,0000950170-22-020850
DVN,2023-02-14,amc,0001193125-23-039127
DVN,2023-05-08,amc,0001193125-23-138262
DVN,2023-08-01,amc,0001193125-23-200559
DVN,2023-11-07,amc,0001193125-23-272434
DVN,2024-02-27,amc,0001193125-24-047938
DVN,2024-05-01,amc,0001193125-24-127511
DVN,2024-08-06,amc,0001193125-24-194945
DVN,2024-11-05,amc,0001193125-24-251247
DVN,2025-02-18,amc,0001193125-25-028614
DVN,2025-05-06,amc,0001193125-25-113823
DVN,2025-08-05,amc,0001193125-25-173542
DVN,2025-11-05,amc,0001193125-25-267018
DVN,2026-02-17,amc,0001193125-26-054657
DVN,2026-05-05,amc,0001193125-26-206689
DVN,2026-08-04,amc,0001193125-26-332824
DXC,2019-08-08,amc,0001688568-19-000083
DXC,2019-11-12,bmo,0001193125-19-289172
DXC,2020-02-06,amc,0001688568-20-000004
DXC,2020-05-28,amc,0001688568-20-000029
DXC,2020-08-06,amc,0001688568-20-000056
DXC,2020-11-05,amc,0001688568-20-000091
DXC,2021-02-04,amc,0001688568-21-000005
DXC,2021-05-26,amc,0001688568-21-000025
DXC,2021-08-04,amc,0001688568-21-000054
DXC,2021-11-03,amc,0001688568-21-000087
DXC,2022-02-02,amc,0001688568-22-000005
DXC,2022-05-25,amc,0001688568-22-000026
DXC,2022-08-03,amc,0001688568-22-000059
DXC,2022-11-03,amc,0001688568-22-000072
DXC,2023-02-01,amc,0001688568-23-000008
DXC,2023-05-18,amc,0001688568-23-000028
DXC,2023-08-02,amc,0001688568-23-000089
DXC,2023-11-01,amc,0001688568-23-000114
DXC,2024-02-01,amc,0001688568-24-000008
DXC,2024-05-16,amc,0001688568-24-000031
DXC,2024-08-08,amc,0001688568-24-000073
DXC,2024-11-07,amc,0001688568-24-000098
DXC,2025-02-04,amc,0001688568-25-000004
DXC,2025-05-14,amc,0001688568-25-000027
DXC,2025-07-31,amc,0001688568-25-000071
DXC,2025-10-30,amc,0001688568-25-000097
DXC,2026-01-29,amc,0001688568-26-000004
DXC,2026-05-07,amc,0001688568-26-000020
DXC,2026-07-30,amc,0001688568-26-000067
DXCM,2019-07-31,amc,0001093557-19-000179
DXCM,2019-11-06,amc,0001093557-19-000235
DXCM,2020-01-13,bmo,0001193125-20-005913
DXCM,2020-02-13,amc,0001093557-20-000028
DXCM,2020-04-28,amc,0001093557-20-000140
DXCM,2020-07-28,amc,0001093557-20-000215
DXCM,2020-10-26,amc,0001193125-20-277129
DXCM,2020-10-27,amc,0001093557-20-000292
DXCM,2021-01-11,bmo,0001193125-21-005793
DXCM,2021-02-11,amc,0001093557-21-000022
DXCM,2021-04-29,amc,0001093557-21-000125
DXCM,2021-07-29,amc,0001093557-21-000190
DXCM,2021-10-28,amc,0001093557-21-000246
DXCM,2022-01-10,bmo,0001193125-22-005104
DXCM,2022-02-10,amc,0001093557-22-000010
DXCM,2022-04-28,amc,0001093557-22-000096
DXCM,2022-07-28,amc,0001093557-22-000142
DXCM,2022-10-27,amc,0001093557-22-000170
DXCM,2023-01-09,bmo,0001093557-23-000004
DXCM,2023-02-09,amc,0001093557-23-000022
DXCM,2023-04-27,amc,0001093557-23-000117
DXCM,2023-07-27,amc,0001093557-23-000173
DXCM,2023-10-26,amc,0001093557-23-000219
DXCM,2024-01-08,bmo,0001093557-24-000003
DXCM,2024-02-08,amc,0001093557-24-000020
DXCM,2024-04-25,amc,0001093557-24-000078
DXCM,2024-07-25,amc,0001093557-24-000143
DXCM,2024-10-24,amc,0001093557-24-000179
DXCM,2025-01-13,bmo,0001093557-25-000004
DXCM,2025-02-13,amc,0001093557-25-000029
DXCM,2025-05-01,amc,0001093557-25-000111
DXCM,2025-07-30,amc,0001093557-25-000241
DXCM,2025-10-30,amc,0001093557-25-000278
DXCM,2026-01-12,bmo,0001093557-26-000003
DXCM,2026-02-12,amc,0001093557-26-000025
DXCM,2026-04-30,amc,0001093557-26-000072
DXCM,2026-07-30,amc,0001093557-26-000142
EBAY,2019-07-17,amc,0001065088-19-000033
EBAY,2019-10-23,amc,0001065088-19-000041
EBAY,2020-01-28,amc,0001065088-20-000003
EBAY,2020-04-29,amc,0001065088-20-000015
EBAY,2020-07-28,amc,0001065088-20-000027
EBAY,2020-10-28,amc,0001065088-20-000035
EBAY,2021-02-03,amc,0001065088-21-000004
EBAY,2021-04-28,amc,0001065088-21-000009
EBAY,2021-08-11,amc,0001065088-21-000027
EBAY,2021-10-27,amc,0001065088-21-000037
EBAY,2022-02-23,amc,0001065088-22-000003
EBAY,2022-05-04,amc,0001065088-22-000010
EBAY,2022-08-03,amc,0001065088-22-000019
EBAY,2022-11-02,amc,0001065088-22-000027
EBAY,2023-02-22,amc,0001065088-23-000004
EBAY,2023-04-26,amc,0001628280-23-013226
EBAY,2023-07-26,amc,0001065088-23-000018
EBAY,2023-11-07,amc,0001065088-23-000036
EBAY,2024-01-24,amc,0001552781-24-000014
EBAY,2024-02-27,amc,0001065088-24-000033
EBAY,2024-05-01,amc,0001065088-24-000073
EBAY,2024-07-31,amc,0001065088-24-000143
EBAY,2024-10-30,amc,0001065088-24-000196
EBAY,2025-02-26,amc,0001065088-25-000034
EBAY,2025-04-30,amc,0001065088-25-000058
EBAY,2025-07-30,amc,0001065088-25-000075
EBAY,2025-10-29,amc,0001065088-25-000124
EBAY,2026-02-18,amc,0001065088-26-000017
EBAY,2026-04-29,amc,0001065088-26-000092
EBAY,2026-08-05,amc,0001065088-26-000174
EIX,2019-07-25,amc,0000827052-19-000134
EIX,2019-10-29,amc,0000827052-19-000167
EIX,2020-02-27,amc,0000827052-20-000025
EIX,2020-04-30,amc,0000827052-20-000090
EIX,2020-07-28,amc,0000827052-20-000110
EIX,2020-10-27,amc,0000827052-20-000133
EIX,2021-02-25,amc,0000827052-21-000018
EIX,2021-04-27,amc,0001558370-21-004913
EIX,2021-07-29,amc,0001558370-21-009596
EIX,2021-11-02,amc,0001558370-21-014092
EIX,2022-02-24,amc,0001558370-22-001929
EIX,2022-05-03,amc,0000827052-22-000030
EIX,2022-07-28,amc,0000827052-22-000052
EIX,2022-11-01,amc,0000827052-22-000075
EIX,2023-02-23,amc,0000827052-23-000009
EIX,2023-05-02,amc,0000827052-23-000036
EIX,2023-07-27,amc,0000827052-23-000064
EIX,2023-11-01,amc,0000827052-23-000083
EIX,2024-02-22,amc,0000827052-24-000012
EIX,2024-04-30,amc,0000827052-24-000034
EIX,2024-07-25,amc,0000827052-24-000054
EIX,2024-10-29,amc,0000827052-24-000074
EIX,2025-02-27,amc,0000827052-25-000021
EIX,2025-04-29,amc,0000827052-25-000042
EIX,2025-07-31,amc,0000827052-25-000073
EIX,2025-10-28,amc,0000827052-25-000099
EIX,2026-02-18,amc,0000827052-26-000010
EIX,2026-04-28,amc,0000827052-26-000041
EIX,2026-07-30,amc,0000827052-26-000058
ELAN,2019-08-13,bmo,0001104659-19-045415
ELAN,2019-11-06,bmo,0001104659-19-060253
ELAN,2020-01-10,bmo,0001104659-20-002825
ELAN,2020-02-19,bmo,0001104659-20-022563
ELAN,2020-05-07,bmo,0001104659-20-057698
ELAN,2020-07-30,bmo,0001104659-20-088112
ELAN,2020-11-06,bmo,0001104659-20-122127
ELAN,2021-02-24,bmo,0001104659-21-027116
ELAN,2021-05-07,bmo,0001104659-21-062723
ELAN,2021-08-09,bmo,0001104659-21-101798
ELAN,2021-11-05,bmo,0001104659-21-134705
ELAN,2022-01-10,bmo,0001104659-22-002434
ELAN,2022-02-24,bmo,0001104659-22-026319
ELAN,2022-05-09,bmo,0001104659-22-057216
ELAN,2022-08-08,bmo,0001104659-22-086903
ELAN,2022-11-08,bmo,0001104659-22-115672
ELAN,2023-02-21,bmo,0001104659-23-023484
ELAN,2023-05-09,bmo,0001104659-23-057445
ELAN,2023-08-07,bmo,0001104659-23-088037
ELAN,2023-11-07,bmo,0001739104-23-000021
ELAN,2024-02-26,bmo,0001739104-24-000004
ELAN,2024-05-08,bmo,0001739104-24-000016
ELAN,2024-08-08,bmo,0001739104-24-000025
ELAN,2024-11-07,bmo,0001739104-24-000036
ELAN,2025-02-25,bmo,0001739104-25-000011
ELAN,2025-05-07,bmo,0001739104-25-000040
ELAN,2025-08-07,bmo,0001739104-25-000052
ELAN,2025-11-05,bmo,0001739104-25-000068
ELAN,2026-02-24,bmo,0001739104-26-000008
ELAN,2026-05-06,bmo,0001739104-26-000027
ELAN,2026-08-05,bmo,0001739104-26-000040
EMR,2019-07-29,bmo,0000032604-19-000022
EMR,2019-08-06,bmo,0000032604-19-000024
EMR,2019-10-01,bmo,0000032604-19-000040
EMR,2019-11-05,bmo,0000032604-19-000045
EMR,2020-02-04,bmo,0000032604-20-000004
EMR,2020-04-21,bmo,0000032604-20-000017
EMR,2020-08-04,bmo,0000032604-20-000029
EMR,2020-11-03,bmo,0000032604-20-000038
EMR,2021-02-02,bmo,0000032604-21-000002
EMR,2021-05-05,bmo,0000032604-21-000015
EMR,2021-08-04,bmo,0000032604-21-000025
EMR,2021-10-12,intraday,0000950103-21-015731
EMR,2021-11-03,bmo,0000032604-21-000033
EMR,2022-02-02,bmo,0000032604-22-000003
EMR,2022-05-04,bmo,0000032604-22-000025
EMR,2022-08-09,bmo,0000032604-22-000032
EMR,2022-10-31,bmo,0000950103-22-018712
EMR,2022-11-29,bmo,0000032604-22-000045
EMR,2023-02-08,bmo,0000032604-23-000007
EMR,2023-04-06,bmo,0000032604-23-000027
EMR,2023-04-12,bmo,0000950103-23-005624
EMR,2023-05-03,bmo,0001193125-23-133091
EMR,2023-08-02,bmo,0000032604-23-000034
EMR,2023-11-07,bmo,0000032604-23-000039
EMR,2024-02-07,bmo,0000032604-24-000004
EMR,2024-05-08,bmo,0000032604-24-000021
EMR,2024-08-07,bmo,0000032604-24-000035
EMR,2024-11-05,bmo,0000950103-24-015969
EMR,2025-02-05,bmo,0000032604-25-000011
EMR,2025-05-07,bmo,0000032604-25-000061
EMR,2025-08-06,bmo,0000032604-25-000075
EMR,2025-11-05,bmo,0000032604-25-000079
EMR,2025-11-20,bmo,0000032604-25-000094
EMR,2026-02-03,amc,0000032604-26-000006
EMR,2026-05-05,amc,0000032604-26-000034
EMR,2026-08-04,amc,0000032604-26-000042
ENB,2019-08-02,bmo,0000895728-19-000139
ENB,2019-11-08,bmo,0000895728-19-000148
ENB,2020-02-14,bmo,0000895728-20-000008
ENB,2020-05-07,bmo,0000895728-20-000015
ENB,2020-07-29,bmo,0000895728-20-000022
ENB,2020-11-06,bmo,0000895728-20-000029
ENB,2021-02-12,bmo,0000895728-21-000009
ENB,2021-05-07,bmo,0000895728-21-000020
ENB,2021-07-30,bmo,0000895728-21-000031
ENB,2021-11-05,bmo,0000895728-21-000039
ENB,2022-02-11,bmo,0000895728-22-000009
ENB,2022-05-06,bmo,0000895728-22-000017
ENB,2022-07-29,bmo,0000895728-22-000024
ENB,2022-11-04,bmo,0000895728-22-000032
ENB,2023-02-10,bmo,0000895728-23-000007
ENB,2023-05-05,bmo,0000895728-23-000015
ENB,2023-08-04,bmo,0000895728-23-000024
ENB,2023-11-03,bmo,0000895728-23-000032
ENB,2024-02-09,bmo,0000895728-24-000006
ENB,2024-05-10,bmo,0000895728-24-000012
ENB,2024-08-02,bmo,0000895728-24-000019
ENB,2024-11-01,bmo,0000895728-24-000027
ENB,2025-02-14,bmo,0000895728-25-000005
ENB,2025-05-09,bmo,0000895728-25-000011
ENB,2025-08-01,bmo,0000950170-25-101101
ENB,2025-11-07,bmo,0001193125-25-270987
ENB,2026-02-13,bmo,0001193125-26-049808
ENB,2026-05-08,bmo,0001193125-26-213263
ENB,2026-07-31,bmo,0001193125-26-326744
ENPH,2019-07-30,amc,0001463101-19-000128
ENPH,2019-10-29,amc,0001463101-19-000155
ENPH,2020-02-18,amc,0001463101-20-000010
ENPH,2020-05-05,amc,0001463101-20-000067
ENPH,2020-08-04,amc,0001463101-20-000105
ENPH,2020-10-27,amc,0001463101-20-000126
ENPH,2021-02-09,amc,0001463101-21-000010
ENPH,2021-04-27,amc,0001463101-21-000065
ENPH,2021-07-27,amc,0001463101-21-000106
ENPH,2021-10-26,amc,0001463101-21-000124
ENPH,2022-02-08,amc,0001463101-22-000007
ENPH,2022-04-26,amc,0001463101-22-000052
ENPH,2022-07-26,amc,0001463101-22-000093
ENPH,2022-10-25,amc,0001463101-22-000111
ENPH,2023-02-07,amc,0001463101-23-000015
ENPH,2023-04-25,amc,0001463101-23-000083
ENPH,2023-07-27,amc,0001463101-23-000138
ENPH,2023-10-26,amc,0001463101-23-000163
ENPH,2024-02-06,amc,0001463101-24-000013
ENPH,2024-04-23,amc,0001463101-24-000070
ENPH,2024-07-23,amc,0001463101-24-000116
ENPH,2024-10-22,amc,0001463101-24-000140
ENPH,2025-02-04,amc,0001463101-25-000014
ENPH,2025-04-22,amc,0001463101-25-000054
ENPH,2025-07-22,amc,0001463101-25-000099
ENPH,2025-10-28,amc,0001463101-25-000111
ENPH,2026-02-03,amc,0001463101-26-000008
ENPH,2026-04-06,amc,0001463101-26-000037
ENPH,2026-04-28,amc,0001463101-26-000046
ENPH,2026-07-28,amc,0001463101-26-000080
EOG,2019-08-01,amc,0000821189-19-000029
EOG,2019-11-06,amc,0000821189-19-000038
EOG,2020-02-27,amc,0000821189-20-000009
EOG,2020-05-07,amc,0000821189-20-000027
EOG,2020-08-06,amc,0000821189-20-000039
EOG,2020-11-05,amc,0000821189-20-000052
EOG,2021-02-25,amc,0000821189-21-000014
EOG,2021-05-06,amc,0000821189-21-000045
EOG,2021-08-04,amc,0000821189-21-000074
EOG,2021-11-04,amc,0000821189-21-000088
EOG,2022-02-24,amc,0000821189-22-000015
EOG,2022-05-05,amc,0000821189-22-000027
EOG,2022-08-04,amc,0000821189-22-000039
EOG,2022-11-03,amc,0000821189-22-000054
EOG,2023-02-23,amc,0000821189-23-000014
EOG,2023-05-04,amc,0000821189-23-000023
EOG,2023-08-03,amc,0000821189-23-000039
EOG,2023-11-02,amc,0000821189-23-000050
EOG,2024-02-22,amc,0000821189-24-000009
EOG,2024-05-02,amc,0000821189-24-000020
EOG,2024-08-01,amc,0000821189-24-000030
EOG,2024-11-07,amc,0000821189-24-000046
EOG,2025-02-27,amc,0000821189-25-000010
EOG,2025-04-10,amc,0000821189-25-000015
EOG,2025-05-01,amc,0000821189-25-000019
EOG,2025-07-09,amc,0000821189-25-000036
EOG,2025-08-07,amc,0000821189-25-000069
EOG,2025-10-08,amc,0000821189-25-000101
EOG,2025-11-06,amc,0000821189-25-000129
EOG,2026-01-12,amc,0000821189-26-000012
EOG,2026-02-24,amc,0000821189-26-000052
EOG,2026-04-09,amc,0000821189-26-000078
EOG,2026-05-05,amc,0000821189-26-000102
EOG,2026-07-09,amc,0000821189-26-000140
EOG,2026-08-04,amc,0000821189-26-000147
EPD,2019-07-31,amc,0001061219-19-000023
EPD,2019-10-28,bmo,0001140361-19-019110
EPD,2020-01-30,bmo,0001140361-20-001781
EPD,2020-04-29,bmo,0001140361-20-010032
EPD,2020-07-29,bmo,0001140361-20-016902
EPD,2020-10-28,bmo,0001140361-20-023908
EPD,2021-02-03,bmo,0001140361-21-003182
EPD,2021-05-03,bmo,0001140361-21-015411
EPD,2021-07-28,bmo,0001140361-21-025826
EPD,2021-11-02,bmo,0001140361-21-036196
EPD,2022-02-01,bmo,0001140361-22-003420
EPD,2022-05-02,bmo,0001140361-22-017072
EPD,2022-08-03,bmo,0001140361-22-027890
EPD,2022-11-01,bmo,0001140361-22-039229
EPD,2023-02-01,bmo,0001140361-23-003663
EPD,2023-05-02,bmo,0001140361-23-022246
EPD,2023-08-01,bmo,0001140361-23-037141
EPD,2023-10-31,bmo,0001140361-23-050346
EPD,2024-02-01,bmo,0001140361-24-004973
EPD,2024-04-30,bmo,0001140361-24-023186
EPD,2024-07-30,bmo,0001140361-24-034776
EPD,2024-10-29,bmo,0001140361-24-044469
EPD,2025-02-04,bmo,0001140361-25-002931
EPD,2025-04-29,bmo,0001140361-25-016143
EPD,2025-07-28,bmo,0001061219-25-000020
EPD,2025-10-30,amc,0001061219-25-000033
EPD,2026-02-03,amc,0001061219-26-000002
EPD,2026-04-28,amc,0001061219-26-000010
EPD,2026-07-30,amc,0001061219-26-000017
EQH,2019-08-08,amc,0001333986-19-000024
EQH,2019-11-06,amc,0001333986-19-000029
EQH,2020-02-26,amc,0001333986-20-000011
EQH,2020-04-27,amc,0001333986-20-000022
EQH,2020-05-07,amc,0001333986-20-000028
EQH,2020-08-04,amc,0001333986-20-000037
EQH,2020-11-04,amc,0001333986-20-000049
EQH,2021-02-23,amc,0001333986-21-000008
EQH,2021-05-05,amc,0001333986-21-000016
EQH,2021-08-04,amc,0001333986-21-000023
EQH,2021-11-03,amc,0001333986-21-000031
EQH,2022-02-10,amc,0001333986-22-000003
EQH,2022-05-09,amc,0001333986-22-000010
EQH,2022-08-03,amc,0001333986-22-000015
EQH,2022-11-02,amc,0001333986-22-000020
EQH,2023-02-08,amc,0001333986-23-000002
EQH,2023-04-04,amc,0001333986-23-000006
EQH,2023-05-03,amc,0001333986-23-000008
EQH,2023-08-02,amc,0001333986-23-000023
EQH,2023-10-31,amc,0001333986-23-000032
EQH,2024-02-06,amc,0001333986-24-000004
EQH,2024-04-30,amc,0001333986-24-000015
EQH,2024-07-30,amc,0001333986-24-000023
EQH,2024-11-04,amc,0001333986-24-000030
EQH,2025-02-05,amc,0001333986-25-000007
EQH,2025-04-29,amc,0001333986-25-000015
EQH,2025-08-05,amc,0001333986-25-000043
EQH,2025-11-04,amc,0001333986-25-000064
EQH,2026-02-04,amc,0001333986-26-000004
EQH,2026-05-04,amc,0001333986-26-000020
EQH,2026-08-04,amc,0001333986-26-000035
ESI,2019-08-02,bmo,0001590714-19-000136
ESI,2019-11-07,bmo,0001590714-19-000152
ESI,2020-02-26,bmo,0001590714-20-000016
ESI,2020-04-30,bmo,0001590714-20-000050
ESI,2020-08-04,bmo,0001590714-20-000100
ESI,2020-10-27,amc,0001590714-20-000127
ESI,2021-02-24,amc,0001590714-21-000019
ESI,2021-04-28,amc,0001590714-21-000037
ESI,2021-07-28,amc,0001590714-21-000076
ESI,2021-10-27,amc,0001590714-21-000089
ESI,2022-02-22,amc,0001590714-22-000021
ESI,2022-04-27,amc,0001590714-22-000043
ESI,2022-07-27,amc,0001590714-22-000071
ESI,2022-10-26,amc,0001590714-22-000079
ESI,2023-02-21,amc,0001590714-23-000025
ESI,2023-04-26,amc,0001590714-23-000043
ESI,2023-07-26,amc,0001590714-23-000071
ESI,2023-10-25,amc,0001590714-23-000081
ESI,2024-02-20,amc,0001590714-24-000039
ESI,2024-04-29,amc,0001590714-24-000087
ESI,2024-07-29,amc,0001590714-24-000132
ESI,2024-10-28,amc,0001590714-24-000143
ESI,2025-02-18,amc,0001590714-25-000020
ESI,2025-04-23,amc,0001590714-25-000038
ESI,2025-07-30,amc,0001590714-25-000075
ESI,2025-10-28,amc,0001590714-25-000084
ESI,2026-02-17,amc,0001590714-26-000017
ESI,2026-04-28,amc,0001590714-26-000039
ESI,2026-07-27,amc,0001590714-26-000063
ET,2019-08-07,amc,0001276187-19-000030
ET,2019-11-06,amc,0001276187-19-000047
ET,2020-02-19,amc,0001276187-20-000009
ET,2020-05-11,amc,0001276187-20-000019
ET,2020-08-05,amc,0001276187-20-000022
ET,2020-11-04,amc,0001276187-20-000041
ET,2021-02-17,amc,0001276187-21-000023
ET,2021-05-06,amc,0001276187-21-000043
ET,2021-08-03,amc,0001276187-21-000062
ET,2021-11-03,amc,0001276187-21-000073
ET,2022-02-16,amc,0001276187-22-000010
ET,2022-05-04,amc,0001276187-22-000039
ET,2022-08-03,amc,0001276187-22-000054
ET,2022-11-01,amc,0001276187-22-000068
ET,2023-02-15,amc,0001276187-23-000008
ET,2023-05-02,amc,0001276187-23-000029
ET,2023-08-02,amc,0001276187-23-000056
ET,2023-11-01,amc,0001276187-23-000088
ET,2024-02-14,amc,0001276187-24-000016
ET,2024-05-08,amc,0001276187-24-000035
ET,2024-08-07,amc,0001276187-24-000074
ET,2024-11-06,amc,0001276187-24-000102
ET,2025-02-11,amc,0001276187-25-000008
ET,2025-05-06,amc,0001276187-25-000048
ET,2025-08-06,amc,0001276187-25-000080
ET,2025-11-05,amc,0001276187-25-000116
ET,2026-02-17,bmo,0001276187-26-000004
ET,2026-05-05,bmo,0001276187-26-000021
ET,2026-08-04,bmo,0001276187-26-000033
ETN,2019-07-30,bmo,0001157523-19-001615
ETN,2019-10-29,bmo,0001157523-19-002116
ETN,2020-01-27,intraday,0001551182-20-000011
ETN,2020-02-04,bmo,0001157523-20-000141
ETN,2020-04-30,bmo,0001157523-20-000609
ETN,2020-07-29,bmo,0001157523-20-001051
ETN,2020-11-03,bmo,0001157523-20-001419
ETN,2021-02-02,bmo,0001157523-21-000119
ETN,2021-05-04,bmo,0001157523-21-000572
ETN,2021-08-03,bmo,0001157523-21-000971
ETN,2021-11-02,bmo,0001157523-21-001301
ETN,2022-02-04,bmo,0001157523-22-000149
ETN,2022-05-03,bmo,0001157523-22-000535
ETN,2022-08-02,bmo,0001157523-22-000983
ETN,2022-11-01,bmo,0001157523-22-001451
ETN,2023-02-08,bmo,0001157523-23-000204
ETN,2023-05-02,bmo,0001157523-23-000671
ETN,2023-08-01,bmo,0001157523-23-001199
ETN,2023-10-31,bmo,0001157523-23-001583
ETN,2024-02-01,bmo,0001157523-24-000149
ETN,2024-04-30,bmo,0001551182-24-000010
ETN,2024-08-01,bmo,0001551182-24-000033
ETN,2024-10-31,bmo,0001551182-24-000038
ETN,2025-01-31,bmo,0001551182-25-000003
ETN,2025-05-02,bmo,0001551182-25-000011
ETN,2025-08-05,bmo,0001551182-25-000025
ETN,2025-11-04,bmo,0001551182-25-000033
ETN,2026-02-03,bmo,0001551182-26-000002
ETN,2026-05-05,bmo,0001551182-26-000010
ETN,2026-07-31,bmo,0001551182-26-000027
ETR,2019-07-31,intraday,0000065984-19-000252
ETR,2019-10-30,intraday,0000065984-19-000312
ETR,2020-02-19,intraday,0000065984-20-000066
ETR,2020-05-11,intraday,0000065984-20-000152
ETR,2020-07-29,bmo,0000065984-20-000217
ETR,2020-10-28,bmo,0000065984-20-000276
ETR,2021-02-24,bmo,0000065984-21-000089
ETR,2021-04-28,bmo,0000065984-21-000172
ETR,2021-08-04,bmo,0000065984-21-000234
ETR,2021-11-03,bmo,0000065984-21-000289
ETR,2022-02-23,bmo,0000065984-22-000013
ETR,2022-04-27,bmo,0000065984-22-000058
ETR,2022-08-03,bmo,0000065984-22-000126
ETR,2022-11-02,bmo,0000065984-22-000178
ETR,2023-02-16,bmo,0000065984-23-000007
ETR,2023-04-26,bmo,0000065984-23-000030
ETR,2023-08-02,bmo,0000065984-23-000069
ETR,2023-10-30,bmo,0000065984-23-000086
ETR,2023-11-01,bmo,0000065984-23-000090
ETR,2024-02-22,bmo,0000065984-24-000008
ETR,2024-04-18,amc,0000065984-24-000039
ETR,2024-04-24,bmo,0000065984-24-000044
ETR,2024-08-01,bmo,0000065984-24-000090
ETR,2024-10-31,bmo,0000065984-24-000108
ETR,2025-02-18,bmo,0000065984-25-000009
ETR,2025-04-29,bmo,0000065984-25-000042
ETR,2025-07-30,bmo,0000065984-25-000082
ETR,2025-10-29,bmo,0000065984-25-000126
ETR,2026-02-12,bmo,0000065984-26-000164
ETR,2026-04-29,bmo,0000065984-26-000217
ETR,2026-07-29,bmo,0000065984-26-000279
ETSY,2019-08-01,amc,0001370637-19-000143
ETSY,2019-10-30,amc,0001370637-19-000180
ETSY,2020-02-26,amc,0001370637-20-000042
ETSY,2020-04-02,amc,0001370637-20-000095
ETSY,2020-05-06,amc,0001370637-20-000136
ETSY,2020-08-05,amc,0001370637-20-000207
ETSY,2020-10-28,amc,0001370637-20-000213
ETSY,2021-02-25,amc,0001370637-21-000009
ETSY,2021-05-05,amc,0001370637-21-000020
ETSY,2021-08-04,amc,0001370637-21-000047
ETSY,2021-11-03,amc,0001370637-21-000069
ETSY,2022-02-24,amc,0001370637-22-000020
ETSY,2022-05-04,amc,0001370637-22-000047
ETSY,2022-07-27,amc,0001370637-22-000065
ETSY,2022-11-02,amc,0001370637-22-000078
ETSY,2023-02-22,amc,0001370637-23-000010
ETSY,2023-05-03,amc,0001370637-23-000047
ETSY,2023-08-02,amc,0001370637-23-000070
ETSY,2023-11-01,amc,0001370637-23-000077
ETSY,2024-02-21,amc,0001370637-24-000011
ETSY,2024-05-01,amc,0001370637-24-000028
ETSY,2024-07-31,amc,0001370637-24-000041
ETSY,2024-10-30,amc,0001370637-24-000050
ETSY,2025-02-19,bmo,0001370637-25-000015
ETSY,2025-04-30,bmo,0001370637-25-000038
ETSY,2025-07-30,bmo,0001370637-25-000064
ETSY,2025-10-29,bmo,0001370637-25-000098
ETSY,2026-02-18,amc,0001370637-26-000012
ETSY,2026-02-19,bmo,0001370637-26-000017
ETSY,2026-04-29,bmo,0001370637-26-000042
ETSY,2026-08-05,amc,0001370637-26-000079
EVRG,2019-08-07,amc,0001711269-19-000047
EVRG,2019-11-06,amc,0001711269-19-000062
EVRG,2020-03-02,bmo,0001711269-20-000006
EVRG,2020-05-06,amc,0001711269-20-000030
EVRG,2020-08-05,bmo,0001711269-20-000044
EVRG,2020-11-05,bmo,0001711269-20-000062
EVRG,2021-02-26,bmo,0001711269-21-000019
EVRG,2021-05-06,bmo,0001711269-21-000042
EVRG,2021-08-05,bmo,0001711269-21-000054
EVRG,2021-11-03,bmo,0001711269-21-000065
EVRG,2022-02-25,bmo,0001711269-22-000010
EVRG,2022-05-05,bmo,0001711269-22-000024
EVRG,2022-08-04,bmo,0001711269-22-000041
EVRG,2022-11-04,bmo,0001711269-22-000051
EVRG,2023-02-24,bmo,0001193125-23-047461
EVRG,2023-05-05,bmo,0001193125-23-136559
EVRG,2023-08-04,bmo,0001193125-23-203364
EVRG,2023-11-07,bmo,0001193125-23-271903
EVRG,2024-02-29,bmo,0001193125-24-051758
EVRG,2024-05-09,bmo,0001193125-24-134748
EVRG,2024-08-09,bmo,0001193125-24-197470
EVRG,2024-11-07,bmo,0001193125-24-252590
EVRG,2025-02-27,bmo,0001193125-25-037579
EVRG,2025-05-08,bmo,0001193125-25-115454
EVRG,2025-08-07,bmo,0001193125-25-174939
EVRG,2025-11-06,bmo,0001193125-25-268034
EVRG,2026-02-19,bmo,0001193125-26-058075
EVRG,2026-05-07,bmo,0001193125-26-210269
EVRG,2026-08-06,bmo,0001193125-26-336661
EW,2019-07-23,amc,0001099800-19-000017
EW,2019-10-23,amc,0001099800-19-000022
EW,2020-01-30,amc,0001099800-20-000002
EW,2020-04-23,amc,0001099800-20-000007
EW,2020-07-23,amc,0001099800-20-000017
EW,2020-10-22,amc,0001099800-20-000022
EW,2021-01-27,amc,0001099800-21-000004
EW,2021-04-20,amc,0001099800-21-000010
EW,2021-07-29,amc,0001099800-21-000020
EW,2021-10-27,amc,0001099800-21-000024
EW,2022-01-26,amc,0001099800-22-000002
EW,2022-04-26,amc,0001099800-22-000007
EW,2022-07-28,amc,0001099800-22-000016
EW,2022-10-27,amc,0001099800-22-000023
EW,2023-01-31,amc,0001099800-23-000003
EW,2023-04-26,amc,0001099800-23-000019
EW,2023-07-26,amc,0001099800-23-000032
EW,2023-10-25,amc,0001099800-23-000037
EW,2024-02-06,amc,0001099800-24-000002
EW,2024-04-25,amc,0001099800-24-000037
EW,2024-07-24,amc,0001099800-24-000069
EW,2024-10-24,amc,0001099800-24-000084
EW,2025-02-11,amc,0001099800-25-000003
EW,2025-04-23,amc,0001099800-25-000020
EW,2025-07-24,amc,0001099800-25-000037
EW,2025-10-30,amc,0001099800-25-000059
EW,2026-02-10,amc,0001099800-26-000006
EW,2026-04-23,amc,0001099800-26-000021
EW,2026-07-23,amc,0001099800-26-000038
EXC,2019-08-01,bmo,0001628280-19-009683
EXC,2019-10-31,bmo,0001109357-19-000110
EXC,2020-02-11,bmo,0001109357-20-000050
EXC,2020-05-08,bmo,0001109357-20-000106
EXC,2020-08-04,bmo,0001109357-20-000161
EXC,2020-11-03,bmo,0001109357-20-000204
EXC,2021-02-24,bmo,0001109357-21-000018
EXC,2021-05-05,bmo,0001109357-21-000047
EXC,2021-08-04,bmo,0001109357-21-000077
EXC,2021-11-03,bmo,0001109357-21-000104
EXC,2022-05-09,bmo,0001109357-22-000056
EXC,2022-08-03,bmo,0001109357-22-000089
EXC,2022-11-03,bmo,0001109357-22-000110
EXC,2023-02-14,bmo,0001109357-23-000016
EXC,2023-05-03,bmo,0001109357-23-000036
EXC,2023-08-02,bmo,0001109357-23-000064
EXC,2023-11-02,bmo,0001109357-23-000093
EXC,2024-02-21,bmo,0001109357-24-000050
EXC,2024-05-02,bmo,0001109357-24-000114
EXC,2024-08-01,bmo,0001109357-24-000154
EXC,2024-10-30,bmo,0001109357-24-000183
EXC,2025-02-12,bmo,0001109357-25-000041
EXC,2025-05-01,bmo,0001109357-25-000110
EXC,2025-07-31,bmo,0001109357-25-000167
EXC,2025-11-04,bmo,0001109357-25-000179
EXC,2026-02-12,bmo,0001109357-26-000014
EXC,2026-05-06,bmo,0001109357-26-000061
EXC,2026-07-30,bmo,0001109357-26-000077
EXEL,2019-07-31,amc,0000939767-19-000156
EXEL,2019-10-30,amc,0000939767-19-000189
EXEL,2020-01-13,amc,0000939767-20-000007
EXEL,2020-02-25,amc,0000939767-20-000034
EXEL,2020-05-05,amc,0000939767-20-000067
EXEL,2020-08-06,amc,0000939767-20-000116
EXEL,2020-11-05,amc,0000939767-20-000149
EXEL,2021-01-11,amc,0000939767-21-000005
EXEL,2021-02-10,amc,0001628280-21-001801
EXEL,2021-05-06,amc,0000939767-21-000044
EXEL,2021-08-05,amc,0000939767-21-000075
EXEL,2021-11-02,amc,0000939767-21-000096
EXEL,2022-01-10,amc,0000939767-22-000010
EXEL,2022-02-17,amc,0000939767-22-000016
EXEL,2022-05-10,amc,0000939767-22-000057
EXEL,2022-08-09,amc,0000939767-22-000096
EXEL,2022-11-01,amc,0000939767-22-000108
EXEL,2023-01-09,amc,0000939767-23-000003
EXEL,2023-02-07,amc,0000939767-23-000017
EXEL,2023-05-09,amc,0000939767-23-000047
EXEL,2023-08-01,amc,0000939767-23-000078
EXEL,2023-11-01,amc,0000939767-23-000112
EXEL,2024-01-08,bmo,0000939767-24-000002
EXEL,2024-02-06,amc,0000939767-24-000025
EXEL,2024-04-30,amc,0000939767-24-000054
EXEL,2024-08-06,amc,0000939767-24-000116
EXEL,2024-10-29,amc,0000939767-24-000149
EXEL,2025-01-13,amc,0000939767-25-000004
EXEL,2025-02-11,amc,0000939767-25-000017
EXEL,2025-05-13,amc,0000939767-25-000074
EXEL,2025-07-28,amc,0000939767-25-000111
EXEL,2025-11-04,amc,0000939767-25-000127
EXEL,2026-01-12,amc,0000939767-26-000003
EXEL,2026-02-10,amc,0000939767-26-000019
EXEL,2026-05-05,amc,0000939767-26-000058
EXEL,2026-08-05,amc,0000939767-26-000096
FANG,2019-08-06,amc,0001539838-19-000092
FANG,2019-11-05,amc,0001539838-19-000115
FANG,2020-02-18,amc,0001539838-20-000006
FANG,2020-05-04,amc,0001539838-20-000050
FANG,2020-08-03,amc,0001539838-20-000090
FANG,2020-11-02,amc,0001539838-20-000108
FANG,2021-02-22,amc,0001539838-21-000004
FANG,2021-04-16,amc,0001539838-21-000059
FANG,2021-05-04,amc,0001539838-21-000063
FANG,2021-08-02,amc,0001539838-21-000111
FANG,2021-11-01,amc,0001539838-21-000121
FANG,2022-02-22,amc,0001193125-22-048650
FANG,2022-04-07,amc,0001539838-22-000050
FANG,2022-05-02,amc,0001539838-22-000054
FANG,2022-08-01,amc,0001539838-22-000127
FANG,2022-11-07,amc,0001539838-22-000163
FANG,2023-02-21,amc,0001539838-23-000018
FANG,2023-04-20,amc,0001539838-23-000034
FANG,2023-05-01,amc,0001539838-23-000042
FANG,2023-07-11,bmo,0001539838-23-000095
FANG,2023-07-31,amc,0001539838-23-000098
FANG,2023-10-10,amc,0001539838-23-000126
FANG,2023-11-06,amc,0001539838-23-000129
FANG,2024-01-10,amc,0001539838-24-000009
FANG,2024-02-12,bmo,0001140361-24-006881
FANG,2024-02-20,amc,0001539838-24-000013
FANG,2024-04-10,amc,0001539838-24-000075
FANG,2024-04-30,amc,0001539838-24-000088
FANG,2024-07-11,amc,0001539838-24-000144
FANG,2024-08-05,amc,0001539838-24-000147
FANG,2024-10-01,amc,0001539838-24-000188
FANG,2024-10-10,amc,0001539838-24-000191
FANG,2024-11-04,amc,0001539838-24-000195
FANG,2025-01-13,amc,0001539838-25-000003
FANG,2025-02-24,amc,0001539838-25-000016
FANG,2025-04-16,amc,0001539838-25-000058
FANG,2025-05-05,amc,0001539838-25-000063
FANG,2025-07-10,amc,0001539838-25-000120
FANG,2025-08-04,amc,0001539838-25-000124
FANG,2025-10-09,amc,0001539838-25-000141
FANG,2025-11-03,amc,0001539838-25-000144
FANG,2026-01-12,amc,0001539838-26-000003
FANG,2026-02-23,amc,0001539838-26-000006
FANG,2026-04-13,amc,0001539838-26-000070
FANG,2026-05-04,amc,0001539838-26-000073
FANG,2026-07-13,amc,0001539838-26-000134
FANG,2026-08-03,amc,0001539838-26-000137
FAST,2019-07-11,bmo,0000815556-19-000044
FAST,2019-10-11,bmo,0000815556-19-000055
FAST,2020-01-17,bmo,0000815556-20-000003
FAST,2020-04-14,bmo,0000815556-20-000027
FAST,2020-07-14,bmo,0000815556-20-000051
FAST,2020-10-13,bmo,0000815556-20-000064
FAST,2021-01-20,bmo,0000815556-21-000002
FAST,2021-04-13,bmo,0000815556-21-000015
FAST,2021-07-13,bmo,0000815556-21-000028
FAST,2021-10-12,bmo,0000815556-21-000037
FAST,2022-01-19,bmo,0000815556-22-000003
FAST,2022-04-13,bmo,0000815556-22-000017
FAST,2022-07-13,bmo,0000815556-22-000031
FAST,2022-10-13,bmo,0000815556-22-000038
FAST,2023-01-19,bmo,0000815556-23-000002
FAST,2023-04-13,bmo,0000815556-23-000019
FAST,2023-07-13,bmo,0000815556-23-000039
FAST,2023-10-12,bmo,0000815556-23-000043
FAST,2024-01-18,bmo,0000815556-24-000002
FAST,2024-04-11,bmo,0000815556-24-000017
FAST,2024-07-12,bmo,0000815556-24-000028
FAST,2024-10-11,bmo,0000815556-24-000035
FAST,2025-01-17,bmo,0000815556-25-000048
FAST,2025-04-11,bmo,0000815556-25-000079
FAST,2025-07-14,bmo,0000815556-25-000104
FAST,2025-10-14,bmo,0000815556-25-000116
FAST,2026-01-20,bmo,0000815556-26-000003
FAST,2026-04-13,bmo,0000815556-26-000019
FAST,2026-07-14,bmo,0000815556-26-000037
FCX,2019-07-01,bmo,0000831259-19-000028
FCX,2019-07-24,intraday,0000831259-19-000030
FCX,2019-10-23,amc,0000831259-19-000037
FCX,2020-01-23,amc,0000831259-20-000002
FCX,2020-04-24,bmo,0000831259-20-000018
FCX,2020-07-06,bmo,0000831259-20-000026
FCX,2020-07-23,bmo,0000831259-20-000030
FCX,2020-10-22,bmo,0000831259-20-000038
FCX,2021-01-26,bmo,0000831259-21-000004
FCX,2021-04-22,bmo,0000831259-21-000015
FCX,2021-07-22,bmo,0000831259-21-000023
FCX,2021-10-21,bmo,0000831259-21-000033
FCX,2022-01-26,bmo,0000831259-22-000004
FCX,2022-04-21,bmo,0000831259-22-000023
FCX,2022-07-21,bmo,0000831259-22-000039
FCX,2022-10-20,bmo,0000831259-22-000047
FCX,2023-01-25,bmo,0000831259-23-000004
FCX,2023-04-21,bmo,0000831259-23-000016
FCX,2023-07-20,bmo,0000831259-23-000029
FCX,2023-10-19,bmo,0000831259-23-000034
FCX,2024-01-24,bmo,0000831259-24-000002
FCX,2024-04-23,bmo,0000831259-24-000013
FCX,2024-07-02,intraday,0000831259-24-000026
FCX,2024-07-23,bmo,0000831259-24-000028
FCX,2024-10-22,bmo,0000831259-24-000036
FCX,2025-01-23,bmo,0000831259-25-000002
FCX,2025-03-31,amc,0000831259-25-000011
FCX,2025-04-24,bmo,0000831259-25-000014
FCX,2025-07-23,bmo,0000831259-25-000028
FCX,2025-10-23,bmo,0000831259-25-000048
FCX,2026-01-22,bmo,0000831259-26-000006
FCX,2026-04-23,bmo,0000831259-26-000021
FCX,2026-07-23,bmo,0000831259-26-000033
FE,2019-07-23,amc,0001031296-19-000032
FE,2019-11-04,bmo,0001031296-19-000044
FE,2020-02-07,bmo,0001031296-20-000005
FE,2020-04-23,amc,0001031296-20-000014
FE,2020-07-23,amc,0001031296-20-000027
FE,2020-11-02,bmo,0001628280-20-015195
FE,2021-02-16,amc,0001031296-21-000009
FE,2021-02-18,bmo,0001031296-21-000018
FE,2021-04-22,amc,0001031296-21-000046
FE,2021-07-22,amc,0001031296-21-000074
FE,2021-10-28,amc,0001031296-21-000086
FE,2022-02-10,amc,0001031296-22-000008
FE,2022-04-21,amc,0001031296-22-000018
FE,2022-07-26,amc,0001031296-22-000052
FE,2022-10-25,amc,0001031296-22-000067
FE,2023-02-13,amc,0001031296-23-000012
FE,2023-04-27,amc,0001031296-23-000030
FE,2023-08-01,amc,0001031296-23-000053
FE,2023-10-26,amc,0001031296-23-000059
FE,2024-02-08,amc,0001031296-24-000005
FE,2024-04-25,amc,0001031296-24-000024
FE,2024-07-30,amc,0001031296-24-000041
FE,2024-10-29,amc,0001031296-24-000054
FE,2025-02-26,amc,0001031296-25-000003
FE,2025-04-23,amc,0001031296-25-000014
FE,2025-07-30,amc,0001031296-25-000039
FE,2025-10-22,amc,0001031296-25-000080
FE,2026-02-17,amc,0001031296-26-000041
FE,2026-04-28,amc,0001031296-26-000084
FE,2026-07-28,amc,0001031296-26-000122
FHN,2019-07-16,bmo,0000036966-19-000019
FHN,2019-07-16,bmo,0001171843-19-004598
FHN,2019-10-16,bmo,0000036966-19-000030
FHN,2019-10-16,bmo,0001171843-19-006522
FHN,2020-01-17,bmo,0000036966-20-000006
FHN,2020-01-17,bmo,0001171843-20-000311
FHN,2020-04-21,bmo,0000036966-20-000013
FHN,2020-04-21,bmo,0001171843-20-002730
FHN,2020-07-17,bmo,0000036966-20-000025
FHN,2020-07-17,bmo,0001171843-20-005014
FHN,2020-10-23,bmo,0000036966-20-000043
FHN,2021-01-22,bmo,0000036966-21-000003
FHN,2021-04-21,bmo,0000036966-21-000017
FHN,2021-07-16,bmo,0000036966-21-000030
FHN,2021-10-20,bmo,0000036966-21-000041
FHN,2022-01-20,bmo,0000036966-22-000005
FHN,2022-04-19,amc,0000036966-22-000023
FHN,2022-07-19,amc,0000036966-22-000045
FHN,2022-10-18,amc,0000036966-22-000065
FHN,2023-01-18,amc,0000036966-23-000004
FHN,2023-04-18,amc,0000036966-23-000033
FHN,2023-07-19,bmo,0000036966-23-000082
FHN,2023-10-18,bmo,0000036966-23-000108
FHN,2024-01-18,bmo,0000036966-24-000004
FHN,2024-04-17,bmo,0000036966-24-000021
FHN,2024-07-17,bmo,0000036966-24-000073
FHN,2024-10-16,bmo,0000036966-24-000090
FHN,2025-01-16,bmo,0000036966-25-000003
FHN,2025-04-16,bmo,0000036966-25-000035
FHN,2025-07-16,bmo,0000036966-25-000098
FHN,2025-10-15,bmo,0000036966-25-000133
FHN,2026-01-15,bmo,0000036966-26-000012
FHN,2026-04-15,bmo,0000036966-26-000067
FHN,2026-07-15,bmo,0000036966-26-000143
FITB,2019-07-23,bmo,0001193125-19-199362
FITB,2019-10-22,bmo,0001193125-19-271175
FITB,2020-01-22,bmo,0001193125-20-011437
FITB,2020-04-21,bmo,0001193125-20-112692
FITB,2020-07-23,bmo,0000035527-20-000066
FITB,2020-10-22,bmo,0000035527-20-000094
FITB,2021-01-21,bmo,0000035527-21-000005
FITB,2021-04-20,bmo,0000035527-21-000151
FITB,2021-07-22,bmo,0000035527-21-000211
FITB,2021-10-19,bmo,0000035527-21-000241
FITB,2022-01-20,bmo,0000035527-22-000006
FITB,2022-04-19,bmo,0000035527-22-000171
FITB,2022-07-21,bmo,0000035527-22-000207
FITB,2022-10-20,bmo,0000035527-22-000224
FITB,2023-01-19,bmo,0000035527-23-000002
FITB,2023-04-20,bmo,0000035527-23-000153
FITB,2023-07-20,bmo,0000035527-23-000206
FITB,2023-10-19,bmo,0000035527-23-000244
FITB,2024-01-19,bmo,0000035527-24-000005
FITB,2024-04-19,bmo,0000035527-24-000154
FITB,2024-07-19,bmo,0000035527-24-000190
FITB,2024-10-18,bmo,0000035527-24-000236
FITB,2025-01-21,bmo,0000035527-25-000002
FITB,2025-04-17,bmo,0000035527-25-000102
FITB,2025-07-17,bmo,0000035527-25-000151
FITB,2025-10-17,bmo,0000035527-25-000200
FITB,2026-01-20,bmo,0000035527-26-000013
FITB,2026-04-17,bmo,0000035527-26-000134
FITB,2026-07-17,bmo,0000035527-26-000193
FLEX,2019-07-25,amc,0001104659-19-041852
FLEX,2019-10-24,amc,0001104659-19-056135
FLEX,2020-01-30,amc,0001104659-20-008704
FLEX,2020-05-07,amc,0001104659-20-058102
FLEX,2020-07-30,amc,0001104659-20-088503
FLEX,2020-10-29,amc,0000866374-20-000028
FLEX,2021-01-28,bmo,0000866374-21-000016
FLEX,2021-05-05,bmo,0000866374-21-000027
FLEX,2021-07-29,bmo,0000866374-21-000040
FLEX,2021-10-27,amc,0000866374-21-000059
FLEX,2022-01-26,amc,0000866374-22-000005
FLEX,2022-05-04,amc,0000866374-22-000030
FLEX,2022-07-27,amc,0000866374-22-000048
FLEX,2022-10-26,amc,0000866374-22-000070
FLEX,2023-01-25,amc,0000866374-23-000004
FLEX,2023-05-10,amc,0000866374-23-000023
FLEX,2023-07-26,amc,0000866374-23-000054
FLEX,2023-10-25,amc,0000866374-23-000063
FLEX,2024-01-31,amc,0000866374-24-000009
FLEX,2024-05-01,bmo,0000866374-24-000017
FLEX,2024-07-24,bmo,0000866374-24-000031
FLEX,2024-10-30,bmo,0000866374-24-000051
FLEX,2025-01-29,bmo,0000866374-25-000004
FLEX,2025-05-07,bmo,0000866374-25-000024
FLEX,2025-07-24,bmo,0000866374-25-000041
FLEX,2025-10-29,bmo,0000866374-25-000048
FLEX,2026-02-04,bmo,0000866374-26-000002
FLEX,2026-05-05,amc,0000866374-26-000009
FLEX,2026-07-29,bmo,0000866374-26-000026
FLR,2019-08-01,amc,0001628280-19-009781
FLR,2019-10-31,bmo,0001104659-19-058120
FLR,2020-02-18,bmo,0001104659-20-022251
FLR,2020-09-25,bmo,0001104659-20-108501
FLR,2020-10-22,bmo,0001104659-20-116971
FLR,2020-11-12,bmo,0001104659-20-123901
FLR,2020-12-10,bmo,0001104659-20-133939
FLR,2021-02-26,bmo,0001104659-21-028599
FLR,2021-05-07,bmo,0001104659-21-062732
FLR,2021-08-06,bmo,0001104659-21-101080
FLR,2021-11-05,bmo,0001104659-21-134720
FLR,2022-02-22,bmo,0001628280-22-003229
FLR,2022-05-06,bmo,0001628280-22-012828
FLR,2022-08-05,bmo,0001628280-22-021225
FLR,2022-11-04,bmo,0001628280-22-028338
FLR,2023-02-21,bmo,0001628280-23-004134
FLR,2023-05-05,bmo,0001628280-23-015983
FLR,2023-08-04,bmo,0001628280-23-027397
FLR,2023-11-03,bmo,0001628280-23-036550
FLR,2024-02-20,bmo,0001628280-24-005450
FLR,2024-05-03,bmo,0001628280-24-020122
FLR,2024-08-02,bmo,0001628280-24-034274
FLR,2024-11-08,bmo,0001628280-24-046499
FLR,2025-02-18,bmo,0001628280-25-005922
FLR,2025-05-02,bmo,0001124198-25-000009
FLR,2025-08-01,bmo,0001124198-25-000029
FLR,2025-11-07,bmo,0001124198-25-000076
FLR,2026-02-17,bmo,0001124198-26-000006
FLR,2026-05-08,bmo,0001124198-26-000063
FLR,2026-08-07,bmo,0001124198-26-000074
FOXA,2019-08-07,amc,0001193125-19-215323
FOXA,2019-11-06,amc,0001193125-19-285897
FOXA,2020-02-05,amc,0001193125-20-025355
FOXA,2020-05-06,amc,0001193125-20-134904
FOXA,2020-08-04,amc,0001193125-20-209298
FOXA,2020-11-03,bmo,0001193125-20-284433
FOXA,2021-02-09,bmo,0001193125-21-033390
FOXA,2021-05-05,amc,0001193125-21-151695
FOXA,2021-08-04,amc,0001193125-21-236300
FOXA,2021-11-03,amc,0001193125-21-318427
FOXA,2022-02-09,bmo,0001193125-22-031901
FOXA,2022-05-10,bmo,0001193125-22-145744
FOXA,2022-08-10,bmo,0001193125-22-216839
FOXA,2022-11-01,bmo,0001193125-22-274515
FOXA,2023-02-08,bmo,0001193125-23-027696
FOXA,2023-05-09,bmo,0001193125-23-138936
FOXA,2023-08-08,bmo,0001193125-23-205604
FOXA,2023-11-02,bmo,0001628280-23-036203
FOXA,2024-02-07,bmo,0001628280-24-003617
FOXA,2024-05-08,bmo,0001628280-24-021380
FOXA,2024-08-06,bmo,0001628280-24-034974
FOXA,2024-11-04,bmo,0001628280-24-044839
FOXA,2025-02-04,bmo,0001628280-25-003584
FOXA,2025-05-12,bmo,0001628280-25-024454
FOXA,2025-08-05,bmo,0001628280-25-037611
FOXA,2025-10-30,bmo,0001628280-25-047323
FOXA,2026-02-04,bmo,0001628280-26-005277
FOXA,2026-05-11,bmo,0001628280-26-033145
FOXA,2026-08-06,bmo,0001628280-26-053892
FTI,2019-07-24,amc,0001681459-19-000086
FTI,2019-10-23,amc,0001681459-19-000099
FTI,2020-02-26,amc,0001681459-20-000002
FTI,2020-04-22,amc,0001681459-20-000076
FTI,2020-07-29,amc,0001681459-20-000101
FTI,2020-10-21,amc,0001681459-20-000121
FTI,2021-02-24,amc,0001681459-21-000033
FTI,2021-04-27,amc,0001681459-21-000062
FTI,2021-07-21,amc,0001681459-21-000077
FTI,2021-10-20,amc,0001681459-21-000090
FTI,2022-02-23,amc,0001681459-22-000002
FTI,2022-04-27,amc,0001681459-22-000040
FTI,2022-07-27,amc,0001681459-22-000051
FTI,2022-10-26,amc,0001681459-22-000057
FTI,2023-02-23,bmo,0001681459-23-000013
FTI,2023-04-27,bmo,0001681459-23-000064
FTI,2023-07-27,bmo,0001681459-23-000078
FTI,2023-10-26,bmo,0001681459-23-000094
FTI,2024-02-22,bmo,0001681459-24-000043
FTI,2024-04-25,bmo,0001681459-24-000093
FTI,2024-07-25,bmo,0001681459-24-000116
FTI,2024-10-24,bmo,0001681459-24-000135
FTI,2025-02-27,bmo,0001681459-25-000032
FTI,2025-04-24,bmo,0001681459-25-000077
FTI,2025-07-24,bmo,0001681459-25-000099
FTI,2025-10-23,bmo,0001681459-25-000109
FTI,2026-02-19,bmo,0001681459-26-000006
FTI,2026-04-30,bmo,0001681459-26-000023
FTI,2026-07-30,bmo,0001681459-26-000040
FTNT,2019-08-01,amc,0001262039-19-000021
FTNT,2019-10-31,amc,0001262039-19-000032
FTNT,2020-02-06,amc,0001262039-20-000004
FTNT,2020-05-06,amc,0001262039-20-000029
FTNT,2020-08-06,amc,0001262039-20-000051
FTNT,2020-10-29,amc,0001262039-20-000063
FTNT,2021-02-04,amc,0001262039-21-000005
FTNT,2021-04-29,amc,0001262039-21-000011
FTNT,2021-07-29,amc,0001262039-21-000019
FTNT,2021-11-04,amc,0001262039-21-000027
FTNT,2022-02-03,amc,0001262039-22-000005
FTNT,2022-05-04,amc,0001262039-22-000015
FTNT,2022-08-03,amc,0001262039-22-000026
FTNT,2022-11-02,amc,0001262039-22-000035
FTNT,2023-02-07,amc,0001262039-23-000003
FTNT,2023-05-04,amc,0001262039-23-000013
FTNT,2023-08-03,amc,0001262039-23-000027
FTNT,2023-11-02,amc,0001262039-23-000035
FTNT,2024-02-06,amc,0001262039-24-000006
FTNT,2024-05-02,amc,0001262039-24-000017
FTNT,2024-08-06,amc,0001262039-24-000032
FTNT,2024-11-07,amc,0001262039-24-000040
FTNT,2025-02-06,amc,0001262039-25-000007
FTNT,2025-05-07,amc,0001262039-25-000014
FTNT,2025-08-06,amc,0001262039-25-000025
FTNT,2025-11-05,amc,0001262039-25-000036
FTNT,2026-02-05,amc,0001262039-26-000003
FTNT,2026-05-06,amc,0001262039-26-000010
FTNT,2026-07-29,amc,0001262039-26-000018
FTV,2019-07-25,amc,0001659166-19-000190
FTV,2019-10-30,amc,0001659166-19-000230
FTV,2020-02-06,amc,0001659166-20-000003
FTV,2020-04-30,amc,0001659166-20-000077
FTV,2020-07-28,amc,0001659166-20-000135
FTV,2020-10-05,bmo,0001659166-20-000173
FTV,2020-10-27,amc,0001659166-20-000184
FTV,2020-11-10,amc,0001659166-20-000200
FTV,2021-02-04,amc,0001659166-21-000033
FTV,2021-04-29,amc,0001659166-21-000149
FTV,2021-07-12,amc,0001193125-21-213064
FTV,2021-07-29,amc,0001659166-21-000198
FTV,2021-10-28,amc,0001659166-21-000233
FTV,2022-02-03,bmo,0001659166-22-000009
FTV,2022-04-28,bmo,0001659166-22-000101
FTV,2022-07-28,bmo,0001659166-22-000154
FTV,2022-10-26,bmo,0001659166-22-000189
FTV,2023-02-01,bmo,0001659166-23-000027
FTV,2023-04-26,bmo,0001659166-23-000147
FTV,2023-07-26,bmo,0001659166-23-000193
FTV,2023-10-25,bmo,0001659166-23-000230
FTV,2024-01-31,bmo,0001659166-24-000023
FTV,2024-04-24,bmo,0001659166-24-000106
FTV,2024-07-24,bmo,0001659166-24-000146
FTV,2024-10-30,bmo,0001659166-24-000161
FTV,2025-02-07,bmo,0001659166-25-000014
FTV,2025-05-01,bmo,0001659166-25-000079
FTV,2025-06-10,amc,0001659166-25-000093
FTV,2025-06-30,bmo,0001659166-25-000104
FTV,2025-07-30,bmo,0001659166-25-000119
FTV,2025-10-29,bmo,0001659166-25-000129
FTV,2026-02-04,bmo,0001659166-26-000003
FTV,2026-04-30,bmo,0001659166-26-000012
FTV,2026-07-29,bmo,0001659166-26-000033
GAP,2019-08-22,amc,0000039911-19-000105
GAP,2019-11-07,amc,0000039911-19-000129
GAP,2019-11-21,amc,0000039911-19-000140
GAP,2020-01-16,amc,0000039911-20-000003
GAP,2020-03-12,amc,0000039911-20-000012
GAP,2020-06-04,amc,0000039911-20-000066
GAP,2020-08-27,amc,0000039911-20-000103
GAP,2020-11-24,amc,0000039911-20-000137
GAP,2021-03-04,amc,0000039911-21-000011
GAP,2021-05-27,amc,0000039911-21-000058
GAP,2021-08-26,amc,0000039911-21-000105
GAP,2021-11-23,amc,0000039911-21-000130
GAP,2022-03-03,amc,0000039911-22-000005
GAP,2022-05-26,amc,0000039911-22-000034
GAP,2022-08-25,amc,0000039911-22-000070
GAP,2022-11-17,amc,0000039911-22-000089
GAP,2023-03-09,amc,0000039911-23-000007
GAP,2023-05-25,amc,0000039911-23-000039
GAP,2023-08-24,amc,0000039911-23-000104
GAP,2023-11-16,amc,0000039911-23-000130
GAP,2024-03-07,amc,0000039911-24-000014
GAP,2024-05-30,amc,0000039911-24-000127
GAP,2024-08-29,intraday,0000039911-24-000176
GAP,2024-11-21,amc,0000039911-24-000200
GAP,2025-03-06,amc,0000039911-25-000004
GAP,2025-05-29,amc,0000039911-25-000075
GAP,2025-08-28,amc,0000039911-25-000110
GAP,2025-11-20,amc,0001628280-25-053392
GAP,2026-03-05,amc,0001628280-26-015208
GAP,2026-05-28,amc,0001628280-26-038825
GE,2019-07-31,bmo,0000040545-19-000055
GE,2019-10-30,bmo,0000040545-19-000067
GE,2020-01-29,bmo,0000040545-20-000002
GE,2020-04-09,bmo,0000040545-20-000016
GE,2020-04-13,bmo,0000930413-20-001065
GE,2020-07-29,bmo,0000040545-20-000045
GE,2020-10-28,bmo,0000040545-20-000057
GE,2021-01-26,bmo,0000040545-21-000002
GE,2021-04-27,bmo,0000040545-21-000025
GE,2021-07-27,bmo,0000040545-21-000051
GE,2021-10-26,bmo,0000040545-21-000063
GE,2022-01-25,bmo,0000040545-22-000002
GE,2022-04-26,bmo,0000040545-22-000026
GE,2022-07-26,bmo,0000040545-22-000048
GE,2022-10-25,bmo,0000040545-22-000059
GE,2023-01-10,bmo,0000040545-23-000017
GE,2023-01-24,bmo,0000040545-23-000019
GE,2023-04-25,bmo,0000040545-23-000135
GE,2023-07-25,bmo,0000040545-23-000196
GE,2023-10-24,bmo,0000040545-23-000240
GE,2024-01-23,bmo,0000040545-24-000024
GE,2024-04-23,bmo,0000040545-24-000112
GE,2024-07-23,bmo,0000040545-24-000174
GE,2024-10-22,bmo,0000040545-24-000199
GE,2025-01-23,bmo,0000040545-25-000009
GE,2025-04-22,bmo,0000040545-25-000061
GE,2025-07-17,bmo,0000040545-25-000108
GE,2025-10-21,bmo,0000040545-25-000131
GE,2026-01-22,bmo,0000040545-26-000005
GE,2026-04-21,bmo,0000040545-26-000026
GE,2026-07-16,bmo,0000040545-26-000047
GEN,2019-08-08,amc,0001157523-19-001784
GEN,2019-11-07,amc,0001157523-19-002234
GEN,2020-02-06,amc,0001157523-20-000166
GEN,2020-05-14,amc,0001157523-20-000745
GEN,2020-08-06,amc,0001157523-20-001152
GEN,2020-11-05,amc,0001157523-20-001452
GEN,2021-02-04,amc,0001157523-21-000144
GEN,2021-05-10,amc,0001157523-21-000641
GEN,2021-07-27,amc,0001157523-21-000930
GEN,2021-11-04,amc,0000849399-21-000019
GEN,2022-02-03,amc,0000849399-22-000005
GEN,2022-05-05,amc,0000849399-22-000010
GEN,2022-08-04,amc,0000849399-22-000016
GEN,2022-11-08,amc,0000849399-22-000023
GEN,2023-02-02,amc,0000849399-23-000005
GEN,2023-05-11,amc,0000849399-23-000011
GEN,2023-08-03,amc,0000849399-23-000016
GEN,2023-11-07,bmo,0000849399-23-000027
GEN,2024-02-01,amc,0000849399-24-000006
GEN,2024-05-09,amc,0000849399-24-000022
GEN,2024-08-01,amc,0000849399-24-000040
GEN,2024-10-30,amc,0000849399-24-000079
GEN,2025-01-30,amc,0000849399-25-000003
GEN,2025-05-06,amc,0000849399-25-000025
GEN,2025-08-07,amc,0000849399-25-000057
GEN,2025-11-06,amc,0000849399-25-000087
GEN,2026-02-05,amc,0000849399-26-000002
GEN,2026-05-07,amc,0000849399-26-000014
GEN,2026-08-06,amc,0000849399-26-000028
GILD,2019-07-30,amc,0000882095-19-000017
GILD,2019-10-24,amc,0000882095-19-000024
GILD,2020-02-04,amc,0000882095-20-000003
GILD,2020-04-30,amc,0000882095-20-000009
GILD,2020-07-30,amc,0000882095-20-000016
GILD,2020-10-28,amc,0000882095-20-000023
GILD,2021-01-11,bmo,0000882095-21-000002
GILD,2021-02-04,amc,0000882095-21-000005
GILD,2021-04-29,amc,0000882095-21-000010
GILD,2021-07-29,amc,0000882095-21-000018
GILD,2021-10-28,amc,0000882095-21-000024
GILD,2022-02-01,amc,0000882095-22-000003
GILD,2022-02-01,amc,0001104659-22-010300
GILD,2022-04-28,amc,0000882095-22-000010
GILD,2022-08-02,amc,0000882095-22-000016
GILD,2022-10-27,amc,0000882095-22-000022
GILD,2023-02-02,amc,0000882095-23-000003
GILD,2023-04-27,amc,0000882095-23-000014
GILD,2023-08-03,amc,0000882095-23-000022
GILD,2023-11-07,amc,0000882095-23-000029
GILD,2024-02-06,amc,0000882095-24-000003
GILD,2024-04-25,amc,0000882095-24-000010
GILD,2024-08-08,amc,0000882095-24-000020
GILD,2024-11-06,amc,0000882095-24-000025
GILD,2025-02-11,amc,0000882095-25-000003
GILD,2025-04-24,amc,0000882095-25-000009
GILD,2025-08-07,amc,0000882095-25-000030
GILD,2025-10-30,amc,0000882095-25-000044
GILD,2026-02-10,amc,0000882095-26-000003
GILD,2026-05-07,amc,0000882095-26-000022
GILD,2026-08-04,amc,0000882095-26-000028
GIS,2019-06-26,bmo,0001564590-19-023552
GIS,2019-09-18,bmo,0001564590-19-034933
GIS,2019-12-18,bmo,0001564590-19-046264
GIS,2020-03-18,bmo,0001564590-20-011516
GIS,2020-07-01,bmo,0001564590-20-031393
GIS,2020-09-23,bmo,0001564590-20-044308
GIS,2020-12-17,bmo,0001564590-20-057325
GIS,2021-03-24,bmo,0001564590-21-014966
GIS,2021-06-30,bmo,0001564590-21-035223
GIS,2021-09-22,bmo,0001193125-21-278865
GIS,2021-12-21,bmo,0001193125-21-363009
GIS,2022-03-23,bmo,0001193125-22-082072
GIS,2022-06-29,bmo,0001193125-22-184385
GIS,2022-09-21,bmo,0001193125-22-248018
GIS,2022-12-20,bmo,0001193125-22-308741
GIS,2023-03-23,bmo,0001193125-23-077267
GIS,2023-06-28,bmo,0001193125-23-176744
GIS,2023-09-20,bmo,0001193125-23-238038
GIS,2023-12-20,bmo,0001193125-23-299294
GIS,2024-03-20,bmo,0001193125-24-072050
GIS,2024-06-26,bmo,0001193125-24-168511
GIS,2024-09-18,bmo,0001193125-24-221059
GIS,2024-12-18,bmo,0001193125-24-280822
GIS,2025-03-19,bmo,0001193125-25-057150
GIS,2025-06-25,bmo,0001193125-25-146132
GIS,2025-09-17,bmo,0001193125-25-205477
GIS,2025-12-17,bmo,0001628280-25-057486
GIS,2026-03-18,bmo,0001628280-26-019020
GIS,2026-07-01,bmo,0001628280-26-046337
GLW,2019-07-30,bmo,0000024741-19-000048
GLW,2019-10-29,bmo,0000024741-19-000057
GLW,2020-01-29,bmo,0000024741-20-000009
GLW,2020-04-28,bmo,0000024741-20-000022
GLW,2020-07-28,bmo,0000024741-20-000050
GLW,2020-10-27,bmo,0000024741-20-000061
GLW,2021-01-27,bmo,0000024741-21-000007
GLW,2021-04-27,bmo,0001437749-21-009849
GLW,2021-07-27,bmo,0001437749-21-017620
GLW,2021-10-26,bmo,0001437749-21-024260
GLW,2022-01-26,bmo,0001437749-22-001651
GLW,2022-04-26,bmo,0001437749-22-009689
GLW,2022-07-26,bmo,0001437749-22-017731
GLW,2022-10-25,bmo,0001437749-22-024657
GLW,2023-01-31,bmo,0001437749-23-002082
GLW,2023-04-25,bmo,0001437749-23-010959
GLW,2023-07-25,bmo,0001437749-23-020585
GLW,2023-10-24,bmo,0001437749-23-028803
GLW,2024-01-30,bmo,0001437749-24-002506
GLW,2024-04-30,bmo,0001437749-24-013839
GLW,2024-07-08,bmo,0001206774-24-000650
GLW,2024-07-30,bmo,0001437749-24-023825
GLW,2024-10-29,bmo,0001437749-24-032360
GLW,2025-01-29,bmo,0001628280-25-002912
GLW,2025-04-29,bmo,0001628280-25-020470
GLW,2025-07-29,bmo,0001628280-25-036303
GLW,2025-10-28,bmo,0000024741-25-000109
GLW,2026-01-28,bmo,0000024741-26-000034
GLW,2026-04-28,bmo,0000024741-26-000198
GLW,2026-07-28,bmo,0000024741-26-000253
GM,2019-08-01,intraday,0001467858-19-000104
GM,2019-10-29,intraday,0001467858-19-000117
GM,2020-02-05,bmo,0001467858-20-000023
GM,2020-05-06,bmo,0001467858-20-000067
GM,2020-07-29,bmo,0001467858-20-000110
GM,2020-11-05,intraday,0001467858-20-000126
GM,2021-02-10,bmo,0001467858-21-000035
GM,2021-05-05,bmo,0001467858-21-000115
GM,2021-08-04,bmo,0001467858-21-000141
GM,2021-10-27,bmo,0001467858-21-000151
GM,2022-02-01,amc,0001467858-22-000032
GM,2022-04-26,amc,0001467858-22-000077
GM,2022-07-01,bmo,0001467858-22-000088
GM,2022-07-26,bmo,0001467858-22-000091
GM,2022-10-25,bmo,0001467858-22-000113
GM,2023-01-31,bmo,0001467858-23-000027
GM,2023-04-25,bmo,0001467858-23-000074
GM,2023-07-25,bmo,0001467858-23-000095
GM,2023-10-24,bmo,0001467858-23-000104
GM,2024-01-30,bmo,0001467858-24-000029
GM,2024-04-23,bmo,0001467858-24-000074
GM,2024-07-23,bmo,0001467858-24-000100
GM,2024-10-22,bmo,0001467858-24-000115
GM,2025-01-28,bmo,0001467858-25-000030
GM,2025-04-29,bmo,0001467858-25-000089
GM,2025-07-22,bmo,0001467858-25-000119
GM,2025-10-21,bmo,0001467858-25-000141
GM,2026-01-27,bmo,0001467858-26-000011
GM,2026-04-28,bmo,0001467858-26-000033
GM,2026-07-21,bmo,0001467858-26-000049
GOOG,2019-07-25,amc,0001652044-19-000021
GOOG,2019-10-28,amc,0001652044-19-000030
GOOG,2020-02-03,amc,0001652044-20-000004
GOOG,2020-04-28,amc,0001652044-20-000018
GOOG,2020-07-30,amc,0001652044-20-000031
GOOG,2020-10-29,amc,0001652044-20-000046
GOOG,2021-02-02,amc,0001652044-21-000006
GOOG,2021-04-27,amc,0001652044-21-000018
GOOG,2021-07-27,amc,0001652044-21-000041
GOOG,2021-10-26,amc,0001652044-21-000054
GOOG,2022-02-01,amc,0001652044-22-000015
GOOG,2022-04-26,amc,0001652044-22-000025
GOOG,2022-07-26,amc,0001652044-22-000068
GOOG,2022-10-25,amc,0001652044-22-000085
GOOG,2023-02-02,amc,0001652044-23-000013
GOOG,2023-04-20,amc,0001652044-23-000034
GOOG,2023-04-25,amc,0001652044-23-000041
GOOG,2023-07-25,amc,0001652044-23-000067
GOOG,2023-10-24,amc,0001652044-23-000088
GOOG,2024-01-30,amc,0001652044-24-000014
GOOG,2024-04-25,amc,0001652044-24-000047
GOOG,2024-07-23,amc,0001652044-24-000076
GOOG,2024-10-29,amc,0001652044-24-000115
GOOG,2025-02-04,amc,0001652044-25-000010
GOOG,2025-04-24,amc,0001652044-25-000040
GOOG,2025-07-23,amc,0001652044-25-000056
GOOG,2025-10-29,amc,0001652044-25-000087
GOOG,2026-02-04,amc,0001652044-26-000012
GOOG,2026-04-29,amc,0001652044-26-000043
GOOG,2026-07-22,amc,0001652044-26-000066
GOOGL,2019-07-25,amc,0001652044-19-000021
GOOGL,2019-10-28,amc,0001652044-19-000030
GOOGL,2020-02-03,amc,0001652044-20-000004
GOOGL,2020-04-28,amc,0001652044-20-000018
GOOGL,2020-07-30,amc,0001652044-20-000031
GOOGL,2020-10-29,amc,0001652044-20-000046
GOOGL,2021-02-02,amc,0001652044-21-000006
GOOGL,2021-04-27,amc,0001652044-21-000018
GOOGL,2021-07-27,amc,0001652044-21-000041
GOOGL,2021-10-26,amc,0001652044-21-000054
GOOGL,2022-02-01,amc,0001652044-22-000015
GOOGL,2022-04-26,amc,0001652044-22-000025
GOOGL,2022-07-26,amc,0001652044-22-000068
GOOGL,2022-10-25,amc,0001652044-22-000085
GOOGL,2023-02-02,amc,0001652044-23-000013
GOOGL,2023-04-20,amc,0001652044-23-000034
GOOGL,2023-04-25,amc,0001652044-23-000041
GOOGL,2023-07-25,amc,0001652044-23-000067
GOOGL,2023-10-24,amc,0001652044-23-000088
GOOGL,2024-01-30,amc,0001652044-24-000014
GOOGL,2024-04-25,amc,0001652044-24-000047
GOOGL,2024-07-23,amc,0001652044-24-000076
GOOGL,2024-10-29,amc,0001652044-24-000115
GOOGL,2025-02-04,amc,0001652044-25-000010
GOOGL,2025-04-24,amc,0001652044-25-000040
GOOGL,2025-07-23,amc,0001652044-25-000056
GOOGL,2025-10-29,amc,0001652044-25-000087
GOOGL,2026-02-04,amc,0001652044-26-000012
GOOGL,2026-04-29,amc,0001652044-26-000043
GOOGL,2026-07-22,amc,0001652044-26-000066
GPK,2019-07-23,bmo,0001408075-19-000023
GPK,2019-10-22,bmo,0001408075-19-000036
GPK,2020-01-28,bmo,0001408075-20-000003
GPK,2020-04-21,bmo,0001408075-20-000017
GPK,2020-07-21,bmo,0001408075-20-000028
GPK,2020-10-20,bmo,0001408075-20-000036
GPK,2021-02-02,bmo,0001408075-21-000006
GPK,2021-04-27,bmo,0001408075-21-000021
GPK,2021-07-27,bmo,0001408075-21-000032
GPK,2021-10-26,bmo,0001408075-21-000042
GPK,2022-02-17,bmo,0001408075-22-000003
GPK,2022-04-26,bmo,0001408075-22-000013
GPK,2022-07-26,bmo,0001408075-22-000031
GPK,2022-10-25,bmo,0001408075-22-000038
GPK,2023-02-07,bmo,0001408075-23-000004
GPK,2023-05-02,bmo,0001408075-23-000017
GPK,2023-08-01,bmo,0001408075-23-000027
GPK,2023-10-31,bmo,0001408075-23-000038
GPK,2024-02-20,amc,0001408075-24-000009
GPK,2024-04-30,bmo,0001408075-24-000017
GPK,2024-07-30,bmo,0001408075-24-000026
GPK,2024-09-03,amc,0001193125-24-212138
GPK,2024-10-29,bmo,0001408075-24-000034
GPK,2025-02-04,bmo,0001408075-25-000003
GPK,2025-05-01,bmo,0001408075-25-000011
GPK,2025-07-29,bmo,0001408075-25-000020
GPK,2025-11-04,bmo,0001408075-25-000027
GPK,2026-02-03,bmo,0001408075-26-000004
GPK,2026-05-05,bmo,0001408075-26-000016
GPK,2026-08-04,bmo,0001408075-26-000024
GT,2019-07-26,bmo,0001193125-19-203178
GT,2019-10-25,bmo,0001193125-19-274193
GT,2020-02-11,bmo,0001193125-20-030661
GT,2020-04-16,bmo,0001193125-20-108700
GT,2020-04-30,bmo,0001193125-20-127648
GT,2020-07-31,bmo,0001193125-20-205227
GT,2020-10-30,bmo,0001193125-20-281779
GT,2021-02-09,bmo,0001193125-21-033397
GT,2021-04-30,bmo,0001193125-21-142652
GT,2021-08-06,bmo,0001193125-21-238684
GT,2021-11-05,bmo,0001193125-21-321019
GT,2022-02-11,bmo,0001193125-22-035884
GT,2022-05-06,bmo,0001193125-22-143039
GT,2022-08-05,bmo,0001193125-22-213091
GT,2022-10-31,amc,0001193125-22-273948
GT,2023-01-27,bmo,0001193125-23-016853
GT,2023-02-08,amc,0001193125-23-028446
GT,2023-05-04,amc,0001193125-23-135967
GT,2023-08-02,amc,0001193125-23-201747
GT,2023-11-06,amc,0001193125-23-271414
GT,2024-02-12,amc,0001193125-24-032107
GT,2024-05-06,amc,0001193125-24-131963
GT,2024-07-31,amc,0001193125-24-190019
GT,2024-11-04,amc,0001193125-24-250649
GT,2025-02-13,amc,0001193125-25-026120
GT,2025-05-07,amc,0001193125-25-114964
GT,2025-08-07,amc,0001193125-25-175443
GT,2025-11-03,amc,0001628280-25-048294
GT,2026-02-09,amc,0001193125-26-042892
GT,2026-05-06,amc,0001628280-26-031290
GT,2026-08-05,amc,0001628280-26-053379
HAL,2019-07-22,intraday,0000045012-19-000109
HAL,2019-10-21,intraday,0000045012-19-000148
HAL,2020-01-21,amc,0000045012-20-000023
HAL,2020-04-20,intraday,0000045012-20-000051
HAL,2020-07-20,intraday,0000045012-20-000084
HAL,2020-10-19,intraday,0000045012-20-000103
HAL,2021-01-19,amc,0000045012-21-000002
HAL,2021-04-21,amc,0000045012-21-000015
HAL,2021-07-20,amc,0000045012-21-000039
HAL,2021-10-19,intraday,0000045012-21-000053
HAL,2022-01-24,amc,0000045012-22-000008
HAL,2022-04-19,intraday,0000045012-22-000029
HAL,2022-07-19,intraday,0000045012-22-000056
HAL,2022-10-25,intraday,0000045012-22-000065
HAL,2023-01-24,amc,0000045012-23-000006
HAL,2023-04-25,bmo,0000045012-23-000024
HAL,2023-07-19,bmo,0000045012-23-000043
HAL,2023-10-24,bmo,0000045012-23-000051
HAL,2024-01-23,bmo,0000045012-24-000003
HAL,2024-04-23,bmo,0000045012-24-000012
HAL,2024-07-19,bmo,0000045012-24-000040
HAL,2024-11-07,bmo,0000045012-24-000061
HAL,2025-01-22,bmo,0000045012-25-000007
HAL,2025-04-22,bmo,0000045012-25-000030
HAL,2025-07-22,bmo,0000045012-25-000053
HAL,2025-10-21,bmo,0000045012-25-000068
HAL,2026-01-21,bmo,0000045012-26-000008
HAL,2026-04-21,bmo,0000045012-26-000036
HAL,2026-07-21,bmo,0000045012-26-000057
HBAN,2019-07-25,bmo,0000049196-19-000050
HBAN,2019-10-24,bmo,0000049196-19-000066
HBAN,2020-01-23,bmo,0000049196-20-000002
HBAN,2020-04-23,bmo,0000049196-20-000020
HBAN,2020-07-23,bmo,0000049196-20-000041
HBAN,2020-10-22,bmo,0000049196-20-000053
HBAN,2021-01-22,bmo,0000049196-21-000003
HBAN,2021-04-22,bmo,0000049196-21-000031
HBAN,2021-07-29,bmo,0000049196-21-000068
HBAN,2021-10-28,bmo,0000049196-21-000091
HBAN,2022-01-21,bmo,0000049196-22-000007
HBAN,2022-04-21,bmo,0000049196-22-000049
HBAN,2022-07-21,bmo,0000049196-22-000085
HBAN,2022-10-21,bmo,0000049196-22-000105
HBAN,2023-01-20,bmo,0000049196-23-000006
HBAN,2023-04-20,bmo,0000049196-23-000033
HBAN,2023-07-21,bmo,0000049196-23-000078
HBAN,2023-10-20,bmo,0000049196-23-000091
HBAN,2024-01-19,bmo,0000049196-24-000006
HBAN,2024-07-19,bmo,0000049196-24-000070
HBAN,2024-10-17,bmo,0000049196-24-000089
HBAN,2025-01-17,bmo,0000049196-25-000006
HBAN,2025-04-17,bmo,0000049196-25-000029
HBAN,2025-07-14,bmo,0001140361-25-025732
HBAN,2025-07-18,bmo,0000049196-25-000056
HBAN,2025-10-17,bmo,0000049196-25-000075
HBAN,2025-10-20,bmo,0001140361-25-038574
HBAN,2026-01-22,bmo,0000049196-26-000006
HBAN,2026-04-23,bmo,0000049196-26-000032
HBAN,2026-07-23,bmo,0000049196-26-000060
HPE,2019-08-27,amc,0001645590-19-000028
HPE,2019-11-25,amc,0001645590-19-000042
HPE,2020-02-13,amc,0001645590-20-000004
HPE,2020-03-03,amc,0001645590-20-000006
HPE,2020-05-21,amc,0001645590-20-000019
HPE,2020-08-25,amc,0001645590-20-000037
HPE,2020-12-01,amc,0001645590-20-000053
HPE,2021-02-04,amc,0001645590-21-000004
HPE,2021-03-02,amc,0001645590-21-000013
HPE,2021-06-01,amc,0001645590-21-000038
HPE,2021-09-02,amc,0001645590-21-000053
HPE,2021-11-30,amc,0001645590-21-000063
HPE,2022-03-01,amc,0001645590-22-000010
HPE,2022-06-01,amc,0001645590-22-000025
HPE,2022-08-30,amc,0001645590-22-000047
HPE,2022-11-29,amc,0001645590-22-000067
HPE,2023-02-09,amc,0001645590-23-000011
HPE,2023-03-02,amc,0001645590-23-000029
HPE,2023-05-30,amc,0001645590-23-000054
HPE,2023-08-07,amc,0001645590-23-000079
HPE,2023-08-29,amc,0001645590-23-000082
HPE,2023-11-28,amc,0001645590-23-000105
HPE,2024-02-07,amc,0001645590-24-000012
HPE,2024-02-29,amc,0001645590-24-000058
HPE,2024-06-04,amc,0001645590-24-000090
HPE,2024-09-04,amc,0001645590-24-000114
HPE,2024-12-05,amc,0001645590-24-000132
HPE,2025-03-06,amc,0001645590-25-000034
HPE,2025-06-03,amc,0001645590-25-000060
HPE,2025-09-03,amc,0001645590-25-000096
HPE,2025-10-15,amc,0001645590-25-000111
HPE,2025-12-04,amc,0001645590-25-000126
HPE,2026-03-09,amc,0001645590-26-000028
HPE,2026-06-01,amc,0001645590-26-000052
HPQ,2019-08-22,amc,0000047217-19-000044
HPQ,2019-11-26,amc,0000047217-19-000061
HPQ,2020-02-24,amc,0000047217-20-000004
HPQ,2020-05-27,amc,0000047217-20-000012
HPQ,2020-08-27,amc,0000047217-20-000027
HPQ,2020-11-24,amc,0000047217-20-000039
HPQ,2021-02-25,intraday,0000047217-21-000003
HPQ,2021-05-27,amc,0000047217-21-000024
HPQ,2021-08-26,amc,0000047217-21-000043
HPQ,2021-11-23,amc,0000047217-21-000055
HPQ,2022-02-28,amc,0000047217-22-000006
HPQ,2022-05-31,amc,0000047217-22-000032
HPQ,2022-08-30,amc,0000047217-22-000047
HPQ,2022-11-22,amc,0000047217-22-000061
HPQ,2023-02-28,amc,0000047217-23-000015
HPQ,2023-05-30,amc,0000047217-23-000035
HPQ,2023-08-29,amc,0000047217-23-000060
HPQ,2023-11-21,amc,0000047217-23-000091
HPQ,2024-02-28,amc,0000047217-24-000022
HPQ,2024-05-29,amc,0000047217-24-000039
HPQ,2024-08-28,amc,0000047217-24-000068
HPQ,2024-11-26,amc,0000047217-24-000075
HPQ,2025-02-27,amc,0000047217-25-000023
HPQ,2025-05-28,amc,0000047217-25-000041
HPQ,2025-08-27,amc,0000047217-25-000060
HPQ,2025-11-25,amc,0000047217-25-000068
HPQ,2026-02-03,amc,0001140361-26-003514
HPQ,2026-02-24,amc,0000047217-26-000009
HPQ,2026-05-27,amc,0000047217-26-000027
HRB,2019-08-28,amc,0001574842-19-000025
HRB,2019-12-04,amc,0001574842-19-000038
HRB,2020-03-05,amc,0001574842-20-000007
HRB,2020-06-16,amc,0001574842-20-000019
HRB,2020-09-01,amc,0001574842-20-000030
HRB,2020-12-08,bmo,0001574842-20-000043
HRB,2021-03-09,amc,0001838862-21-000007
HRB,2021-05-24,bmo,0001838862-21-000015
HRB,2021-06-15,amc,0001838862-21-000025
HRB,2021-08-09,amc,0001838862-21-000037
HRB,2021-11-02,amc,0001838862-21-000044
HRB,2022-02-01,amc,0001838862-22-000004
HRB,2022-05-10,amc,0001838862-22-000015
HRB,2022-08-09,amc,0001838862-22-000021
HRB,2022-11-01,amc,0001838862-22-000038
HRB,2023-02-07,amc,0001838862-23-000008
HRB,2023-05-09,amc,0001838862-23-000017
HRB,2023-08-15,amc,0001838862-23-000023
HRB,2023-11-07,amc,0001838862-23-000038
HRB,2024-02-06,amc,0001838862-24-000011
HRB,2024-05-09,amc,0001838862-24-000019
HRB,2024-08-15,amc,0001838862-24-000028
HRB,2024-11-07,amc,0001838862-24-000042
HRB,2025-02-04,amc,0001838862-25-000007
HRB,2025-05-07,amc,0001605297-25-000003
HRB,2025-08-12,amc,0001605297-25-000012
HRB,2025-11-06,amc,0000012659-25-000014
HRB,2026-02-03,amc,0000012659-26-000005
HRB,2026-05-06,amc,0000012659-26-000015
HRL,2019-08-22,bmo,0000048465-19-000039
HRL,2019-11-26,bmo,0000048465-19-000051
HRL,2020-02-20,bmo,0000048465-20-000004
HRL,2020-05-21,bmo,0000048465-20-000024
HRL,2020-08-25,bmo,0000048465-20-000033
HRL,2020-11-24,bmo,0000048465-20-000039
HRL,2021-02-18,bmo,0000048465-21-000014
HRL,2021-05-20,bmo,0000048465-21-000034
HRL,2021-09-02,bmo,0000048465-21-000049
HRL,2021-12-09,bmo,0000048465-21-000063
HRL,2022-03-01,bmo,0000048465-22-000008
HRL,2022-06-02,bmo,0000048465-22-000032
HRL,2022-09-01,bmo,0000048465-22-000042
HRL,2022-11-30,bmo,0000048465-22-000047
HRL,2023-03-02,bmo,0000048465-23-000012
HRL,2023-06-01,bmo,0000048465-23-000044
HRL,2023-08-31,bmo,0000048465-23-000071
HRL,2023-11-29,amc,0000048465-23-000081
HRL,2024-02-29,amc,0000048465-24-000009
HRL,2024-05-30,amc,0000048465-24-000029
HRL,2024-09-04,amc,0000048465-24-000038
HRL,2024-12-04,amc,0000048465-24-000047
HRL,2025-02-27,amc,0000048465-25-000005
HRL,2025-05-29,amc,0000048465-25-000035
HRL,2025-08-28,amc,0000048465-25-000042
HRL,2025-10-29,bmo,0000048465-25-000047
HRL,2025-12-04,amc,0000048465-25-000056
HRL,2026-02-18,amc,0000048465-26-000013
HRL,2026-02-26,amc,0000048465-26-000018
HRL,2026-05-28,amc,0000048465-26-000024
HST,2019-08-06,amc,0001564590-19-029467
HST,2019-11-05,amc,0001564590-19-040459
HST,2020-02-19,amc,0001564590-20-005307
HST,2020-05-07,amc,0001564590-20-022973
HST,2020-07-31,amc,0001564590-20-034831
HST,2020-11-04,amc,0001564590-20-050548
HST,2021-02-18,amc,0001564590-21-006692
HST,2021-05-04,amc,0001564590-21-023388
HST,2021-08-03,amc,0001564590-21-040293
HST,2021-11-03,amc,0001564590-21-054064
HST,2022-02-16,amc,0000950170-22-001363
HST,2022-05-04,amc,0000950170-22-007421
HST,2022-08-03,amc,0000950170-22-014295
HST,2022-11-02,amc,0000950170-22-021286
HST,2023-02-15,amc,0000950170-23-002917
HST,2023-05-03,amc,0000950170-23-017303
HST,2023-08-02,amc,0000950170-23-037240
HST,2023-11-01,amc,0001070750-23-000128
HST,2024-02-21,amc,0001070750-24-000075
HST,2024-05-01,amc,0001070750-24-000125
HST,2024-07-31,amc,0001070750-24-000163
HST,2024-11-06,amc,0001070750-24-000180
HST,2025-02-19,amc,0001070750-25-000055
HST,2025-04-30,amc,0001070750-25-000094
HST,2025-07-30,amc,0001070750-25-000136
HST,2025-11-05,amc,0001070750-25-000164
HST,2026-02-18,amc,0001070750-26-000038
HST,2026-05-06,amc,0001070750-26-000077
HST,2026-08-05,amc,0001070750-26-000122
ICE,2019-08-01,bmo,0001144204-19-037044
ICE,2019-10-31,bmo,0001104659-19-058067
ICE,2020-02-06,bmo,0001104659-20-011620
ICE,2020-04-30,bmo,0001104659-20-053886
ICE,2020-07-30,bmo,0001104659-20-088131
ICE,2020-10-29,bmo,0001104659-20-119255
ICE,2021-02-04,bmo,0001104659-21-011938
ICE,2021-04-29,bmo,0001104659-21-056943
ICE,2021-07-29,bmo,0001104659-21-097258
ICE,2021-10-28,bmo,0001104659-21-130720
ICE,2022-02-03,bmo,0001104659-22-011150
ICE,2022-05-05,bmo,0001104659-22-056151
ICE,2022-08-04,bmo,0001104659-22-085879
ICE,2022-10-28,amc,0001104659-22-112514
ICE,2022-11-03,bmo,0001104659-22-114211
ICE,2023-02-02,bmo,0001104659-23-009568
ICE,2023-05-04,bmo,0001104659-23-055780
ICE,2023-08-03,bmo,0001104659-23-087043
ICE,2023-11-02,bmo,0001104659-23-113586
ICE,2024-02-08,bmo,0001104659-24-011936
ICE,2024-05-02,bmo,0001104659-24-055999
ICE,2024-08-01,bmo,0001104659-24-084630
ICE,2024-10-31,bmo,0001104659-24-112854
ICE,2025-02-06,bmo,0001104659-25-009884
ICE,2025-05-01,bmo,0001104659-25-043034
ICE,2025-07-31,bmo,0001104659-25-072465
ICE,2025-10-30,bmo,0001104659-25-104017
ICE,2026-02-05,bmo,0001104659-26-010646
ICE,2026-04-30,bmo,0001104659-26-052145
ICE,2026-07-30,bmo,0001104659-26-088462
INTC,2019-07-25,amc,0000050863-19-000022
INTC,2019-10-24,amc,0000050863-19-000028
INTC,2020-01-23,amc,0000050863-20-000007
INTC,2020-04-23,amc,0000050863-20-000016
INTC,2020-07-23,amc,0000050863-20-000025
INTC,2020-10-22,amc,0000050863-20-000042
INTC,2021-01-14,amc,0001193125-21-009142
INTC,2021-01-21,amc,0000050863-21-000009
INTC,2021-04-22,amc,0000050863-21-000017
INTC,2021-07-22,amc,0000050863-21-000029
INTC,2021-10-21,amc,0000050863-21-000037
INTC,2022-01-26,amc,0000050863-22-000006
INTC,2022-04-28,amc,0000050863-22-000019
INTC,2022-07-28,amc,0000050863-22-000029
INTC,2022-10-27,amc,0000050863-22-000037
INTC,2023-01-26,amc,0000050863-23-000005
INTC,2023-04-27,amc,0000050863-23-000027
INTC,2023-07-27,amc,0000050863-23-000068
INTC,2023-10-26,amc,0000050863-23-000100
INTC,2024-01-25,amc,0000050863-24-000008
INTC,2024-04-25,amc,0000050863-24-000074
INTC,2024-08-01,amc,0000050863-24-000122
INTC,2024-10-31,amc,0000050863-24-000147
INTC,2025-01-30,amc,0000050863-25-000004
INTC,2025-04-24,amc,0000050863-25-000070
INTC,2025-07-24,amc,0000050863-25-000107
INTC,2025-10-23,amc,0000050863-25-000169
INTC,2026-01-22,amc,0000050863-26-000009
INTC,2026-04-23,amc,0000050863-26-000077
INTC,2026-07-23,amc,0000050863-26-000155
INVH,2019-07-30,amc,0001687229-19-000042
INVH,2019-10-29,amc,0001687229-19-000055
INVH,2020-02-18,amc,0001687229-20-000002
INVH,2020-05-06,amc,0001687229-20-000008
INVH,2020-08-03,amc,0001687229-20-000018
INVH,2020-10-28,amc,0001687229-20-000034
INVH,2021-02-16,amc,0001687229-21-000002
INVH,2021-04-28,amc,0001687229-21-000018
INVH,2021-07-28,amc,0001687229-21-000047
INVH,2021-10-27,amc,0001687229-21-000057
INVH,2022-02-15,amc,0001193125-22-043443
INVH,2022-04-27,amc,0001687229-22-000008
INVH,2022-07-27,amc,0001687229-22-000024
INVH,2022-10-26,amc,0001687229-22-000032
INVH,2023-02-15,amc,0001687229-23-000019
INVH,2023-05-01,amc,0001687229-23-000040
INVH,2023-07-26,amc,0001687229-23-000064
INVH,2023-10-25,amc,0001687229-23-000078
INVH,2024-02-13,amc,0001687229-24-000007
INVH,2024-04-30,amc,0001687229-24-000025
INVH,2024-07-24,amc,0001687229-24-000044
INVH,2024-10-30,amc,0001687229-24-000070
INVH,2025-02-26,amc,0001687229-25-000005
INVH,2025-04-30,amc,0001687229-25-000016
INVH,2025-07-30,amc,0001687229-25-000032
INVH,2025-10-29,amc,0001687229-25-000047
INVH,2026-02-18,amc,0001687229-26-000013
INVH,2026-04-29,amc,0001687229-26-000030
INVH,2026-07-29,amc,0001687229-26-000041
IP,2019-07-25,bmo,0000051434-19-000024
IP,2019-10-31,bmo,0000051434-19-000033
IP,2020-01-30,bmo,0000051434-20-000006
IP,2020-04-30,bmo,0000051434-20-000015
IP,2020-07-30,bmo,0000051434-20-000029
IP,2020-10-29,bmo,0000051434-20-000038
IP,2021-02-04,bmo,0000051434-21-000005
IP,2021-04-29,bmo,0000051434-21-000015
IP,2021-07-29,bmo,0000051434-21-000031
IP,2021-10-27,bmo,0000051434-21-000038
IP,2022-01-27,bmo,0000051434-22-000004
IP,2022-04-28,bmo,0000051434-22-000021
IP,2022-07-28,bmo,0000051434-22-000035
IP,2022-10-27,bmo,0000051434-22-000045
IP,2023-01-31,bmo,0000051434-23-000003
IP,2023-04-27,bmo,0000051434-23-000017
IP,2023-07-27,bmo,0000051434-23-000034
IP,2023-10-26,bmo,0000051434-23-000047
IP,2024-02-01,bmo,0000051434-24-000007
IP,2024-04-25,bmo,0000051434-24-000029
IP,2024-07-24,bmo,0000051434-24-000047
IP,2024-10-31,bmo,0000051434-24-000057
IP,2025-01-30,bmo,0000051434-25-000004
IP,2025-04-30,bmo,0000051434-25-000016
IP,2025-07-31,bmo,0000051434-25-000042
IP,2025-10-30,bmo,0000051434-25-000068
IP,2026-01-29,bmo,0000051434-26-000016
IP,2026-04-30,bmo,0000051434-26-000067
IP,2026-07-30,bmo,0000051434-26-000115
IRM,2019-08-01,bmo,0001020569-19-000194
IRM,2019-10-31,bmo,0001020569-19-000220
IRM,2020-02-13,bmo,0001020569-20-000026
IRM,2020-05-07,bmo,0001020569-20-000126
IRM,2020-08-06,bmo,0001020569-20-000182
IRM,2020-11-05,bmo,0001020569-20-000211
IRM,2021-02-24,bmo,0001020569-21-000062
IRM,2021-05-06,bmo,0001020569-21-000134
IRM,2021-08-05,bmo,0001020569-21-000202
IRM,2021-11-04,bmo,0001020569-21-000244
IRM,2022-02-24,bmo,0001020569-22-000028
IRM,2022-04-28,bmo,0001020569-22-000106
IRM,2022-08-04,bmo,0001020569-22-000159
IRM,2022-11-03,bmo,0001020569-22-000206
IRM,2023-02-23,bmo,0001020569-23-000036
IRM,2023-05-04,bmo,0001020569-23-000105
IRM,2023-08-03,bmo,0001020569-23-000166
IRM,2023-11-02,bmo,0001020569-23-000212
IRM,2024-02-22,bmo,0001020569-24-000038
IRM,2024-05-02,bmo,0001020569-24-000126
IRM,2024-08-01,bmo,0001020569-24-000208
IRM,2024-11-06,bmo,0001020569-24-000253
IRM,2025-02-13,bmo,0001020569-25-000035
IRM,2025-05-01,bmo,0001020569-25-000106
IRM,2025-08-06,bmo,0001020569-25-000173
IRM,2025-11-05,bmo,0001020569-25-000203
IRM,2026-02-12,bmo,0001020569-26-000009
IRM,2026-04-30,bmo,0001020569-26-000036
IRM,2026-08-05,bmo,0001020569-26-000068
IVZ,2019-07-25,bmo,0000914208-19-000343
IVZ,2019-10-23,bmo,0000914208-19-000407
IVZ,2020-01-29,bmo,0000914208-20-000010
IVZ,2020-04-23,bmo,0000914208-20-000293
IVZ,2020-07-28,bmo,0000914208-20-000372
IVZ,2020-10-27,bmo,0000914208-20-000434
IVZ,2021-01-26,bmo,0000914208-21-000025
IVZ,2021-04-27,bmo,0000914208-21-000367
IVZ,2021-07-27,bmo,0000914208-21-000455
IVZ,2021-10-26,bmo,0000914208-21-000511
IVZ,2022-01-25,bmo,0000914208-22-000027
IVZ,2022-04-26,bmo,0000914208-22-000351
IVZ,2022-07-27,bmo,0000914208-22-000427
IVZ,2022-10-25,bmo,0000914208-22-000497
IVZ,2023-01-24,bmo,0000914208-23-000018
IVZ,2023-04-25,bmo,0000914208-23-000326
IVZ,2023-07-25,bmo,0000914208-23-000410
IVZ,2023-10-24,bmo,0000914208-23-000474
IVZ,2024-01-23,bmo,0000914208-24-000022
IVZ,2024-04-23,bmo,0000914208-24-000249
IVZ,2024-07-23,bmo,0000914208-24-000331
IVZ,2024-10-22,bmo,0000914208-24-000423
IVZ,2025-01-28,bmo,0000914208-25-000013
IVZ,2025-04-22,bmo,0000914208-25-000139
IVZ,2025-07-22,bmo,0000914208-25-000258
IVZ,2025-10-28,bmo,0000914208-25-000360
IVZ,2026-01-27,bmo,0000914208-26-000017
IVZ,2026-04-28,bmo,0000914208-26-000102
IVZ,2026-07-28,bmo,0000914208-26-000229
JBLU,2019-07-23,bmo,0001158463-19-000058
JBLU,2019-10-22,bmo,0001158463-19-000080
JBLU,2020-01-23,bmo,0001158463-20-000004
JBLU,2020-05-07,bmo,0001158463-20-000029
JBLU,2020-07-28,bmo,0001158463-20-000048
JBLU,2020-10-27,bmo,0001158463-20-000059
JBLU,2021-01-28,bmo,0001158463-21-000013
JBLU,2021-04-27,bmo,0001158463-21-000037
JBLU,2021-07-27,bmo,0001158463-21-000065
JBLU,2021-10-26,bmo,0001158463-21-000084
JBLU,2022-01-27,bmo,0001158463-22-000006
JBLU,2022-04-26,bmo,0001158463-22-000034
JBLU,2022-08-02,bmo,0001158463-22-000053
JBLU,2022-10-25,bmo,0001158463-22-000057
JBLU,2023-01-26,bmo,0001158463-23-000001
JBLU,2023-04-25,bmo,0001158463-23-000006
JBLU,2023-08-01,bmo,0001158463-23-000013
JBLU,2023-10-31,bmo,0001158463-23-000021
JBLU,2024-01-08,amc,0000947871-24-000018
JBLU,2024-01-30,bmo,0001158463-24-000004
JBLU,2024-04-23,bmo,0001158463-24-000012
JBLU,2024-07-30,bmo,0001158463-24-000018
JBLU,2024-10-29,bmo,0001158463-24-000022
JBLU,2025-01-28,bmo,0001158463-25-000001
JBLU,2025-04-29,bmo,0001158463-25-000064
JBLU,2025-07-29,bmo,0001158463-25-000087
JBLU,2025-10-28,bmo,0001158463-25-000107
JBLU,2026-01-27,bmo,0001158463-26-000004
JBLU,2026-04-28,bmo,0001158463-26-000060
JBLU,2026-07-28,bmo,0001158463-26-000076
JCI,2019-07-31,bmo,0000833444-19-000038
JCI,2019-11-07,bmo,0000833444-19-000046
JCI,2020-01-31,bmo,0000833444-20-000003
JCI,2020-05-01,bmo,0000833444-20-000013
JCI,2020-07-31,bmo,0000833444-20-000034
JCI,2020-11-03,bmo,0000833444-20-000043
JCI,2021-01-29,bmo,0000833444-21-000009
JCI,2021-04-30,bmo,0000833444-21-000017
JCI,2021-07-30,bmo,0000833444-21-000038
JCI,2021-11-05,bmo,0000833444-21-000043
JCI,2022-02-02,bmo,0000833444-22-000003
JCI,2022-05-04,bmo,0000833444-22-000014
JCI,2022-08-04,bmo,0000833444-22-000034
JCI,2022-11-03,bmo,0000833444-22-000038
JCI,2023-02-01,bmo,0000833444-23-000003
JCI,2023-05-05,bmo,0000833444-23-000011
JCI,2023-08-02,bmo,0000833444-23-000028
JCI,2023-12-12,bmo,0000833444-23-000044
JCI,2024-01-30,bmo,0000833444-24-000007
JCI,2024-05-01,bmo,0000833444-24-000026
JCI,2024-07-23,bmo,0000833444-24-000044
JCI,2024-07-31,bmo,0000833444-24-000049
JCI,2024-11-06,bmo,0000833444-24-000060
JCI,2025-02-05,bmo,0000833444-25-000009
JCI,2025-05-07,bmo,0000833444-25-000029
JCI,2025-07-29,bmo,0000833444-25-000055
JCI,2025-11-05,bmo,0000833444-25-000084
JCI,2026-02-04,bmo,0000833444-26-000014
JCI,2026-05-06,bmo,0000833444-26-000047
JCI,2026-07-29,bmo,0000833444-26-000083
KEY,2019-07-23,bmo,0000091576-19-000026
KEY,2019-10-17,bmo,0000091576-19-000034
KEY,2020-01-23,bmo,0000091576-20-000002
KEY,2020-04-16,bmo,0000091576-20-000008
KEY,2020-07-22,bmo,0000091576-20-000041
KEY,2020-10-21,bmo,0000091576-20-000049
KEY,2021-01-21,bmo,0000091576-21-000009
KEY,2021-04-20,bmo,0000091576-21-000064
KEY,2021-07-20,bmo,0000091576-21-000111
KEY,2021-10-21,bmo,0000091576-21-000128
KEY,2022-01-20,bmo,0000091576-22-000009
KEY,2022-04-21,bmo,0000091576-22-000067
KEY,2022-07-21,bmo,0000091576-22-000100
KEY,2022-10-20,bmo,0000091576-22-000115
KEY,2023-01-19,bmo,0000091576-23-000013
KEY,2023-04-20,bmo,0000091576-23-000062
KEY,2023-07-20,bmo,0000091576-23-000107
KEY,2023-10-19,bmo,0000091576-23-000121
KEY,2024-01-18,bmo,0000091576-24-000013
KEY,2024-04-18,bmo,0000091576-24-000061
KEY,2024-07-18,bmo,0001628280-24-032171
KEY,2024-10-17,bmo,0000091576-24-000104
KEY,2025-01-21,bmo,0000091576-25-000014
KEY,2025-04-17,bmo,0000091576-25-000050
KEY,2025-07-22,bmo,0000091576-25-000104
KEY,2025-10-16,bmo,0000091576-25-000118
KEY,2026-01-20,bmo,0000091576-26-000006
KEY,2026-04-16,bmo,0000091576-26-000013
KEY,2026-07-21,bmo,0000091576-26-000017
KHC,2019-08-08,bmo,0001637459-19-000065
KHC,2019-10-31,bmo,0001637459-19-000111
KHC,2020-02-13,bmo,0001637459-20-000022
KHC,2020-04-06,amc,0001637459-20-000052
KHC,2020-04-30,bmo,0001637459-20-000058
KHC,2020-07-30,bmo,0001637459-20-000126
KHC,2020-10-29,bmo,0001637459-20-000155
KHC,2021-02-11,bmo,0001637459-21-000004
KHC,2021-04-29,bmo,0001637459-21-000043
KHC,2021-08-04,bmo,0001637459-21-000098
KHC,2021-10-27,bmo,0001637459-21-000124
KHC,2022-02-16,bmo,0001637459-22-000015
KHC,2022-04-27,bmo,0001637459-22-000056
KHC,2022-07-27,bmo,0001637459-22-000156
KHC,2022-10-26,bmo,0001637459-22-000186
KHC,2023-02-15,bmo,0001637459-23-000005
KHC,2023-05-03,bmo,0001637459-23-000045
KHC,2023-08-02,bmo,0001637459-23-000110
KHC,2023-11-01,bmo,0001637459-23-000141
KHC,2024-02-14,bmo,0001637459-24-000013
KHC,2024-05-01,bmo,0001637459-24-000066
KHC,2024-07-31,bmo,0001637459-24-000125
KHC,2024-10-30,bmo,0001637459-24-000138
KHC,2025-02-12,bmo,0001637459-25-000006
KHC,2025-04-29,bmo,0001637459-25-000059
KHC,2025-07-30,bmo,0001637459-25-000149
KHC,2025-10-29,bmo,0001637459-25-000164
KHC,2026-02-11,bmo,0001637459-26-000006
KHC,2026-05-06,bmo,0001637459-26-000020
KHC,2026-08-05,bmo,0001637459-26-000052
KIM,2019-07-25,bmo,0001157523-19-001580
KIM,2019-10-24,bmo,0001157523-19-002093
KIM,2020-01-30,bmo,0001157523-20-000126
KIM,2020-05-08,bmo,0001157523-20-000719
KIM,2020-08-07,bmo,0001157523-20-001159
KIM,2020-11-05,bmo,0001157523-20-001442
KIM,2021-02-11,bmo,0001157523-21-000167
KIM,2021-04-29,bmo,0001157523-21-000531
KIM,2021-07-29,bmo,0001157523-21-000946
KIM,2021-11-05,bmo,0001157523-21-001352
KIM,2022-02-10,bmo,0001157523-22-000173
KIM,2022-04-28,bmo,0001157523-22-000491
KIM,2022-07-28,bmo,0001157523-22-000943
KIM,2022-10-27,bmo,0001157523-22-001408
KIM,2023-02-09,bmo,0001157523-23-000221
KIM,2023-04-27,bmo,0001157523-23-000630
KIM,2023-07-27,bmo,0001157523-23-001167
KIM,2023-10-26,bmo,0001157523-23-001554
KIM,2024-02-08,bmo,0001157523-24-000196
KIM,2024-05-02,bmo,0001437749-24-014248
KIM,2024-08-01,bmo,0000950170-24-088936
KIM,2025-02-07,bmo,0000950170-25-015841
KIM,2025-05-01,bmo,0000950170-25-061434
KIM,2025-07-31,bmo,0000950170-25-100547
KIM,2025-10-30,bmo,0001193125-25-257371
KIM,2026-02-12,bmo,0001193125-26-047615
KIM,2026-04-30,bmo,0001193125-26-193907
KIM,2026-08-04,bmo,0001193125-26-331498
KKR,2019-07-25,bmo,0001404912-19-000019
KKR,2019-10-29,bmo,0001404912-19-000026
KKR,2020-01-31,bmo,0001404912-20-000003
KKR,2020-04-14,bmo,0001140361-20-008805
KKR,2020-05-06,bmo,0001404912-20-000009
KKR,2020-08-04,bmo,0001404912-20-000014
KKR,2020-10-30,bmo,0001404912-20-000021
KKR,2021-02-08,amc,0001404912-21-000005
KKR,2021-05-04,bmo,0001140361-21-015625
KKR,2021-08-03,bmo,0001404912-21-000025
KKR,2021-11-02,bmo,0001404912-21-000033
KKR,2022-02-08,bmo,0001404912-22-000002
KKR,2022-05-03,bmo,0001404912-22-000007
KKR,2022-08-02,bmo,0001404912-22-000012
KKR,2022-11-01,bmo,0001404912-22-000017
KKR,2023-02-07,bmo,0001404912-23-000002
KKR,2023-05-08,bmo,0001404912-23-000011
KKR,2023-08-07,bmo,0001404912-23-000017
KKR,2023-11-07,bmo,0001404912-23-000022
KKR,2024-02-06,bmo,0001404912-24-000002
KKR,2024-05-01,bmo,0001404912-24-000008
KKR,2024-07-31,bmo,0001404912-24-000014
KKR,2024-10-24,bmo,0001404912-24-000022
KKR,2025-02-04,bmo,0001404912-25-000003
KKR,2025-05-01,bmo,0001404912-25-000019
KKR,2025-07-31,bmo,0001404912-25-000025
KKR,2025-11-07,bmo,0001404912-25-000040
KKR,2026-02-05,bmo,0001404912-26-000002
KKR,2026-05-05,bmo,0001404912-26-000011
KKR,2026-07-30,bmo,0001404912-26-000022
KLAC,2019-08-05,amc,0000319201-19-000026
KLAC,2019-10-30,amc,0000319201-19-000036
KLAC,2020-02-04,amc,0000319201-20-000005
KLAC,2020-05-05,amc,0000319201-20-000023
KLAC,2020-08-03,amc,0000319201-20-000039
KLAC,2020-10-28,amc,0000319201-20-000054
KLAC,2021-02-03,amc,0000319201-21-000005
KLAC,2021-04-29,amc,0000319201-21-000014
KLAC,2021-07-29,amc,0000319201-21-000025
KLAC,2021-10-27,amc,0000319201-21-000034
KLAC,2022-01-27,amc,0000319201-22-000004
KLAC,2022-04-28,amc,0000319201-22-000010
KLAC,2022-07-28,amc,0000319201-22-000018
KLAC,2022-10-26,amc,0001628280-22-027085
KLAC,2023-01-26,amc,0000319201-23-000008
KLAC,2023-04-26,amc,0000319201-23-000016
KLAC,2023-07-27,amc,0000319201-23-000027
KLAC,2023-10-25,amc,0000319201-23-000037
KLAC,2024-01-25,amc,0000319201-24-000003
KLAC,2024-04-25,amc,0000319201-24-000009
KLAC,2024-07-24,amc,0000319201-24-000018
KLAC,2024-10-30,amc,0000319201-24-000024
KLAC,2025-01-30,amc,0000319201-25-000004
KLAC,2025-04-30,amc,0000319201-25-000009
KLAC,2025-07-31,amc,0000319201-25-000020
KLAC,2025-10-29,amc,0000319201-25-000031
KLAC,2026-01-29,amc,0000319201-26-000006
KLAC,2026-04-29,amc,0000319201-26-000014
KLAC,2026-07-28,amc,0000319201-26-000024
KMI,2019-07-17,amc,0001506307-19-000106
KMI,2019-10-16,amc,0001506307-19-000156
KMI,2020-01-22,amc,0001506307-20-000002
KMI,2020-04-22,amc,0001506307-20-000037
KMI,2020-07-22,amc,0001506307-20-000058
KMI,2020-10-21,amc,0001506307-20-000095
KMI,2021-01-20,amc,0001506307-21-000002
KMI,2021-04-21,amc,0001506307-21-000030
KMI,2021-07-21,amc,0001506307-21-000056
KMI,2021-10-20,amc,0001506307-21-000104
KMI,2022-01-19,amc,0001506307-22-000002
KMI,2022-04-20,amc,0001506307-22-000035
KMI,2022-07-20,amc,0001506307-22-000063
KMI,2022-10-19,amc,0001506307-22-000105
KMI,2023-01-18,amc,0001506307-23-000002
KMI,2023-04-19,amc,0001506307-23-000034
KMI,2023-07-19,amc,0001506307-23-000058
KMI,2023-10-18,amc,0001506307-23-000116
KMI,2024-01-17,amc,0001506307-24-000004
KMI,2024-04-17,amc,0001506307-24-000029
KMI,2024-07-17,amc,0001506307-24-000051
KMI,2024-10-16,amc,0001506307-24-000117
KMI,2025-01-22,amc,0001506307-25-000002
KMI,2025-04-16,amc,0001506307-25-000020
KMI,2025-07-16,amc,0001506307-25-000042
KMI,2025-10-22,amc,0001506307-25-000063
KMI,2026-01-21,amc,0001506307-26-000002
KMI,2026-04-22,amc,0001506307-26-000033
KMI,2026-07-22,amc,0001506307-26-000063
KO,2019-07-23,bmo,0000021344-19-000031
KO,2019-10-18,bmo,0001628280-19-012399
KO,2020-01-30,bmo,0000021344-20-000002
KO,2020-04-21,bmo,0000021344-20-000011
KO,2020-07-21,bmo,0000021344-20-000037
KO,2020-10-22,bmo,0000021344-20-000044
KO,2021-02-10,bmo,0000021344-21-000003
KO,2021-04-19,bmo,0000021344-21-000011
KO,2021-07-21,bmo,0000021344-21-000021
KO,2021-10-27,bmo,0000021344-21-000027
KO,2022-02-10,bmo,0000021344-22-000004
KO,2022-04-25,bmo,0000021344-22-000013
KO,2022-07-26,bmo,0000021344-22-000030
KO,2022-10-25,bmo,0000021344-22-000038
KO,2023-02-14,bmo,0000021344-23-000005
KO,2023-04-24,bmo,0000021344-23-000017
KO,2023-07-26,bmo,0000021344-23-000045
KO,2023-10-24,bmo,0000021344-23-000057
KO,2024-02-13,bmo,0000021344-24-000004
KO,2024-04-30,bmo,0000021344-24-000013
KO,2024-07-23,bmo,0000021344-24-000037
KO,2024-10-23,bmo,0000021344-24-000056
KO,2025-02-11,bmo,0000021344-25-000005
KO,2025-04-29,bmo,0000021344-25-000024
KO,2025-07-22,bmo,0000021344-25-000054
KO,2025-10-21,bmo,0001628280-25-045577
KO,2026-02-10,bmo,0001628280-26-006642
KO,2026-04-28,bmo,0001628280-26-027723
KO,2026-07-28,bmo,0001628280-26-049922
KR,2019-06-20,bmo,0001104659-19-036586
KR,2019-09-12,bmo,0001104659-19-049844
KR,2019-12-05,bmo,0001104659-19-070077
KR,2020-03-05,bmo,0001104659-20-029460
KR,2020-06-18,bmo,0001104659-20-074395
KR,2020-09-11,bmo,0001104659-20-104226
KR,2020-12-03,bmo,0001104659-20-131832
KR,2021-03-04,bmo,0001104659-21-031874
KR,2021-06-17,bmo,0001104659-21-082349
KR,2021-09-10,bmo,0001104659-21-114420
KR,2021-12-02,bmo,0001104659-21-145690
KR,2022-03-03,bmo,0001104659-22-029705
KR,2022-06-16,bmo,0001104659-22-071655
KR,2022-09-09,bmo,0001104659-22-098693
KR,2022-12-01,bmo,0001104659-22-123457
KR,2023-03-02,bmo,0001104659-23-027695
KR,2023-06-15,bmo,0001104659-23-071412
KR,2023-09-08,bmo,0001104659-23-099123
KR,2023-11-30,bmo,0001104659-23-122232
KR,2024-03-07,bmo,0001104659-24-031709
KR,2024-06-20,bmo,0001104659-24-073155
KR,2024-09-12,bmo,0001104659-24-099127
KR,2024-12-05,bmo,0001104659-24-125772
KR,2025-03-03,bmo,0001104659-25-019465
KR,2025-03-06,bmo,0001104659-25-021187
KR,2025-06-20,bmo,0001104659-25-060909
KR,2025-09-11,bmo,0001104659-25-089265
KR,2025-12-04,bmo,0001104659-25-118315
KR,2026-03-05,bmo,0001104659-26-023800
KR,2026-06-18,bmo,0001104659-26-075395
KSS,2019-08-20,bmo,0001564590-19-032605
KSS,2019-11-19,bmo,0001564590-19-043802
KSS,2020-03-03,bmo,0001564590-20-008265
KSS,2020-05-19,bmo,0001193125-20-145553
KSS,2020-05-22,bmo,0001564590-20-026668
KSS,2020-08-18,bmo,0001193125-20-222827
KSS,2020-11-17,bmo,0001193125-20-295435
KSS,2021-02-04,bmo,0001564590-21-004190
KSS,2021-03-02,bmo,0001193125-21-064515
KSS,2021-05-20,bmo,0001193125-21-167183
KSS,2021-08-19,bmo,0001193125-21-250990
KSS,2021-11-18,bmo,0001193125-21-333156
KSS,2022-03-01,bmo,0001193125-22-059768
KSS,2022-05-19,bmo,0001193125-22-154469
KSS,2022-08-18,bmo,0001193125-22-223655
KSS,2022-11-08,bmo,0001193125-22-279745
KSS,2022-11-17,bmo,0001193125-22-287198
KSS,2023-03-01,bmo,0001193125-23-055103
KSS,2023-05-24,bmo,0001193125-23-152386
KSS,2023-08-23,bmo,0001193125-23-218455
KSS,2023-11-21,bmo,0001193125-23-281069
KSS,2024-03-12,bmo,0001193125-24-065373
KSS,2024-05-30,bmo,0001193125-24-149776
KSS,2024-08-28,bmo,0001193125-24-208232
KSS,2024-11-26,bmo,0001193125-24-265606
KSS,2025-03-11,bmo,0001193125-25-051424
KSS,2025-05-01,bmo,0001193125-25-109074
KSS,2025-05-29,bmo,0001193125-25-129976
KSS,2025-08-27,bmo,0001193125-25-189105
KSS,2025-11-25,bmo,0001193125-25-294511
KSS,2026-03-10,bmo,0001193125-26-099319
KSS,2026-05-28,bmo,0001193125-26-242967
LB,2024-08-07,amc,0000950170-24-092892
LB,2024-11-07,amc,0000950170-24-122698
LB,2025-03-05,amc,0000950170-25-033854
LB,2025-05-07,amc,0000950170-25-065886
LB,2025-08-07,amc,0000950170-25-104333
LB,2025-11-12,amc,0001193125-25-277972
LB,2025-11-19,bmo,0001193125-25-287019
LB,2026-02-25,amc,0001193125-26-071867
LB,2026-05-06,amc,0001193125-26-209075
LB,2026-08-05,amc,0001193125-26-335296
LBTYK,2019-08-01,bmo,0001570585-19-000211
LBTYK,2019-08-08,amc,0001570585-19-000225
LBTYK,2019-08-08,amc,0001570585-19-000227
LBTYK,2019-10-31,bmo,0001570585-19-000287
LBTYK,2019-11-06,amc,0001570585-19-000296
LBTYK,2019-11-07,amc,0001570585-19-000298
LBTYK,2020-02-12,bmo,0001570585-20-000017
LBTYK,2020-02-13,amc,0001570585-20-000026
LBTYK,2020-02-13,amc,0001570585-20-000028
LBTYK,2020-04-30,bmo,0001570585-20-000142
LBTYK,2020-05-06,amc,0001570585-20-000151
LBTYK,2020-05-06,amc,0001570585-20-000153
LBTYK,2020-07-30,bmo,0001570585-20-000230
LBTYK,2020-08-03,amc,0001570585-20-000239
LBTYK,2020-08-03,amc,0001570585-20-000240
LBTYK,2020-10-29,bmo,0001570585-20-000304
LBTYK,2020-11-04,amc,0001570585-20-000315
LBTYK,2020-11-04,amc,0001570585-20-000317
LBTYK,2021-02-11,bmo,0001570585-21-000013
LBTYK,2021-02-16,bmo,0001570585-21-000026
LBTYK,2021-02-16,bmo,0001570585-21-000028
LBTYK,2021-04-29,bmo,0001570585-21-000143
LBTYK,2021-05-05,amc,0001570585-21-000170
LBTYK,2021-05-05,amc,0001570585-21-000171
LBTYK,2021-07-29,amc,0001570585-21-000277
LBTYK,2021-07-29,amc,0001570585-21-000279
LBTYK,2021-07-29,bmo,0001570585-21-000270
LBTYK,2021-09-10,amc,0001570585-21-000300
LBTYK,2021-10-28,bmo,0001570585-21-000330
LBTYK,2021-11-03,amc,0001570585-21-000337
LBTYK,2021-11-03,amc,0001570585-21-000339
LBTYK,2022-02-10,bmo,0001570585-22-000013
LBTYK,2022-02-17,amc,0001570585-22-000033
LBTYK,2022-02-17,amc,0001570585-22-000034
LBTYK,2022-04-28,bmo,0001570585-22-000108
LBTYK,2022-05-10,amc,0001570585-22-000133
LBTYK,2022-05-10,amc,0001570585-22-000134
LBTYK,2022-07-28,amc,0001570585-22-000238
LBTYK,2022-07-28,amc,0001570585-22-000240
LBTYK,2022-07-28,bmo,0001570585-22-000228
LBTYK,2022-10-27,bmo,0001570585-22-000275
LBTYK,2022-11-01,amc,0001570585-22-000294
LBTYK,2022-11-01,amc,0001570585-22-000296
LBTYK,2023-02-16,bmo,0001570585-23-000011
LBTYK,2023-02-22,amc,0001570585-23-000029
LBTYK,2023-02-22,amc,0001570585-23-000030
LBTYK,2023-04-27,bmo,0001570585-23-000135
LBTYK,2023-05-09,amc,0001570585-23-000187
LBTYK,2023-05-09,amc,0001570585-23-000188
LBTYK,2023-07-24,amc,0001570585-23-000353
LBTYK,2023-07-24,amc,0001570585-23-000354
LBTYK,2023-07-25,bmo,0001570585-23-000358
LBTYK,2023-10-31,amc,0001570585-23-000419
LBTYK,2023-10-31,amc,0001570585-23-000421
LBTYK,2023-10-31,amc,0001570585-23-000422
LBTYK,2024-02-15,amc,0001570585-24-000025
LBTYK,2024-02-15,amc,0001570585-24-000028
LBTYK,2024-02-15,amc,0001570585-24-000029
LBTYK,2024-05-01,amc,0001570585-24-000137
LBTYK,2024-05-01,amc,0001570585-24-000138
LBTYK,2024-05-01,amc,0001570585-24-000140
LBTYK,2024-07-25,amc,0001570585-24-000238
LBTYK,2024-07-25,amc,0001570585-24-000239
LBTYK,2024-07-25,amc,0001570585-24-000240
LBTYK,2024-10-29,amc,0001570585-24-000305
LBTYK,2024-10-29,amc,0001570585-24-000306
LBTYK,2024-10-30,amc,0001570585-24-000310
LBTYK,2025-02-18,amc,0001570585-25-000022
LBTYK,2025-02-18,amc,0001570585-25-000024
LBTYK,2025-02-18,amc,0001570585-25-000025
LBTYK,2025-05-02,bmo,0001570585-25-000115
LBTYK,2025-08-01,bmo,0001570585-25-000184
LBTYK,2025-10-30,bmo,0001570585-25-000224
LBTYK,2026-02-18,bmo,0001570585-26-000015
LBTYK,2026-05-01,bmo,0001570585-26-000070
LBTYK,2026-07-24,bmo,0001570585-26-000111
LEN,2019-06-25,bmo,0001628280-19-008314
LEN,2019-10-02,bmo,0001628280-19-012087
LEN,2020-01-08,bmo,0001628280-20-000183
LEN,2020-03-19,bmo,0001628280-20-003785
LEN,2020-06-15,amc,0001628280-20-009440
LEN,2020-09-14,amc,0001628280-20-013563
LEN,2020-12-16,amc,0001628280-20-017559
LEN,2021-03-16,amc,0001628280-21-004903
LEN,2021-06-16,amc,0001628280-21-012341
LEN,2021-09-20,amc,0001628280-21-018889
LEN,2021-12-15,amc,0001628280-21-025132
LEN,2022-03-16,amc,0001628280-22-006393
LEN,2022-06-21,intraday,0001628280-22-017567
LEN,2022-09-21,amc,0001628280-22-025292
LEN,2022-12-14,amc,0001628280-22-031933
LEN,2023-03-14,amc,0001628280-23-007870
LEN,2023-06-14,amc,0001628280-23-022077
LEN,2023-09-14,amc,0001628280-23-032289
LEN,2023-12-14,amc,0001628280-23-041612
LEN,2024-03-13,amc,0001628280-24-010922
LEN,2024-06-17,amc,0001628280-24-028512
LEN,2024-09-19,amc,0001628280-24-040938
LEN,2024-12-18,amc,0001628280-24-051885
LEN,2025-03-20,amc,0001628280-25-014148
LEN,2025-06-17,amc,0001628280-25-031665
LEN,2025-09-19,amc,0000920760-25-000003
LEN,2025-12-16,amc,0001628280-25-057408
LEN,2026-03-12,amc,0001628280-26-017308
LEN,2026-06-11,amc,0001628280-26-042551
LKQ,2019-07-25,bmo,0001065696-19-000045
LKQ,2019-10-31,bmo,0001065696-19-000058
LKQ,2020-02-20,bmo,0001065696-20-000005
LKQ,2020-04-30,bmo,0001065696-20-000019
LKQ,2020-07-30,bmo,0001065696-20-000037
LKQ,2020-10-29,bmo,0001065696-20-000050
LKQ,2021-02-18,bmo,0001065696-21-000004
LKQ,2021-04-29,bmo,0001065696-21-000021
LKQ,2021-07-29,bmo,0001065696-21-000038
LKQ,2021-10-28,bmo,0001065696-21-000047
LKQ,2022-02-17,bmo,0001065696-22-000003
LKQ,2022-04-28,bmo,0001065696-22-000029
LKQ,2022-07-28,bmo,0001065696-22-000053
LKQ,2022-10-27,bmo,0001065696-22-000067
LKQ,2023-02-23,bmo,0001065696-23-000004
LKQ,2023-04-27,bmo,0001065696-23-000038
LKQ,2023-07-27,bmo,0001065696-23-000060
LKQ,2023-10-26,bmo,0001065696-23-000100
LKQ,2024-02-22,bmo,0001065696-24-000005
LKQ,2024-04-23,bmo,0001065696-24-000081
LKQ,2024-07-25,bmo,0001065696-24-000109
LKQ,2024-10-24,bmo,0001065696-24-000121
LKQ,2025-02-20,bmo,0001065696-25-000012
LKQ,2025-04-24,bmo,0001065696-25-000026
LKQ,2025-07-24,bmo,0001065696-25-000040
LKQ,2025-10-30,bmo,0001065696-25-000060
LKQ,2026-02-19,bmo,0001065696-26-000005
LKQ,2026-04-30,bmo,0001065696-26-000030
LKQ,2026-07-30,bmo,0001065696-26-000041
LRCX,2019-07-31,amc,0000707549-19-000117
LRCX,2019-10-23,amc,0000707549-19-000159
LRCX,2020-01-29,amc,0000707549-20-000011
LRCX,2020-04-22,amc,0000707549-20-000077
LRCX,2020-07-29,amc,0000707549-20-000119
LRCX,2020-10-21,amc,0000707549-20-000167
LRCX,2021-01-27,amc,0000707549-21-000010
LRCX,2021-04-21,amc,0000707549-21-000085
LRCX,2021-07-28,amc,0000707549-21-000124
LRCX,2021-10-20,amc,0000707549-21-000152
LRCX,2022-01-26,amc,0000707549-22-000009
LRCX,2022-04-20,amc,0000707549-22-000063
LRCX,2022-07-27,amc,0000707549-22-000097
LRCX,2022-10-19,amc,0000707549-22-000119
LRCX,2023-01-25,amc,0000707549-23-000005
LRCX,2023-04-19,amc,0000707549-23-000077
LRCX,2023-07-26,amc,0000707549-23-000091
LRCX,2023-10-18,amc,0000707549-23-000112
LRCX,2024-01-24,amc,0000707549-24-000013
LRCX,2024-04-24,amc,0000707549-24-000064
LRCX,2024-07-31,amc,0000707549-24-000099
LRCX,2024-10-23,amc,0000707549-24-000125
LRCX,2025-01-29,amc,0000707549-25-000009
LRCX,2025-04-23,amc,0000707549-25-000051
LRCX,2025-07-30,amc,0000707549-25-000068
LRCX,2025-10-22,amc,0000707549-25-000082
LRCX,2026-01-28,amc,0000707549-26-000006
LRCX,2026-04-22,amc,0000707549-26-000020
LRCX,2026-07-29,amc,0000707549-26-000033
LUMN,2019-08-07,amc,0000018926-19-000015
LUMN,2019-11-06,amc,0000018926-19-000020
LUMN,2020-02-12,amc,0000018926-20-000004
LUMN,2020-05-06,amc,0000018926-20-000011
LUMN,2020-08-05,amc,0000018926-20-000019
LUMN,2020-11-04,amc,0000018926-20-000025
LUMN,2021-02-10,amc,0000018926-21-000004
LUMN,2021-05-05,amc,0000018926-21-000026
LUMN,2021-08-03,amc,0000018926-21-000034
LUMN,2021-11-03,amc,0000018926-21-000047
LUMN,2022-02-09,amc,0000018926-22-000003
LUMN,2022-05-04,amc,0000018926-22-000021
LUMN,2022-08-03,amc,0000018926-22-000028
LUMN,2022-11-02,amc,0000018926-22-000038
LUMN,2023-02-07,amc,0000018926-23-000008
LUMN,2023-05-02,amc,0000018926-23-000047
LUMN,2023-08-01,amc,0000018926-23-000084
LUMN,2023-10-31,amc,0000018926-23-000098
LUMN,2024-02-06,amc,0000018926-24-000008
LUMN,2024-04-30,amc,0000018926-24-000053
LUMN,2024-08-06,amc,0000018926-24-000093
LUMN,2024-11-05,amc,0000018926-24-000110
LUMN,2025-02-04,amc,0000018926-25-000004
LUMN,2025-05-01,amc,0000018926-25-000047
LUMN,2025-07-31,amc,0000018926-25-000092
LUMN,2025-10-30,amc,0000018926-25-000110
LUMN,2026-02-03,amc,0000018926-26-000006
LUMN,2026-05-05,amc,0000018926-26-000045
LUMN,2026-08-04,amc,0000018926-26-000058
LUV,2019-07-25,bmo,0000092380-19-000075
LUV,2019-10-24,bmo,0000092380-19-000083
LUV,2020-01-23,bmo,0000092380-20-000004
LUV,2020-04-28,bmo,0000092380-20-000059
LUV,2020-07-23,bmo,0000092380-20-000119
LUV,2020-10-22,bmo,0000092380-20-000141
LUV,2021-01-28,bmo,0000092380-21-000006
LUV,2021-04-22,bmo,0000092380-21-000092
LUV,2021-07-22,bmo,0000092380-21-000140
LUV,2021-10-21,bmo,0000092380-21-000156
LUV,2022-01-27,bmo,0000092380-22-000003
LUV,2022-04-28,bmo,0000092380-22-000016
LUV,2022-07-28,bmo,0000092380-22-000043
LUV,2022-10-27,bmo,0000092380-22-000058
LUV,2023-01-06,bmo,0000092380-23-000004
LUV,2023-01-26,bmo,0000092380-23-000007
LUV,2023-04-27,bmo,0000092380-23-000021
LUV,2023-07-27,bmo,0000092380-23-000036
LUV,2023-10-26,bmo,0000092380-23-000047
LUV,2024-01-25,bmo,0000092380-24-000003
LUV,2024-02-06,amc,0000092380-24-000026
LUV,2024-04-25,bmo,0000092380-24-000053
LUV,2024-07-25,bmo,0000092380-24-000108
LUV,2024-10-24,bmo,0000092380-24-000145
LUV,2025-01-30,bmo,0000092380-25-000007
LUV,2025-04-23,amc,0000092380-25-000079
LUV,2025-07-23,amc,0000092380-25-000131
LUV,2025-10-22,amc,0000092380-25-000138
LUV,2026-01-28,amc,0000092380-26-000002
LUV,2026-04-22,amc,0000092380-26-000044
LUV,2026-07-22,amc,0000092380-26-000074
LVS,2019-07-24,amc,0001300514-19-000072
LVS,2019-10-23,amc,0001300514-19-000101
LVS,2020-01-29,amc,0001300514-20-000003
LVS,2020-04-22,amc,0001300514-20-000035
LVS,2020-06-01,bmo,0001300514-20-000087
LVS,2020-07-22,amc,0001300514-20-000111
LVS,2020-10-21,amc,0001300514-20-000136
LVS,2021-01-27,amc,0001300514-21-000029
LVS,2021-04-21,amc,0001300514-21-000052
LVS,2021-07-21,amc,0001300514-21-000111
LVS,2021-09-08,bmo,0001300514-21-000132
LVS,2021-10-20,amc,0001300514-21-000157
LVS,2022-01-26,amc,0001300514-22-000004
LVS,2022-04-27,amc,0001300514-22-000033
LVS,2022-07-20,amc,0001300514-22-000088
LVS,2022-10-19,amc,0001300514-22-000107
LVS,2023-01-25,amc,0001300514-23-000005
LVS,2023-04-19,amc,0001300514-23-000034
LVS,2023-07-19,amc,0001300514-23-000079
LVS,2023-10-18,amc,0001300514-23-000090
LVS,2024-01-24,amc,0001300514-24-000008
LVS,2024-04-17,amc,0001300514-24-000064
LVS,2024-07-24,amc,0001300514-24-000116
LVS,2024-10-23,amc,0001300514-24-000132
LVS,2025-01-29,amc,0001300514-25-000021
LVS,2025-04-23,amc,0001300514-25-000089
LVS,2025-07-23,amc,0001300514-25-000139
LVS,2025-10-22,amc,0001300514-25-000157
LVS,2026-01-28,amc,0001300514-26-000004
LVS,2026-04-22,amc,0001300514-26-000039
LVS,2026-07-22,amc,0001300514-26-000078
LYFT,2019-08-07,amc,0001193125-19-215328
LYFT,2019-10-30,amc,0001193125-19-278944
LYFT,2020-02-11,amc,0001193125-20-031321
LYFT,2020-05-06,amc,0001759509-20-000015
LYFT,2020-08-12,amc,0001759509-20-000028
LYFT,2020-11-10,amc,0001759509-20-000042
LYFT,2021-02-09,amc,0001759509-21-000005
LYFT,2021-05-04,amc,0001759509-21-000030
LYFT,2021-08-03,amc,0001759509-21-000042
LYFT,2021-11-02,amc,0001759509-21-000050
LYFT,2022-02-08,amc,0001759509-22-000005
LYFT,2022-05-03,amc,0001759509-22-000039
LYFT,2022-08-04,amc,0001759509-22-000058
LYFT,2022-11-03,intraday,0001759509-22-000071
LYFT,2022-11-07,amc,0001759509-22-000077
LYFT,2023-02-09,amc,0001759509-23-000018
LYFT,2023-05-04,amc,0001759509-23-000056
LYFT,2023-08-08,amc,0001759509-23-000091
LYFT,2023-11-08,amc,0001759509-23-000108
LYFT,2024-02-13,amc,0001759509-24-000011
LYFT,2024-05-07,amc,0001759509-24-000064
LYFT,2024-08-07,bmo,0001759509-24-000096
LYFT,2024-11-06,amc,0001759509-24-000121
LYFT,2025-02-11,amc,0001759509-25-000009
LYFT,2025-05-08,amc,0001759509-25-000084
LYFT,2025-08-06,amc,0001759509-25-000123
LYFT,2025-11-05,amc,0001628280-25-049556
LYFT,2026-02-10,amc,0001628280-26-006817
LYFT,2026-05-07,amc,0001628280-26-032102
LYFT,2026-08-06,amc,0001628280-26-054305
M,2019-08-14,bmo,0000794367-19-000091
M,2019-11-21,bmo,0000794367-19-000109
M,2020-02-04,amc,0000794367-20-000008
M,2020-02-25,bmo,0000794367-20-000013
M,2020-05-21,bmo,0000794367-20-000066
M,2020-06-09,bmo,0000794367-20-000078
M,2020-07-01,bmo,0000794367-20-000084
M,2020-09-02,bmo,0000794367-20-000120
M,2020-11-19,bmo,0000794367-20-000141
M,2021-02-23,bmo,0001564590-21-007289
M,2021-05-18,bmo,0001564590-21-028543
M,2021-08-19,bmo,0001564590-21-045073
M,2021-11-18,bmo,0001564590-21-057534
M,2022-02-22,bmo,0001564590-22-005771
M,2022-05-26,bmo,0001564590-22-021327
M,2022-08-23,bmo,0001564590-22-029910
M,2022-11-17,bmo,0001564590-22-037892
M,2023-03-02,bmo,0001628280-23-005942
M,2023-06-01,bmo,0001628280-23-020415
M,2023-08-22,bmo,0001628280-23-030169
M,2023-11-16,bmo,0001628280-23-039210
M,2024-02-27,bmo,0001628280-24-007023
M,2024-05-21,bmo,0001628280-24-024437
M,2024-08-21,bmo,0001628280-24-037971
M,2024-11-25,bmo,0000794367-24-000199
M,2024-12-11,bmo,0001628280-24-050691
M,2025-03-06,bmo,0001628280-25-010767
M,2025-05-28,bmo,0001628280-25-028040
M,2025-09-03,bmo,0000794367-25-000139
M,2025-12-03,bmo,0001628280-25-054900
M,2026-03-18,bmo,0001628280-26-019024
M,2026-06-03,bmo,0001628280-26-040037
MAC,2019-08-01,bmo,0001193125-19-209642
MAC,2019-10-31,bmo,0001193125-19-279554
MAC,2020-02-06,bmo,0001193125-20-026120
MAC,2020-05-12,bmo,0001193125-20-139759
MAC,2020-08-11,bmo,0001193125-20-215593
MAC,2020-11-05,bmo,0001193125-20-286186
MAC,2021-02-01,bmo,0001193125-21-023559
MAC,2021-02-11,bmo,0001193125-21-037341
MAC,2021-05-11,bmo,0001193125-21-156967
MAC,2021-08-04,bmo,0001193125-21-235673
MAC,2021-11-03,bmo,0001193125-21-317624
MAC,2022-02-10,bmo,0001193125-22-033523
MAC,2022-05-09,bmo,0000912242-22-000012
MAC,2022-07-28,bmo,0000912242-22-000020
MAC,2022-11-03,bmo,0000912242-22-000027
MAC,2023-02-07,bmo,0000912242-23-000002
MAC,2023-05-04,bmo,0000912242-23-000010
MAC,2023-08-08,bmo,0000912242-23-000019
MAC,2023-10-31,bmo,0000912242-23-000023
MAC,2024-02-07,bmo,0000912242-24-000005
MAC,2024-04-30,bmo,0000912242-24-000069
MAC,2024-07-31,bmo,0000912242-24-000120
MAC,2024-11-06,bmo,0000912242-24-000128
MAC,2025-02-27,bmo,0000912242-25-000021
MAC,2025-05-12,bmo,0000912242-25-000043
MAC,2025-08-11,amc,0000912242-25-000066
MAC,2025-11-04,amc,0000912242-25-000074
MAC,2026-02-18,amc,0000912242-26-000009
MAC,2026-05-06,amc,0000912242-26-000020
MAC,2026-08-04,amc,0000912242-26-000034
MAS,2019-07-25,bmo,0000062996-19-000052
MAS,2019-10-30,bmo,0000062996-19-000060
MAS,2019-11-08,amc,0000062996-19-000066
MAS,2020-02-11,bmo,0000062996-20-000003
MAS,2020-04-29,bmo,0000062996-20-000014
MAS,2020-07-30,bmo,0000062996-20-000030
MAS,2020-10-28,bmo,0001628280-20-014909
MAS,2021-02-09,bmo,0000062996-21-000004
MAS,2021-04-28,bmo,0000062996-21-000011
MAS,2021-07-29,bmo,0000062996-21-000023
MAS,2021-10-27,bmo,0000062996-21-000029
MAS,2022-02-08,bmo,0000062996-22-000006
MAS,2022-04-27,bmo,0000062996-22-000015
MAS,2022-07-28,bmo,0000062996-22-000033
MAS,2022-10-26,bmo,0000062996-22-000039
MAS,2023-02-09,bmo,0000062996-23-000006
MAS,2023-04-26,bmo,0000062996-23-000012
MAS,2023-07-27,bmo,0000062996-23-000031
MAS,2023-10-26,bmo,0000062996-23-000039
MAS,2024-02-08,bmo,0000062996-24-000004
MAS,2024-04-24,bmo,0000062996-24-000011
MAS,2024-07-25,bmo,0000062996-24-000026
MAS,2024-10-29,bmo,0000062996-24-000032
MAS,2025-02-11,bmo,0000062996-25-000003
MAS,2025-04-23,bmo,0000062996-25-000009
MAS,2025-07-31,bmo,0000062996-25-000028
MAS,2025-10-29,bmo,0000062996-25-000034
MAS,2026-02-10,bmo,0000062996-26-000004
MAS,2026-04-22,bmo,0000062996-26-000013
MAS,2026-07-29,bmo,0000062996-26-000026
MAT,2019-07-25,amc,0001628280-19-009040
MAT,2019-10-29,amc,0001193125-19-277846
MAT,2020-02-13,amc,0001628280-20-001517
MAT,2020-05-05,amc,0001628280-20-006432
MAT,2020-07-23,amc,0001628280-20-010580
MAT,2020-10-22,amc,0001628280-20-014691
MAT,2021-02-09,amc,0001628280-21-001679
MAT,2021-04-22,amc,0001628280-21-007362
MAT,2021-07-27,amc,0001628280-21-014515
MAT,2021-10-21,amc,0001628280-21-020329
MAT,2022-02-09,amc,0001628280-22-002102
MAT,2022-04-27,amc,0001628280-22-010791
MAT,2022-07-21,amc,0001628280-22-019251
MAT,2022-10-25,amc,0001628280-22-026983
MAT,2023-02-08,amc,0001628280-23-002762
MAT,2023-04-26,amc,0001628280-23-013224
MAT,2023-07-26,amc,0001628280-23-025710
MAT,2023-10-25,amc,0001628280-23-035111
MAT,2024-02-07,amc,0001628280-24-003691
MAT,2024-04-23,amc,0001628280-24-017375
MAT,2024-07-23,amc,0001628280-24-032594
MAT,2024-10-23,amc,0001628280-24-043430
MAT,2025-02-04,amc,0001628280-25-003671
MAT,2025-05-05,amc,0001628280-25-022159
MAT,2025-07-23,amc,0001628280-25-035714
MAT,2025-10-21,amc,0001628280-25-045690
MAT,2026-02-10,amc,0001628280-26-006840
MAT,2026-04-29,amc,0001628280-26-028370
MAT,2026-08-04,amc,0001628280-26-052674
MCHP,2019-08-06,amc,0000827054-19-000193
MCHP,2019-11-05,amc,0000827054-19-000286
MCHP,2020-01-07,amc,0000827054-20-000017
MCHP,2020-02-04,amc,0000827054-20-000028
MCHP,2020-04-09,amc,0000827054-20-000083
MCHP,2020-05-07,amc,0000827054-20-000100
MCHP,2020-08-04,amc,0000827054-20-000183
MCHP,2020-11-05,amc,0001193125-20-286863
MCHP,2021-02-04,intraday,0000827054-21-000024
MCHP,2021-05-06,amc,0000827054-21-000097
MCHP,2021-08-03,amc,0000827054-21-000186
MCHP,2021-11-04,amc,0000827054-21-000279
MCHP,2022-02-03,amc,0000827054-22-000024
MCHP,2022-05-09,amc,0000827054-22-000076
MCHP,2022-08-02,amc,0000827054-22-000146
MCHP,2022-11-03,amc,0000827054-22-000192
MCHP,2023-02-02,amc,0000827054-23-000019
MCHP,2023-05-04,amc,0000827054-23-000060
MCHP,2023-08-03,amc,0000827054-23-000131
MCHP,2023-11-02,amc,0000827054-23-000183
MCHP,2024-01-08,amc,0000827054-24-000010
MCHP,2024-02-01,amc,0000827054-24-000022
MCHP,2024-05-06,amc,0000827054-24-000078
MCHP,2024-08-01,amc,0000827054-24-000138
MCHP,2024-11-05,amc,0000827054-24-000205
MCHP,2025-02-06,amc,0000827054-25-000018
MCHP,2025-05-08,amc,0000827054-25-000061
MCHP,2025-08-07,amc,0000827054-25-000132
MCHP,2025-11-06,amc,0000827054-25-000182
MCHP,2026-01-05,amc,0000827054-26-000002
MCHP,2026-02-05,amc,0000827054-26-000008
MCHP,2026-05-07,amc,0000827054-26-000012
MCHP,2026-08-06,amc,0000827054-26-000037
MDLZ,2019-07-30,amc,0001193125-19-207034
MDLZ,2019-10-29,amc,0001193125-19-277801
MDLZ,2020-01-29,amc,0001193125-20-018413
MDLZ,2020-04-28,amc,0001193125-20-123078
MDLZ,2020-07-28,amc,0001193125-20-201004
MDLZ,2020-11-02,amc,0001193125-20-283923
MDLZ,2021-01-28,amc,0001193125-21-020776
MDLZ,2021-04-27,amc,0001193125-21-134232
MDLZ,2021-07-27,amc,0001193125-21-225765
MDLZ,2021-11-02,amc,0001193125-21-316945
MDLZ,2022-01-27,amc,0001193125-22-019794
MDLZ,2022-04-26,amc,0001193125-22-120254
MDLZ,2022-07-26,amc,0001193125-22-202055
MDLZ,2022-11-01,amc,0001193125-22-274924
MDLZ,2023-01-31,amc,0001193125-23-020409
MDLZ,2023-04-27,amc,0001103982-23-000017
MDLZ,2023-07-27,amc,0001103982-23-000041
MDLZ,2023-11-01,amc,0001103982-23-000073
MDLZ,2024-01-30,amc,0001103982-24-000011
MDLZ,2024-04-30,amc,0001103982-24-000052
MDLZ,2024-07-30,amc,0001103982-24-000091
MDLZ,2024-10-29,amc,0001103982-24-000102
MDLZ,2025-02-04,amc,0001103982-25-000024
MDLZ,2025-04-29,amc,0001103982-25-000126
MDLZ,2025-07-29,amc,0001103982-25-000187
MDLZ,2025-10-28,amc,0001628280-25-046750
MDLZ,2026-02-03,amc,0001628280-26-005016
MDLZ,2026-04-28,amc,0001628280-26-027915
MDLZ,2026-07-28,amc,0001628280-26-050157
MET,2019-07-31,amc,0001099219-19-000133
MET,2019-08-13,amc,0001193125-19-219280
MET,2019-10-30,amc,0001099219-19-000220
MET,2019-12-17,amc,0001099219-19-000237
MET,2020-02-05,amc,0001099219-20-000050
MET,2020-02-14,amc,0001099219-20-000058
MET,2020-05-06,amc,0001099219-20-000200
MET,2020-05-11,amc,0001099219-20-000206
MET,2020-08-05,amc,0001099219-20-000285
MET,2020-08-11,amc,0001099219-20-000289
MET,2020-11-04,amc,0001099219-20-000355
MET,2020-11-09,amc,0001099219-20-000362
MET,2021-02-03,amc,0001099219-21-000036
MET,2021-02-09,amc,0001099219-21-000041
MET,2021-05-05,amc,0001099219-21-000173
MET,2021-05-14,amc,0001099219-21-000183
MET,2021-08-04,amc,0001099219-21-000268
MET,2021-08-09,amc,0001099219-21-000274
MET,2021-11-03,amc,0001099219-21-000330
MET,2021-11-09,amc,0001099219-21-000338
MET,2022-02-02,amc,0001099219-22-000003
MET,2022-02-08,amc,0001099219-22-000006
MET,2022-05-04,amc,0001099219-22-000106
MET,2022-05-09,amc,0001099219-22-000110
MET,2022-08-03,amc,0001099219-22-000112
MET,2022-08-08,amc,0001099219-22-000118
MET,2022-11-02,amc,0001099219-22-000172
MET,2022-11-07,amc,0001099219-22-000176
MET,2023-02-01,amc,0001099219-23-000039
MET,2023-02-07,amc,0001099219-23-000041
MET,2023-05-03,amc,0001099219-23-000156
MET,2023-08-02,amc,0001099219-23-000207
MET,2023-11-01,amc,0001099219-23-000266
MET,2024-01-31,amc,0001099219-24-000028
MET,2024-05-01,amc,0001099219-24-000139
MET,2024-07-31,amc,0001099219-24-000196
MET,2024-10-30,amc,0001099219-24-000255
MET,2025-02-05,amc,0001099219-25-000039
MET,2025-04-30,amc,0001099219-25-000133
MET,2025-08-06,amc,0001099219-25-000191
MET,2025-11-05,amc,0001099219-25-000227
MET,2026-02-04,amc,0001099219-26-000008
MET,2026-05-06,amc,0001099219-26-000032
MET,2026-08-05,amc,0001099219-26-000048
MGM,2019-07-25,intraday,0001564590-19-026133
MGM,2019-10-30,intraday,0001564590-19-038809
MGM,2020-02-12,intraday,0001564590-20-004375
MGM,2020-04-23,bmo,0001193125-20-116073
MGM,2020-04-30,intraday,0001564590-20-020210
MGM,2020-07-31,intraday,0001564590-20-034818
MGM,2020-10-29,intraday,0001564590-20-048889
MGM,2021-02-10,intraday,0001564590-21-005288
MGM,2021-04-28,intraday,0001564590-21-021395
MGM,2021-08-04,intraday,0001564590-21-040865
MGM,2021-11-03,intraday,0000789570-21-000008
MGM,2022-02-09,intraday,0000789570-22-000002
MGM,2022-04-21,bmo,0000789570-22-000008
MGM,2022-05-02,intraday,0000789570-22-000015
MGM,2022-08-03,intraday,0000789570-22-000025
MGM,2022-11-02,intraday,0000789570-22-000036
MGM,2023-02-08,intraday,0000789570-23-000004
MGM,2023-05-01,intraday,0000789570-23-000012
MGM,2023-08-02,intraday,0000789570-23-000018
MGM,2023-10-05,intraday,0001193125-23-251667
MGM,2023-11-08,intraday,0000789570-23-000022
MGM,2024-02-13,intraday,0000789570-24-000002
MGM,2024-05-01,intraday,0000789570-24-000013
MGM,2024-07-31,intraday,0000789570-24-000021
MGM,2024-10-30,intraday,0000789570-24-000028
MGM,2025-02-12,intraday,0000789570-25-000005
MGM,2025-04-30,intraday,0000789570-25-000019
MGM,2025-07-30,intraday,0000789570-25-000032
MGM,2025-10-29,intraday,0000789570-25-000073
MGM,2026-02-04,bmo,0001193125-26-037093
MGM,2026-02-05,intraday,0000789570-26-000013
MGM,2026-04-29,intraday,0000789570-26-000034
MGM,2026-07-29,intraday,0000789570-26-000075
MNST,2019-08-07,amc,0001104659-19-044544
MNST,2019-11-07,amc,0001104659-19-061144
MNST,2020-02-27,amc,0001104659-20-026177
MNST,2020-05-07,amc,0001104659-20-058129
MNST,2020-08-04,amc,0001104659-20-090299
MNST,2020-11-05,amc,0001104659-20-121827
MNST,2021-02-25,amc,0001104659-21-028257
MNST,2021-05-06,amc,0001104659-21-062425
MNST,2021-08-05,amc,0001104659-21-100782
MNST,2021-11-04,amc,0001104659-21-134412
MNST,2022-02-24,amc,0001104659-22-026611
MNST,2022-05-05,amc,0001104659-22-056465
MNST,2022-08-04,amc,0001104659-22-086151
MNST,2022-11-03,amc,0001104659-22-114430
MNST,2023-02-28,amc,0001104659-23-026733
MNST,2023-05-04,amc,0001104659-23-056023
MNST,2023-08-03,amc,0001104659-23-087294
MNST,2023-11-02,amc,0001104659-23-113794
MNST,2024-02-28,amc,0001104659-24-028756
MNST,2024-05-02,amc,0001104659-24-056393
MNST,2024-08-07,amc,0001104659-24-086781
MNST,2024-11-07,amc,0001104659-24-115332
MNST,2025-02-27,amc,0001104659-25-018243
MNST,2025-05-08,amc,0001104659-25-046150
MNST,2025-08-07,amc,0001104659-25-075211
MNST,2025-11-06,amc,0001104659-25-107778
MNST,2026-02-26,amc,0001104659-26-020525
MNST,2026-05-07,amc,0001104659-26-057188
MNST,2026-08-06,amc,0001104659-26-092046
MO,2019-07-30,bmo,0000764180-19-000068
MO,2019-10-31,bmo,0000764180-19-000080
MO,2020-01-30,bmo,0000764180-20-000005
MO,2020-01-30,intraday,0000764180-20-000009
MO,2020-04-30,bmo,0000764180-20-000044
MO,2020-07-28,bmo,0000764180-20-000070
MO,2020-10-30,bmo,0000764180-20-000102
MO,2021-01-28,bmo,0000764180-21-000014
MO,2021-04-29,bmo,0000764180-21-000064
MO,2021-07-29,bmo,0000764180-21-000106
MO,2021-10-28,bmo,0000764180-21-000125
MO,2022-01-27,bmo,0000764180-22-000007
MO,2022-04-28,bmo,0000764180-22-000042
MO,2022-07-28,bmo,0000764180-22-000090
MO,2022-10-27,bmo,0000764180-22-000100
MO,2023-02-01,bmo,0000764180-23-000012
MO,2023-04-27,bmo,0000764180-23-000058
MO,2023-08-01,bmo,0000764180-23-000112
MO,2023-10-26,bmo,0000764180-23-000125
MO,2024-02-01,bmo,0000764180-24-000007
MO,2024-04-25,bmo,0000764180-24-000056
MO,2024-07-31,bmo,0000764180-24-000091
MO,2024-10-31,bmo,0000764180-24-000100
MO,2025-01-30,bmo,0000764180-25-000006
MO,2025-04-29,bmo,0000764180-25-000047
MO,2025-07-30,bmo,0000764180-25-000109
MO,2025-10-30,bmo,0000764180-25-000128
MO,2026-01-29,bmo,0000764180-26-000007
MO,2026-04-30,bmo,0000764180-26-000056
MO,2026-07-30,bmo,0000764180-26-000093
MOS,2019-08-06,bmo,0001243786-19-000108
MOS,2019-11-04,amc,0001243786-19-000127
MOS,2020-02-19,amc,0001243786-20-000008
MOS,2020-05-05,amc,0001243786-20-000046
MOS,2020-08-03,amc,0001243786-20-000108
MOS,2020-11-02,amc,0001243786-20-000119
MOS,2021-02-17,amc,0001243786-21-000007
MOS,2021-05-03,amc,0001243786-21-000049
MOS,2021-08-02,amc,0001243786-21-000107
MOS,2021-11-01,amc,0001243786-21-000111
MOS,2022-02-22,amc,0001243786-22-000015
MOS,2022-05-02,amc,0001243786-22-000081
MOS,2022-08-01,amc,0001243786-22-000134
MOS,2022-11-07,amc,0001243786-22-000159
MOS,2023-02-22,amc,0001243786-23-000008
MOS,2023-05-03,amc,0001243786-23-000066
MOS,2023-08-01,amc,0001243786-23-000127
MOS,2023-11-07,amc,0001243786-23-000152
MOS,2024-02-21,amc,0002004032-24-000003
MOS,2024-05-01,amc,0002004032-24-000008
MOS,2024-08-06,amc,0001243786-24-000045
MOS,2024-11-12,bmo,0001628280-24-046819
MOS,2025-02-27,amc,0001628280-25-008617
MOS,2025-08-05,amc,0001628280-25-037916
MOS,2025-11-04,amc,0001628280-25-048961
MOS,2026-02-24,amc,0001285785-26-000013
MOS,2026-05-11,intraday,0001285785-26-000063
MOS,2026-08-04,amc,0001285785-26-000109
MPC,2019-08-01,bmo,0001510295-19-000094
MPC,2019-10-31,bmo,0001510295-19-000132
MPC,2020-01-29,bmo,0001510295-20-000002
MPC,2020-04-22,amc,0001510295-20-000042
MPC,2020-05-05,bmo,0001510295-20-000062
MPC,2020-08-03,bmo,0001510295-20-000081
MPC,2020-11-02,bmo,0001510295-20-000102
MPC,2020-11-06,bmo,0001510295-20-000107
MPC,2021-01-25,bmo,0001510295-21-000014
MPC,2021-02-02,bmo,0001510295-21-000019
MPC,2021-02-26,bmo,0001510295-21-000026
MPC,2021-05-04,bmo,0001510295-21-000062
MPC,2021-08-04,bmo,0001510295-21-000111
MPC,2021-11-02,bmo,0001510295-21-000125
MPC,2022-02-02,bmo,0001510295-22-000006
MPC,2022-05-03,bmo,0001510295-22-000037
MPC,2022-08-02,bmo,0001510295-22-000061
MPC,2022-11-01,bmo,0001510295-22-000075
MPC,2023-01-31,bmo,0001510295-23-000005
MPC,2023-05-02,bmo,0001510295-23-000045
MPC,2023-08-01,bmo,0001510295-23-000067
MPC,2023-10-31,bmo,0001510295-23-000076
MPC,2024-01-30,bmo,0001510295-24-000005
MPC,2024-04-30,bmo,0001510295-24-000045
MPC,2024-08-06,bmo,0001510295-24-000065
MPC,2024-11-05,bmo,0001510295-24-000078
MPC,2025-02-04,bmo,0001510295-25-000005
MPC,2025-05-06,bmo,0001510295-25-000038
MPC,2025-08-05,bmo,0001510295-25-000052
MPC,2025-11-04,bmo,0001510295-25-000059
MPC,2026-02-03,bmo,0001510295-26-000003
MPC,2026-04-13,amc,0001510295-26-000029
MPC,2026-05-05,bmo,0001510295-26-000039
MPC,2026-08-04,bmo,0001510295-26-000060
MPLX,2019-08-01,bmo,0001552000-19-000058
MPLX,2019-10-31,bmo,0001552000-19-000067
MPLX,2020-01-29,bmo,0001552000-20-000002
MPLX,2020-05-05,bmo,0001552000-20-000036
MPLX,2020-08-03,bmo,0001552000-20-000044
MPLX,2020-11-02,bmo,0001552000-20-000065
MPLX,2021-02-02,bmo,0001552000-21-000009
MPLX,2021-05-04,bmo,0001552000-21-000022
MPLX,2021-08-04,bmo,0001552000-21-000032
MPLX,2021-11-02,bmo,0001552000-21-000039
MPLX,2022-02-02,bmo,0001552000-22-000003
MPLX,2022-05-03,bmo,0001552000-22-000014
MPLX,2022-08-02,bmo,0001552000-22-000032
MPLX,2022-11-01,bmo,0001552000-22-000043
MPLX,2023-01-31,bmo,0001552000-23-000004
MPLX,2023-05-02,bmo,0001552000-23-000011
MPLX,2023-08-01,bmo,0001552000-23-000026
MPLX,2023-10-31,bmo,0001552000-23-000036
MPLX,2024-01-30,bmo,0001552000-24-000003
MPLX,2024-04-30,bmo,0001552000-24-000012
MPLX,2024-08-06,bmo,0001552000-24-000023
MPLX,2024-11-05,bmo,0001552000-24-000031
MPLX,2025-02-04,bmo,0001552000-25-000008
MPLX,2025-05-06,bmo,0001552000-25-000018
MPLX,2025-08-05,bmo,0001552000-25-000024
MPLX,2025-11-04,bmo,0001552000-25-000035
MPLX,2026-02-03,bmo,0001552000-26-000004
MPLX,2026-04-13,amc,0001552000-26-000017
MPLX,2026-05-05,bmo,0001552000-26-000023
MPLX,2026-08-04,bmo,0001552000-26-000035
MPT,2019-08-01,bmo,0001193125-19-209891
MPT,2019-10-31,bmo,0001193125-19-279799
MPT,2020-02-06,bmo,0001193125-20-026302
MPT,2020-04-30,bmo,0001193125-20-127457
MPT,2020-07-30,bmo,0001193125-20-203464
MPT,2020-10-29,bmo,0001193125-20-280513
MPT,2021-02-04,bmo,0001193125-21-028200
MPT,2021-04-29,bmo,0001193125-21-138537
MPT,2021-07-29,bmo,0001193125-21-228292
MPT,2021-10-28,bmo,0001193125-21-310471
MPT,2022-02-03,bmo,0001193125-22-026488
MPT,2022-04-28,bmo,0001193125-22-125651
MPT,2022-08-03,bmo,0001193125-22-210654
MPT,2022-10-27,bmo,0001193125-22-270499
MPT,2023-02-23,bmo,0001193125-23-045747
MPT,2023-04-27,bmo,0001193125-23-120216
MPT,2023-08-08,bmo,0001193125-23-205633
MPT,2023-10-26,bmo,0001193125-23-263599
MPT,2024-02-21,bmo,0001193125-24-040842
MPT,2024-05-09,bmo,0001193125-24-134847
MPT,2024-08-08,bmo,0001193125-24-196518
MPT,2024-11-07,bmo,0001193125-24-252717
MPT,2025-02-27,bmo,0001193125-25-037671
MPT,2025-05-01,bmo,0001193125-25-109039
MPT,2025-07-31,bmo,0001193125-25-170123
MPT,2025-10-30,bmo,0001193125-25-257549
MPT,2026-02-19,bmo,0001193125-26-058167
MPT,2026-04-30,bmo,0001193125-26-194165
MRK,2019-07-30,bmo,0001104659-19-042471
MRK,2019-10-29,bmo,0001104659-19-057074
MRK,2020-02-05,bmo,0001104659-20-010958
MRK,2020-04-28,bmo,0001104659-20-051922
MRK,2020-07-31,bmo,0001104659-20-088675
MRK,2020-10-27,bmo,0001104659-20-118364
MRK,2021-02-04,bmo,0001104659-21-011912
MRK,2021-04-29,bmo,0001104659-21-056877
MRK,2021-07-29,bmo,0001104659-21-097239
MRK,2021-10-28,bmo,0001104659-21-130675
MRK,2022-02-03,bmo,0001104659-22-011130
MRK,2022-04-21,amc,0001104659-22-047977
MRK,2022-04-28,bmo,0001104659-22-051588
MRK,2022-07-28,bmo,0001104659-22-083410
MRK,2022-10-27,bmo,0001104659-22-111729
MRK,2023-02-02,bmo,0001104659-23-009552
MRK,2023-04-27,bmo,0001104659-23-050654
MRK,2023-08-01,bmo,0001104659-23-086030
MRK,2023-10-26,bmo,0001104659-23-111585
MRK,2024-02-01,bmo,0001104659-24-009109
MRK,2024-04-25,bmo,0001104659-24-051517
MRK,2024-07-30,bmo,0001104659-24-083722
MRK,2024-10-31,bmo,0001104659-24-112841
MRK,2025-02-04,bmo,0001104659-25-008863
MRK,2025-04-24,bmo,0001104659-25-038301
MRK,2025-07-29,bmo,0001104659-25-071380
MRK,2025-10-30,bmo,0001104659-25-103974
MRK,2026-02-03,bmo,0001104659-26-009495
MRK,2026-04-30,bmo,0001104659-26-052081
MRK,2026-08-04,bmo,0001104659-26-090045
MRVL,2021-06-07,amc,0001835632-21-000005
MRVL,2021-08-03,bmo,0001193125-21-234006
MRVL,2021-08-26,amc,0001835632-21-000018
MRVL,2021-12-02,amc,0001835632-21-000026
MRVL,2022-03-03,amc,0001835632-22-000006
MRVL,2022-05-26,amc,0001835632-22-000021
MRVL,2022-08-25,amc,0001835632-22-000038
MRVL,2022-12-01,amc,0001835632-22-000050
MRVL,2023-03-02,amc,0001835632-23-000007
MRVL,2023-05-25,amc,0001835632-23-000022
MRVL,2023-08-24,amc,0001835632-23-000036
MRVL,2023-11-30,amc,0001835632-23-000044
MRVL,2024-03-07,amc,0001835632-24-000004
MRVL,2024-05-30,amc,0001835632-24-000060
MRVL,2024-08-29,amc,0001835632-24-000140
MRVL,2024-12-03,amc,0001835632-24-000197
MRVL,2025-03-05,amc,0001835632-25-000051
MRVL,2025-05-06,amc,0001193125-25-113881
MRVL,2025-05-29,amc,0001835632-25-000115
MRVL,2025-08-28,amc,0001835632-25-000187
MRVL,2025-12-02,amc,0001835632-25-000193
MRVL,2026-03-05,amc,0001835632-26-000006
MRVL,2026-05-27,amc,0001835632-26-000014
MS,2019-10-17,bmo,0001157523-19-002059
MS,2020-01-16,bmo,0001157523-20-000072
MS,2020-04-16,bmo,0001157523-20-000518
MS,2020-07-16,bmo,0001157523-20-000980
MS,2020-10-15,bmo,0001157523-20-001312
MS,2021-01-20,bmo,0001157523-21-000058
MS,2021-04-16,bmo,0001157523-21-000468
MS,2021-07-15,bmo,0001157523-21-000874
MS,2021-10-14,bmo,0001157523-21-001199
MS,2022-01-19,bmo,0001157523-22-000068
MS,2022-04-14,bmo,0001157523-22-000424
MS,2022-07-14,bmo,0001157523-22-000850
MS,2022-10-14,bmo,0001157523-22-001315
MS,2023-01-17,bmo,0001157523-23-000051
MS,2023-04-19,bmo,0001157523-23-000576
MS,2023-07-18,bmo,0001157523-23-001098
MS,2023-10-18,bmo,0001157523-23-001495
MS,2024-01-16,bmo,0001157523-24-000060
MS,2024-04-16,bmo,0000895421-24-000315
MS,2024-07-16,bmo,0000895421-24-000398
MS,2024-10-16,bmo,0000895421-24-000484
MS,2025-01-16,bmo,0000895421-25-000079
MS,2025-04-11,bmo,0000895421-25-000322
MS,2025-07-16,bmo,0000895421-25-000419
MS,2025-10-15,bmo,0000895421-25-000535
MS,2026-01-15,bmo,0000895421-26-000007
MS,2026-04-15,bmo,0000895421-26-000111
MS,2026-07-15,bmo,0000895421-26-000207
MTDR,2019-08-01,bmo,0001520006-19-000112
MTDR,2019-10-30,bmo,0001520006-19-000156
MTDR,2020-02-26,bmo,0001520006-20-000030
MTDR,2020-04-30,bmo,0001520006-20-000137
MTDR,2020-07-08,bmo,0001520006-20-000184
MTDR,2020-07-29,amc,0001520006-20-000189
MTDR,2020-10-28,bmo,0001520006-20-000209
MTDR,2021-02-17,amc,0001520006-21-000037
MTDR,2021-02-24,amc,0001520006-21-000052
MTDR,2021-04-29,bmo,0001520006-21-000083
MTDR,2021-07-27,amc,0001520006-21-000175
MTDR,2021-10-20,bmo,0001520006-21-000218
MTDR,2021-10-26,amc,0001520006-21-000227
MTDR,2022-02-17,amc,0001520006-22-000038
MTDR,2022-02-22,amc,0001520006-22-000060
MTDR,2022-04-26,amc,0001520006-22-000106
MTDR,2022-07-26,amc,0001520006-22-000185
MTDR,2022-10-25,amc,0001520006-22-000203
MTDR,2023-02-21,amc,0001520006-23-000050
MTDR,2023-02-21,amc,0001520006-23-000052
MTDR,2023-04-25,amc,0001520006-23-000098
MTDR,2023-07-25,amc,0001520006-23-000172
MTDR,2023-10-24,amc,0001520006-23-000192
MTDR,2024-02-20,amc,0001520006-24-000057
MTDR,2024-04-23,amc,0001520006-24-000095
MTDR,2024-07-02,bmo,0001520006-24-000153
MTDR,2024-07-23,amc,0001520006-24-000160
MTDR,2024-10-22,amc,0001520006-24-000206
MTDR,2025-02-18,amc,0001520006-25-000032
MTDR,2025-04-08,bmo,0001520006-25-000104
MTDR,2025-04-23,amc,0001520006-25-000112
MTDR,2025-07-22,amc,0001520006-25-000188
MTDR,2025-10-21,amc,0001520006-25-000215
MTDR,2026-02-24,amc,0001628280-26-011137
MTDR,2026-05-06,amc,0001520006-26-000019
MTDR,2026-08-05,amc,0001520006-26-000036
MTG,2019-07-23,bmo,0000876437-19-000031
MTG,2019-10-22,bmo,0000876437-19-000039
MTG,2020-02-04,bmo,0000876437-20-000003
MTG,2020-08-04,amc,0000876437-20-000030
MTG,2020-11-04,amc,0000876437-20-000041
MTG,2021-02-23,amc,0000876437-21-000011
MTG,2021-05-05,amc,0000876437-21-000020
MTG,2021-08-04,amc,0000876437-21-000025
MTG,2021-11-03,amc,0000876437-21-000030
MTG,2022-02-02,amc,0000876437-22-000005
MTG,2022-05-04,amc,0000876437-22-000028
MTG,2022-08-03,amc,0000876437-22-000034
MTG,2022-11-02,amc,0000876437-22-000038
MTG,2023-02-01,amc,0000876437-23-000010
MTG,2023-05-03,amc,0000876437-23-000024
MTG,2023-08-02,amc,0000876437-23-000051
MTG,2023-10-31,amc,0000876437-23-000072
MTG,2024-01-31,amc,0000876437-24-000003
MTG,2024-05-01,amc,0000876437-24-000063
MTG,2024-07-31,amc,0000876437-24-000080
MTG,2024-11-04,amc,0000876437-24-000110
MTG,2025-02-03,amc,0000876437-25-000004
MTG,2025-04-30,amc,0000876437-25-000073
MTG,2025-07-30,amc,0000876437-25-000114
MTG,2025-10-29,amc,0000876437-25-000126
MTG,2026-02-02,amc,0000876437-26-000006
MTG,2026-04-29,amc,0000876437-26-000021
MTG,2026-07-29,amc,0000876437-26-000026
MU,2019-06-25,amc,0000723125-19-000032
MU,2019-09-26,amc,0000723125-19-000068
MU,2019-12-18,amc,0000723125-19-000172
MU,2020-03-25,amc,0000723125-20-000030
MU,2020-06-29,amc,0000723125-20-000063
MU,2020-09-29,amc,0000723125-20-000079
MU,2021-01-07,amc,0000723125-21-000009
MU,2021-03-31,amc,0000723125-21-000028
MU,2021-06-30,amc,0000723125-21-000049
MU,2021-09-28,amc,0000723125-21-000060
MU,2021-12-20,amc,0000723125-21-000086
MU,2022-03-29,amc,0000723125-22-000012
MU,2022-06-30,amc,0000723125-22-000034
MU,2022-09-29,amc,0000723125-22-000044
MU,2022-12-21,amc,0000723125-22-000070
MU,2023-03-28,amc,0000723125-23-000018
MU,2023-06-28,amc,0000723125-23-000038
MU,2023-09-27,amc,0000723125-23-000051
MU,2023-12-20,amc,0000723125-23-000071
MU,2024-03-20,amc,0000723125-24-000004
MU,2024-06-26,amc,0000723125-24-000016
MU,2024-09-25,amc,0000723125-24-000023
MU,2024-12-18,amc,0000723125-24-000046
MU,2025-03-20,amc,0000723125-25-000006
MU,2025-06-25,amc,0000723125-25-000019
MU,2025-09-23,amc,0000723125-25-000024
MU,2025-12-17,amc,0000723125-25-000044
MU,2026-03-18,amc,0000723125-26-000004
MU,2026-06-24,amc,0000723125-26-000013
MUR,2019-08-08,bmo,0000717423-19-000058
MUR,2019-10-31,bmo,0000717423-19-000085
MUR,2020-01-30,bmo,0000717423-20-000004
MUR,2020-05-07,amc,0000717423-20-000029
MUR,2020-08-06,bmo,0000717423-20-000048
MUR,2020-11-05,bmo,0000717423-20-000065
MUR,2021-01-28,bmo,0000717423-21-000005
MUR,2021-05-06,bmo,0000717423-21-000018
MUR,2021-08-05,bmo,0000717423-21-000037
MUR,2021-11-04,bmo,0000717423-21-000044
MUR,2022-01-27,bmo,0000717423-22-000002
MUR,2022-05-04,bmo,0000717423-22-000037
MUR,2022-08-04,bmo,0000717423-22-000059
MUR,2022-11-03,bmo,0000717423-22-000070
MUR,2023-01-26,bmo,0000717423-23-000004
MUR,2023-05-03,bmo,0000717423-23-000032
MUR,2023-08-03,bmo,0000717423-23-000048
MUR,2023-11-02,bmo,0000717423-23-000059
MUR,2024-01-03,amc,0000950103-24-000180
MUR,2024-01-25,bmo,0000717423-24-000004
MUR,2024-05-02,bmo,0000717423-24-000015
MUR,2024-08-08,bmo,0000717423-24-000024
MUR,2024-11-07,bmo,0000717423-24-000036
MUR,2025-01-30,bmo,0000717423-25-000003
MUR,2025-05-07,amc,0000717423-25-000013
MUR,2025-08-06,amc,0000717423-25-000029
MUR,2025-11-05,amc,0001628280-25-049668
MUR,2026-01-06,amc,0000950103-26-000187
MUR,2026-01-28,amc,0001628280-26-003863
MUR,2026-05-06,amc,0001628280-26-031363
MUR,2026-08-05,amc,0001628280-26-053431
NDAQ,2019-07-24,bmo,0001193125-19-200527
NDAQ,2019-10-23,bmo,0001193125-19-272093
NDAQ,2020-01-29,bmo,0001193125-20-017634
NDAQ,2020-04-22,bmo,0001193125-20-114255
NDAQ,2020-07-22,bmo,0001193125-20-196795
NDAQ,2020-10-21,bmo,0001193125-20-273318
NDAQ,2021-01-12,amc,0001193125-21-007344
NDAQ,2021-01-27,bmo,0001193125-21-018398
NDAQ,2021-04-21,bmo,0001193125-21-123596
NDAQ,2021-07-21,bmo,0001193125-21-220127
NDAQ,2021-10-20,bmo,0001193125-21-302540
NDAQ,2022-01-26,bmo,0001193125-22-017676
NDAQ,2022-04-20,bmo,0001193125-22-110289
NDAQ,2022-07-20,bmo,0001193125-22-197571
NDAQ,2022-10-19,bmo,0001193125-22-264886
NDAQ,2023-01-25,bmo,0001193125-23-014728
NDAQ,2023-04-19,bmo,0001193125-23-105683
NDAQ,2023-07-19,bmo,0001193125-23-189208
NDAQ,2023-10-18,bmo,0001193125-23-258050
NDAQ,2024-01-31,bmo,0001193125-24-020225
NDAQ,2024-04-25,bmo,0001193125-24-111540
NDAQ,2024-07-25,bmo,0001193125-24-184292
NDAQ,2024-10-24,bmo,0001193125-24-242283
NDAQ,2025-01-29,bmo,0001193125-25-014912
NDAQ,2025-04-24,bmo,0001193125-25-092227
NDAQ,2025-07-24,bmo,0001193125-25-163817
NDAQ,2025-10-21,bmo,0001193125-25-244271
NDAQ,2026-01-29,bmo,0001193125-26-028185
NDAQ,2026-04-23,bmo,0001193125-26-171829
NDAQ,2026-07-23,bmo,0001120193-26-000011
NEE,2019-07-24,bmo,0000753308-19-000162
NEE,2019-10-22,bmo,0000753308-19-000201
NEE,2020-01-24,bmo,0000753308-20-000009
NEE,2020-04-22,bmo,0000753308-20-000110
NEE,2020-07-24,bmo,0000753308-20-000146
NEE,2020-10-21,bmo,0000753308-20-000182
NEE,2021-01-26,bmo,0000753308-21-000007
NEE,2021-04-21,bmo,0000753308-21-000106
NEE,2021-07-23,bmo,0000753308-21-000143
NEE,2021-10-20,bmo,0000753308-21-000164
NEE,2022-01-25,bmo,0000753308-22-000007
NEE,2022-04-21,bmo,0000753308-22-000030
NEE,2022-07-22,bmo,0000753308-22-000052
NEE,2022-10-28,bmo,0000753308-22-000076
NEE,2023-01-25,bmo,0000753308-23-000009
NEE,2023-04-25,bmo,0000753308-23-000029
NEE,2023-07-25,bmo,0000753308-23-000042
NEE,2023-10-24,bmo,0000753308-23-000053
NEE,2024-01-25,bmo,0000753308-24-000002
NEE,2024-04-23,bmo,0000753308-24-000021
NEE,2024-07-24,bmo,0000753308-24-000048
NEE,2024-10-23,bmo,0000753308-24-000055
NEE,2025-01-24,bmo,0000753308-25-000003
NEE,2025-04-23,bmo,0000753308-25-000021
NEE,2025-07-23,bmo,0000753308-25-000039
NEE,2025-10-28,bmo,0000753308-25-000055
NEE,2026-01-02,amc,0000753308-26-000004
NEE,2026-01-27,bmo,0000753308-26-000007
NEE,2026-04-23,bmo,0000753308-26-000028
NEE,2026-07-24,bmo,0000753308-26-000058
NEM,2019-07-25,bmo,0001157523-19-001578
NEM,2019-11-05,bmo,0001157523-19-002190
NEM,2020-02-20,bmo,0001157523-20-000234
NEM,2020-05-05,bmo,0001157523-20-000647
NEM,2020-07-30,bmo,0001157523-20-001062
NEM,2020-10-29,bmo,0001157523-20-001374
NEM,2021-02-18,bmo,0001157523-21-000209
NEM,2021-04-29,bmo,0001157523-21-000532
NEM,2021-07-22,bmo,0001157523-21-000900
NEM,2021-10-28,bmo,0001157523-21-001269
NEM,2022-02-24,bmo,0001157523-22-000249
NEM,2022-04-22,bmo,0001157523-22-000461
NEM,2022-07-25,bmo,0001157523-22-000888
NEM,2022-11-01,bmo,0001157523-22-001452
NEM,2023-02-23,bmo,0001157523-23-000340
NEM,2023-04-27,bmo,0001157523-23-000631
NEM,2023-07-20,bmo,0001157523-23-001113
NEM,2023-10-26,bmo,0001157523-23-001555
NEM,2024-02-22,bmo,0001164727-24-000006
NEM,2024-04-25,bmo,0001164727-24-000025
NEM,2024-07-24,amc,0001164727-24-000035
NEM,2024-10-23,amc,0001164727-24-000057
NEM,2025-02-20,amc,0001164727-25-000008
NEM,2025-04-23,amc,0001164727-25-000018
NEM,2025-07-24,amc,0001164727-25-000033
NEM,2025-10-23,amc,0001164727-25-000044
NEM,2026-02-19,amc,0001164727-26-000009
NEM,2026-04-23,amc,0001164727-26-000017
NEM,2026-07-23,amc,0001164727-26-000034
NFLX,2019-07-17,amc,0001065280-19-000253
NFLX,2019-10-16,amc,0001065280-19-000366
NFLX,2019-12-16,amc,0001065280-19-000441
NFLX,2020-01-21,amc,0001065280-20-000035
NFLX,2020-04-21,amc,0001065280-20-000153
NFLX,2020-07-16,amc,0001065280-20-000306
NFLX,2020-10-20,amc,0001065280-20-000448
NFLX,2021-01-19,amc,0001065280-21-000037
NFLX,2021-04-20,amc,0001065280-21-000143
NFLX,2021-07-20,amc,0001065280-21-000249
NFLX,2021-10-19,amc,0001065280-21-000362
NFLX,2022-01-20,amc,0001065280-22-000035
NFLX,2022-04-19,amc,0001065280-22-000144
NFLX,2022-07-19,amc,0001065280-22-000256
NFLX,2022-10-18,amc,0001065280-22-000367
NFLX,2023-01-19,amc,0001065280-23-000034
NFLX,2023-04-18,amc,0001065280-23-000119
NFLX,2023-07-19,amc,0001065280-23-000197
NFLX,2023-10-18,amc,0001065280-23-000272
NFLX,2024-01-23,amc,0001065280-24-000029
NFLX,2024-04-18,amc,0001065280-24-000127
NFLX,2024-07-18,amc,0001065280-24-000199
NFLX,2024-10-17,amc,0001065280-24-000286
NFLX,2025-01-21,amc,0001065280-25-000033
NFLX,2025-04-17,amc,0001065280-25-000175
NFLX,2025-07-17,amc,0001065280-25-000322
NFLX,2025-10-21,amc,0001065280-25-000404
NFLX,2026-01-20,amc,0001065280-26-000033
NFLX,2026-04-16,amc,0001065280-26-000137
NFLX,2026-07-16,amc,0001065280-26-000211
NI,2019-07-31,bmo,0001111711-19-000032
NI,2019-10-30,bmo,0001111711-19-000038
NI,2020-02-27,amc,0001111711-20-000009
NI,2020-05-06,bmo,0001111711-20-000019
NI,2020-08-05,bmo,0001111711-20-000034
NI,2020-11-02,bmo,0001111711-20-000045
NI,2021-02-17,bmo,0001111711-21-000008
NI,2021-05-05,bmo,0001111711-21-000016
NI,2021-08-04,bmo,0001111711-21-000028
NI,2021-11-03,bmo,0001111711-21-000034
NI,2022-02-23,bmo,0001111711-22-000005
NI,2022-05-04,bmo,0001111711-22-000011
NI,2022-08-03,bmo,0001111711-22-000023
NI,2022-11-07,bmo,0001111711-22-000040
NI,2023-02-22,bmo,0001111711-23-000003
NI,2023-05-03,bmo,0001111711-23-000011
NI,2023-08-02,bmo,0001111711-23-000024
NI,2023-11-01,bmo,0001111711-23-000038
NI,2024-02-21,bmo,0001111711-24-000009
NI,2024-05-08,bmo,0001111711-24-000019
NI,2024-08-07,bmo,0001111711-24-000031
NI,2024-10-30,bmo,0001111711-24-000041
NI,2025-02-12,bmo,0001111711-25-000006
NI,2025-05-07,bmo,0001111711-25-000019
NI,2025-08-06,bmo,0001111711-25-000035
NI,2025-10-29,bmo,0001111711-25-000054
NI,2026-02-11,bmo,0001111711-26-000026
NI,2026-05-06,bmo,0001111711-26-000044
NI,2026-08-05,bmo,0001111711-26-000087
NKE,2019-06-27,amc,0000320187-19-000044
NKE,2019-09-24,amc,0000320187-19-000066
NKE,2019-12-19,amc,0000320187-19-000085
NKE,2020-03-24,amc,0000320187-20-000014
NKE,2020-06-25,amc,0000320187-20-000033
NKE,2020-09-22,amc,0000320187-20-000058
NKE,2020-12-18,amc,0000320187-20-000064
NKE,2021-03-18,amc,0000320187-21-000009
NKE,2021-06-24,amc,0000320187-21-000025
NKE,2021-09-23,amc,0000320187-21-000041
NKE,2021-12-20,amc,0000320187-21-000055
NKE,2022-03-21,amc,0000320187-22-000014
NKE,2022-06-27,amc,0000320187-22-000029
NKE,2022-09-29,amc,0000320187-22-000054
NKE,2022-12-20,amc,0000320187-22-000061
NKE,2023-03-21,amc,0000320187-23-000009
NKE,2023-06-29,amc,0000320187-23-000026
NKE,2023-09-28,amc,0000320187-23-000048
NKE,2023-12-21,amc,0000320187-23-000054
NKE,2024-03-21,amc,0000320187-24-000013
NKE,2024-06-27,amc,0000320187-24-000028
NKE,2024-10-01,amc,0000320187-24-000062
NKE,2024-12-19,amc,0000320187-24-000069
NKE,2025-03-20,amc,0000320187-25-000011
NKE,2025-06-26,amc,0000320187-25-000034
NKE,2025-09-30,amc,0000320187-25-000091
NKE,2025-12-18,amc,0000320187-25-000138
NKE,2026-03-31,amc,0000320187-26-000026
NKE,2026-06-23,amc,0000320187-26-000070
NKE,2026-06-30,amc,0000320187-26-000076
NLY,2019-07-31,amc,0001628280-19-009408
NLY,2019-10-30,amc,0001628280-19-012819
NLY,2020-02-12,amc,0001628280-20-001422
NLY,2020-04-07,amc,0001628280-20-004746
NLY,2020-04-29,amc,0001628280-20-005844
NLY,2020-07-29,amc,0001628280-20-010819
NLY,2020-10-28,amc,0001628280-20-014980
NLY,2021-02-10,amc,0001628280-21-001802
NLY,2021-04-28,amc,0001628280-21-007927
NLY,2021-07-28,amc,0001628280-21-014706
NLY,2021-10-27,amc,0001628280-21-020630
NLY,2022-02-09,amc,0001628280-22-002109
NLY,2022-04-27,amc,0001628280-22-010804
NLY,2022-07-27,amc,0001628280-22-019576
NLY,2022-10-11,bmo,0001193125-22-260281
NLY,2022-10-26,amc,0001628280-22-027068
NLY,2023-02-08,amc,0001628280-23-002771
NLY,2023-04-26,amc,0001628280-23-013234
NLY,2023-07-26,amc,0001628280-23-025721
NLY,2023-10-25,amc,0001628280-23-035117
NLY,2024-02-07,amc,0001628280-24-003712
NLY,2024-04-24,amc,0001628280-24-017650
NLY,2024-07-24,amc,0001628280-24-032822
NLY,2024-10-23,amc,0001628280-24-043434
NLY,2025-01-29,amc,0001628280-25-002999
NLY,2025-04-30,amc,0001628280-25-021094
NLY,2025-07-23,amc,0001628280-25-035741
NLY,2025-10-22,amc,0001043219-25-000007
NLY,2026-01-28,amc,0001043219-26-000007
NLY,2026-04-21,amc,0001043219-26-000021
NLY,2026-07-21,amc,0001043219-26-000052
NOV,2019-07-30,intraday,0001564590-19-026799
NOV,2019-10-29,amc,0001564590-19-038205
NOV,2020-02-07,amc,0001564590-20-003771
NOV,2020-04-28,amc,0001564590-20-018942
NOV,2020-07-28,amc,0001564590-20-033646
NOV,2020-10-27,amc,0001564590-20-047720
NOV,2021-01-19,bmo,0001564590-21-001401
NOV,2021-02-05,amc,0001564590-21-004372
NOV,2021-03-16,intraday,0001564590-21-013416
NOV,2021-04-28,intraday,0001564590-21-021176
NOV,2021-07-28,amc,0001564590-21-038437
NOV,2021-10-27,intraday,0001564590-21-052217
NOV,2022-02-04,intraday,0001564590-22-003905
NOV,2022-04-29,intraday,0000950170-22-006627
NOV,2022-07-28,bmo,0000950170-22-013290
NOV,2022-10-28,bmo,0000950170-22-020390
NOV,2023-02-07,intraday,0000950170-23-001931
NOV,2023-04-27,intraday,0000950170-23-015068
NOV,2023-07-27,bmo,0000950170-23-034981
NOV,2023-10-27,intraday,0000950170-23-055806
NOV,2024-02-02,amc,0000950170-24-009934
NOV,2024-04-26,bmo,0000950170-24-048681
NOV,2024-07-26,bmo,0000950170-24-086739
NOV,2024-10-25,bmo,0000950170-24-117226
NOV,2025-02-05,bmo,0000950170-25-014184
NOV,2025-04-29,bmo,0000950170-25-059591
NOV,2025-07-29,bmo,0000950170-25-099408
NOV,2025-10-28,bmo,0001193125-25-252481
NOV,2026-02-05,bmo,0001193125-26-038589
NOV,2026-04-15,bmo,0001193125-26-156143
NOV,2026-04-28,bmo,0001193125-26-183828
NOV,2026-07-29,bmo,0001193125-26-322315
NOW,2019-07-24,amc,0001373715-19-000200
NOW,2019-10-23,amc,0001193125-19-271896
NOW,2019-10-23,amc,0001373715-19-000265
NOW,2020-01-29,amc,0001373715-20-000008
NOW,2020-04-29,amc,0001373715-20-000098
NOW,2020-07-29,amc,0001373715-20-000189
NOW,2020-10-28,amc,0001373715-20-000255
NOW,2021-01-27,amc,0001373715-21-000008
NOW,2021-04-28,amc,0001373715-21-000111
NOW,2021-07-28,amc,0001373715-21-000200
NOW,2021-10-27,amc,0001373715-21-000288
NOW,2022-01-26,amc,0001373715-22-000006
NOW,2022-04-27,amc,0001373715-22-000132
NOW,2022-07-27,amc,0001373715-22-000239
NOW,2022-10-26,amc,0001373715-22-000329
NOW,2023-01-25,amc,0001373715-23-000016
NOW,2023-04-26,amc,0001373715-23-000162
NOW,2023-07-26,amc,0001373715-23-000323
NOW,2023-10-25,amc,0001373715-23-000417
NOW,2024-01-24,amc,0001373715-24-000009
NOW,2024-04-24,amc,0001373715-24-000163
NOW,2024-07-24,amc,0001373715-24-000269
NOW,2024-10-23,amc,0001373715-24-000342
NOW,2025-01-29,amc,0001373715-25-000007
NOW,2025-04-23,amc,0001373715-25-000124
NOW,2025-07-23,amc,0001373715-25-000274
NOW,2025-10-29,amc,0001373715-25-000305
NOW,2026-01-28,amc,0001373715-26-000005
NOW,2026-04-22,amc,0001373715-26-000054
NOW,2026-07-22,amc,0001373715-26-000072
NRG,2019-08-07,bmo,0001013871-19-000026
NRG,2019-11-07,bmo,0001013871-19-000033
NRG,2020-02-27,bmo,0001013871-20-000006
NRG,2020-05-07,bmo,0001013871-20-000021
NRG,2020-07-30,amc,0001104659-20-088375
NRG,2020-08-06,bmo,0001013871-20-000033
NRG,2020-11-05,bmo,0001013871-20-000038
NRG,2021-03-01,bmo,0001013871-21-000003
NRG,2021-05-06,bmo,0001013871-21-000008
NRG,2021-08-05,bmo,0001013871-21-000014
NRG,2021-11-04,bmo,0001013871-21-000020
NRG,2022-02-24,bmo,0001013871-22-000008
NRG,2022-05-06,bmo,0001013871-22-000014
NRG,2022-08-04,bmo,0001013871-22-000020
NRG,2022-11-07,bmo,0001013871-22-000024
NRG,2023-02-16,bmo,0001013871-23-000002
NRG,2023-05-04,bmo,0001013871-23-000009
NRG,2023-08-08,bmo,0001013871-23-000015
NRG,2023-11-02,bmo,0001013871-23-000020
NRG,2024-02-28,bmo,0001013871-24-000003
NRG,2024-05-07,bmo,0001013871-24-000009
NRG,2024-08-08,bmo,0001013871-24-000014
NRG,2024-11-08,bmo,0001013871-24-000019
NRG,2025-02-26,bmo,0001013871-25-000004
NRG,2025-05-12,bmo,0001013871-25-000010
NRG,2025-08-06,bmo,0001013871-25-000018
NRG,2025-11-06,bmo,0001013871-25-000023
NRG,2026-02-24,bmo,0001013871-26-000002
NRG,2026-05-06,bmo,0001013871-26-000010
NRG,2026-08-04,bmo,0001013871-26-000018
NTAP,2019-08-01,amc,0001564590-19-027944
NTAP,2019-08-14,amc,0001564590-19-032131
NTAP,2019-11-13,amc,0001564590-19-043224
NTAP,2020-02-12,amc,0001564590-20-004352
NTAP,2020-05-27,amc,0001564590-20-027022
NTAP,2020-08-26,amc,0001564590-20-041346
NTAP,2020-12-01,amc,0001564590-20-055739
NTAP,2021-02-24,amc,0001564590-21-008093
NTAP,2021-06-02,amc,0001564590-21-031393
NTAP,2021-08-25,amc,0001564590-21-045712
NTAP,2021-11-30,amc,0000950170-21-004947
NTAP,2022-02-23,amc,0000950170-22-001772
NTAP,2022-06-01,amc,0000950170-22-011019
NTAP,2022-08-24,amc,0000950170-22-017731
NTAP,2022-11-29,amc,0000950170-22-025793
NTAP,2023-02-22,amc,0000950170-23-003745
NTAP,2023-05-31,amc,0000950170-23-025324
NTAP,2023-08-23,amc,0000950170-23-044130
NTAP,2023-11-28,amc,0000950170-23-066400
NTAP,2024-02-29,amc,0000950170-24-023060
NTAP,2024-05-30,amc,0000950170-24-066567
NTAP,2024-08-28,amc,0000950170-24-101383
NTAP,2024-11-21,amc,0000950170-24-129714
NTAP,2025-02-27,amc,0000950170-25-029022
NTAP,2025-05-29,amc,0000950170-25-078936
NTAP,2025-08-27,amc,0000950170-25-111700
NTAP,2025-11-25,amc,0001193125-25-297164
NTAP,2026-02-26,amc,0001193125-26-076545
NTAP,2026-05-28,amc,0001193125-26-245196
NTNX,2019-08-28,amc,0001157523-19-001919
NTNX,2019-11-25,amc,0001157523-19-002304
NTNX,2020-02-26,amc,0001157523-20-000269
NTNX,2020-05-05,amc,0001157523-20-000655
NTNX,2020-05-27,amc,0001157523-20-000816
NTNX,2020-08-27,amc,0001157523-20-001213
NTNX,2020-11-23,amc,0001157523-20-001539
NTNX,2021-02-24,amc,0001157523-21-000248
NTNX,2021-05-26,amc,0001157523-21-000720
NTNX,2021-09-01,amc,0001157523-21-001110
NTNX,2021-11-23,amc,0001157523-21-001446
NTNX,2022-03-02,amc,0001157523-22-000279
NTNX,2022-05-25,amc,0001157523-22-000689
NTNX,2022-08-01,amc,0001157523-22-000974
NTNX,2022-08-31,amc,0001157523-22-001169
NTNX,2022-11-30,amc,0001157523-22-001693
NTNX,2023-03-06,amc,0001157523-23-000398
NTNX,2023-05-24,amc,0001157523-23-000905
NTNX,2023-08-31,amc,0001157523-23-001386
NTNX,2023-11-29,amc,0001157523-23-001783
NTNX,2024-02-28,amc,0000950170-24-022061
NTNX,2024-05-29,amc,0000950170-24-065921
NTNX,2024-08-28,amc,0000950170-24-101375
NTNX,2024-11-26,amc,0001171843-24-006598
NTNX,2025-02-26,amc,0001171843-25-001089
NTNX,2025-05-28,amc,0001171843-25-003493
NTNX,2025-08-27,amc,0001171843-25-005613
NTNX,2025-11-25,amc,0001171843-25-007590
NTNX,2026-02-25,amc,0001171843-26-001101
NTNX,2026-05-27,amc,0001171843-26-003724
NVST,2019-10-24,amc,0001628280-19-012511
NVST,2020-01-30,amc,0001628280-20-000763
NVST,2020-05-12,amc,0001628280-20-007558
NVST,2020-07-30,amc,0001628280-20-011008
NVST,2020-10-29,amc,0001628280-20-015095
NVST,2021-02-10,amc,0001628280-21-001799
NVST,2021-05-05,amc,0001628280-21-009091
NVST,2021-08-03,amc,0001628280-21-015332
NVST,2021-11-03,amc,0001757073-21-000142
NVST,2022-02-09,amc,0001757073-22-000005
NVST,2022-05-04,amc,0001757073-22-000060
NVST,2022-08-03,amc,0001757073-22-000086
NVST,2022-11-03,amc,0001757073-22-000090
NVST,2023-02-08,amc,0001757073-23-000007
NVST,2023-05-03,amc,0001757073-23-000040
NVST,2023-08-02,amc,0001757073-23-000059
NVST,2023-11-01,amc,0001757073-23-000070
NVST,2024-02-07,amc,0001757073-24-000011
NVST,2024-05-01,amc,0001757073-24-000038
NVST,2024-08-07,amc,0001757073-24-000065
NVST,2024-10-30,amc,0001757073-24-000077
NVST,2025-02-05,amc,0001757073-25-000005
NVST,2025-05-01,amc,0001757073-25-000026
NVST,2025-07-31,amc,0001757073-25-000042
NVST,2025-10-29,amc,0001757073-25-000055
NVST,2026-02-05,amc,0001757073-26-000005
NVST,2026-05-06,amc,0001757073-26-000040
NVST,2026-08-05,amc,0001757073-26-000063
NWL,2019-08-02,bmo,0001193125-19-211510
NWL,2019-11-01,bmo,0000814453-19-000109
NWL,2020-02-10,bmo,0000814453-20-000043
NWL,2020-02-14,bmo,0000814453-20-000047
NWL,2020-05-01,bmo,0000814453-20-000111
NWL,2020-07-31,bmo,0000814453-20-000199
NWL,2020-10-30,bmo,0000814453-20-000227
NWL,2021-02-12,bmo,0000814453-21-000018
NWL,2021-04-30,bmo,0000814453-21-000068
NWL,2021-07-30,bmo,0000814453-21-000117
NWL,2021-10-29,bmo,0000814453-21-000148
NWL,2022-02-11,bmo,0000814453-22-000008
NWL,2022-04-29,bmo,0000814453-22-000065
NWL,2022-07-29,bmo,0000814453-22-000108
NWL,2022-10-28,bmo,0000814453-22-000123
NWL,2023-02-10,bmo,0000814453-23-000016
NWL,2023-02-10,bmo,0000814453-23-000018
NWL,2023-04-28,bmo,0000814453-23-000066
NWL,2023-07-28,bmo,0000814453-23-000135
NWL,2023-10-27,bmo,0000814453-23-000143
NWL,2024-02-09,bmo,0000814453-24-000013
NWL,2024-04-26,bmo,0000814453-24-000053
NWL,2024-07-26,bmo,0000814453-24-000102
NWL,2024-10-25,bmo,0000814453-24-000111
NWL,2025-02-07,bmo,0000814453-25-000003
NWL,2025-04-30,bmo,0000814453-25-000047
NWL,2025-08-01,bmo,0000814453-25-000095
NWL,2025-10-31,bmo,0000814453-25-000104
NWL,2026-02-06,bmo,0000814453-26-000004
NWL,2026-05-01,bmo,0000814453-26-000013
NWL,2026-07-31,bmo,0000814453-26-000024
NWSA,2019-08-08,amc,0001193125-19-216953
NWSA,2019-11-07,amc,0001193125-19-287406
NWSA,2020-02-06,amc,0001193125-20-026860
NWSA,2020-05-07,amc,0001193125-20-136325
NWSA,2020-08-06,amc,0001564708-20-000019
NWSA,2020-11-05,amc,0001564708-20-000035
NWSA,2021-02-04,amc,0001564708-21-000003
NWSA,2021-05-06,amc,0001564708-21-000022
NWSA,2021-08-05,amc,0001564708-21-000026
NWSA,2021-11-04,amc,0001564708-21-000039
NWSA,2022-02-03,amc,0001564708-22-000047
NWSA,2022-05-05,amc,0001564708-22-000171
NWSA,2022-08-08,amc,0001564708-22-000251
NWSA,2022-11-08,amc,0001564708-22-000396
NWSA,2023-02-09,amc,0001564708-23-000011
NWSA,2023-05-11,amc,0001564708-23-000187
NWSA,2023-08-10,amc,0001564708-23-000351
NWSA,2023-11-09,amc,0001564708-23-000546
NWSA,2024-02-07,amc,0001564708-24-000067
NWSA,2024-05-08,amc,0001564708-24-000246
NWSA,2024-08-08,amc,0001564708-24-000390
NWSA,2024-11-07,amc,0001564708-24-000595
NWSA,2025-02-05,amc,0001564708-25-000069
NWSA,2025-02-14,amc,0001564708-25-000086
NWSA,2025-05-08,amc,0001564708-25-000251
NWSA,2025-08-05,amc,0001564708-25-000416
NWSA,2025-11-06,amc,0001564708-25-000571
NWSA,2026-02-05,amc,0001564708-26-000027
NWSA,2026-05-07,amc,0001564708-26-000101
NWSA,2026-08-05,amc,0001564708-26-000171
OI,2019-07-31,intraday,0001104659-19-042998
OI,2019-10-28,intraday,0001104659-19-056930
OI,2020-02-04,intraday,0001104659-20-010689
OI,2020-04-08,intraday,0001104659-20-044673
OI,2020-04-28,intraday,0001104659-20-052480
OI,2020-07-15,intraday,0001104659-20-083771
OI,2020-08-04,intraday,0001104659-20-090298
OI,2020-10-27,intraday,0001104659-20-118559
OI,2021-02-09,intraday,0001104659-21-016693
OI,2021-04-28,intraday,0001104659-21-056586
OI,2021-08-03,intraday,0001104659-21-099464
OI,2021-10-25,intraday,0001104659-21-129546
OI,2022-02-01,intraday,0001104659-22-010337
OI,2022-04-25,intraday,0001104659-22-049641
OI,2022-08-02,intraday,0001104659-22-085204
OI,2022-11-01,intraday,0001104659-22-113503
OI,2023-01-31,intraday,0001104659-23-008636
OI,2023-04-25,intraday,0001104659-23-049648
OI,2023-08-01,intraday,0001104659-23-086378
OI,2023-10-31,intraday,0001104659-23-112957
OI,2024-02-06,intraday,0001104659-24-011123
OI,2024-04-30,intraday,0001104659-24-054980
OI,2024-07-30,intraday,0001104659-24-083994
OI,2024-10-29,intraday,0001104659-24-112249
OI,2025-02-04,intraday,0001104659-25-009139
OI,2025-04-29,intraday,0001104659-25-041297
OI,2025-07-29,intraday,0001104659-25-071771
OI,2025-11-04,intraday,0001104659-25-106322
OI,2026-02-10,intraday,0001104659-26-012670
OI,2026-04-28,intraday,0001104659-26-050406
OI,2026-07-28,intraday,0001104659-26-087559
OKE,2019-07-30,amc,0001039684-19-000054
OKE,2019-10-30,bmo,0001039684-19-000074
OKE,2020-02-24,amc,0001039684-20-000010
OKE,2020-04-28,amc,0001039684-20-000033
OKE,2020-07-28,amc,0001039684-20-000054
OKE,2020-10-27,amc,0001039684-20-000073
OKE,2021-02-22,amc,0001039684-21-000010
OKE,2021-04-27,amc,0001039684-21-000032
OKE,2021-08-03,amc,0001039684-21-000054
OKE,2021-11-02,amc,0001039684-21-000069
OKE,2022-02-28,amc,0001039684-22-000010
OKE,2022-05-03,amc,0001039684-22-000031
OKE,2022-08-08,amc,0001039684-22-000057
OKE,2022-11-01,amc,0001039684-22-000073
OKE,2023-02-27,amc,0001039684-23-000012
OKE,2023-05-02,amc,0001039684-23-000034
OKE,2023-08-07,amc,0001039684-23-000058
OKE,2023-10-31,amc,0001039684-23-000079
OKE,2024-02-26,amc,0001039684-24-000013
OKE,2024-04-30,amc,0001039684-24-000032
OKE,2024-08-05,amc,0001039684-24-000135
OKE,2024-10-29,amc,0001039684-24-000339
OKE,2025-02-24,amc,0001039684-25-000026
OKE,2025-04-29,amc,0001039684-25-000058
OKE,2025-08-04,amc,0001039684-25-000110
OKE,2025-10-28,amc,0001039684-25-000121
OKE,2026-02-23,amc,0001039684-26-000004
OKE,2026-04-28,amc,0001039684-26-000015
OLN,2019-07-10,amc,0000074303-19-000044
OLN,2019-07-31,amc,0000074303-19-000048
OLN,2019-11-01,amc,0000074303-19-000067
OLN,2020-02-04,amc,0000074303-20-000041
OLN,2020-04-30,amc,0000074303-20-000140
OLN,2020-08-05,amc,0000074303-20-000164
OLN,2020-11-05,amc,0000074303-20-000197
OLN,2021-01-28,amc,0000074303-21-000005
OLN,2021-03-16,bmo,0000074303-21-000051
OLN,2021-04-28,amc,0000074303-21-000069
OLN,2021-07-27,amc,0000074303-21-000137
OLN,2021-10-21,amc,0000074303-21-000165
OLN,2022-01-27,amc,0000074303-22-000002
OLN,2022-04-28,amc,0000074303-22-000061
OLN,2022-07-28,amc,0000074303-22-000113
OLN,2022-09-20,bmo,0000074303-22-000131
OLN,2022-10-26,amc,0000074303-22-000143
OLN,2023-01-26,amc,0000074303-23-000018
OLN,2023-04-27,amc,0000074303-23-000090
OLN,2023-06-20,intraday,0000074303-23-000130
OLN,2023-07-27,amc,0000074303-23-000134
OLN,2023-10-26,amc,0000074303-23-000174
OLN,2024-01-25,amc,0000074303-24-000005
OLN,2024-04-25,amc,0000074303-24-000100
OLN,2024-07-25,amc,0000074303-24-000165
OLN,2024-10-24,amc,0000074303-24-000185
OLN,2024-12-12,bmo,0000074303-24-000205
OLN,2025-01-30,amc,0000074303-25-000011
OLN,2025-05-01,amc,0000074303-25-000067
OLN,2025-07-28,amc,0000074303-25-000109
OLN,2025-10-27,amc,0000074303-25-000130
OLN,2026-01-08,amc,0000074303-26-000001
OLN,2026-01-29,amc,0000074303-26-000005
OLN,2026-05-07,amc,0000074303-26-000060
OLN,2026-07-30,amc,0000074303-26-000071
ON,2019-08-05,bmo,0001193125-19-212446
ON,2019-10-28,bmo,0001193125-19-275401
ON,2020-02-03,bmo,0001193125-20-022088
ON,2020-05-11,bmo,0001193125-20-138151
ON,2020-08-10,bmo,0001193125-20-214042
ON,2020-11-02,bmo,0001193125-20-283270
ON,2021-02-01,bmo,0001193125-21-023795
ON,2021-05-03,bmo,0001193125-21-146697
ON,2021-08-02,bmo,0001193125-21-232323
ON,2021-11-01,bmo,0001193125-21-314537
ON,2022-02-07,bmo,0001193125-22-029095
ON,2022-05-02,bmo,0001193125-22-135409
ON,2022-08-01,bmo,0001193125-22-207793
ON,2022-10-31,bmo,0001193125-22-273174
ON,2023-02-06,bmo,0001193125-23-024908
ON,2023-05-01,bmo,0001193125-23-128806
ON,2023-07-31,bmo,0001193125-23-198583
ON,2023-10-30,bmo,0001193125-23-265690
ON,2024-02-05,bmo,0001193125-24-023485
ON,2024-04-29,bmo,0001193125-24-120128
ON,2024-07-29,bmo,0001193125-24-186735
ON,2024-10-28,bmo,0001193125-24-244677
ON,2025-02-10,bmo,0001193125-25-023201
ON,2025-05-05,bmo,0001140361-25-017228
ON,2025-08-04,bmo,0001140361-25-028492
ON,2025-11-03,bmo,0001140361-25-040094
ON,2026-02-09,amc,0001140361-26-004405
ON,2026-05-04,amc,0001140361-26-018868
ON,2026-08-03,amc,0001140361-26-030989
OPLN,2019-08-06,amc,0001395942-19-000095
OPLN,2019-11-05,amc,0001395942-19-000118
OPLN,2020-02-18,amc,0001395942-20-000016
OPLN,2020-05-07,bmo,0001395942-20-000070
OPLN,2020-08-04,amc,0001395942-20-000093
OPLN,2020-11-03,amc,0001395942-20-000098
OPLN,2021-02-16,amc,0001395942-21-000004
OPLN,2021-05-04,amc,0001395942-21-000047
OPLN,2021-08-03,amc,0001395942-21-000078
OPLN,2021-11-02,amc,0001395942-21-000092
OPLN,2022-02-16,amc,0001395942-22-000007
OPLN,2022-05-03,amc,0001395942-22-000030
OPLN,2022-08-02,amc,0001395942-22-000055
OPLN,2022-11-01,amc,0001395942-22-000066
OPLN,2023-02-21,amc,0001395942-23-000008
OPLN,2023-05-02,amc,0001395942-23-000043
OPLN,2023-08-02,amc,0001395942-23-000076
OPLN,2023-11-01,amc,0001395942-23-000082
OPLN,2024-02-20,amc,0001395942-24-000007
OPLN,2024-05-01,amc,0001395942-24-000024
OPLN,2024-08-07,amc,0001395942-24-000058
OPLN,2024-11-06,amc,0001395942-24-000072
OPLN,2025-02-19,amc,0001395942-25-000006
OPLN,2025-05-07,amc,0001395942-25-000026
OPLN,2025-08-06,bmo,0001395942-25-000050
OPLN,2025-11-05,bmo,0001395942-25-000067
OPLN,2026-02-18,bmo,0001395942-26-000005
OPLN,2026-05-05,bmo,0001395942-26-000018
OPLN,2026-08-04,bmo,0001395942-26-000030
OPTU,2019-08-01,amc,0001628280-19-009505
OPTU,2019-11-05,amc,0001628280-19-013361
OPTU,2020-02-13,amc,0001628280-20-001455
OPTU,2020-04-30,amc,0001628280-20-005985
OPTU,2020-07-31,bmo,0001628280-20-011074
OPTU,2020-10-29,amc,0001628280-20-015097
OPTU,2021-02-10,amc,0001628280-21-001795
OPTU,2021-04-28,amc,0001628280-21-007926
OPTU,2021-07-28,amc,0001628280-21-014705
OPTU,2021-11-04,amc,0001628280-21-021767
OPTU,2022-02-16,amc,0001628280-22-002846
OPTU,2022-04-28,amc,0001628280-22-011123
OPTU,2022-08-03,amc,0001628280-22-020611
OPTU,2022-11-02,amc,0001628280-22-027839
OPTU,2023-02-22,amc,0001628280-23-004565
OPTU,2023-05-03,amc,0001628280-23-015221
OPTU,2023-08-02,amc,0001628280-23-026763
OPTU,2023-11-01,amc,0001628280-23-035984
OPTU,2024-02-14,amc,0001628280-24-004788
OPTU,2024-05-02,bmo,0001628280-24-019804
OPTU,2024-08-01,bmo,0001628280-24-033892
OPTU,2024-11-04,amc,0001628280-24-044982
OPTU,2025-02-13,bmo,0001628280-25-005305
OPTU,2025-05-08,bmo,0001628280-25-023461
OPTU,2025-08-07,bmo,0001628280-25-038595
OPTU,2025-11-06,bmo,0001702780-25-000004
OPTU,2026-02-12,bmo,0001702780-26-000007
OPTU,2026-05-07,bmo,0001702780-26-000029
OPTU,2026-08-06,bmo,0001702780-26-000042
ORCL,2019-06-19,amc,0001564590-19-022864
ORCL,2019-09-11,amc,0001564590-19-034522
ORCL,2019-12-12,amc,0001564590-19-045836
ORCL,2020-03-12,amc,0001564590-20-010464
ORCL,2020-06-16,amc,0001564590-20-029533
ORCL,2020-09-10,amc,0001564590-20-043143
ORCL,2020-12-10,amc,0001564590-20-056722
ORCL,2021-03-10,amc,0001564590-21-012058
ORCL,2021-06-15,amc,0001564590-21-032994
ORCL,2021-09-13,amc,0001564590-21-047736
ORCL,2021-12-09,amc,0001564590-21-059893
ORCL,2022-03-10,amc,0001564590-22-009640
ORCL,2022-06-13,amc,0001564590-22-023099
ORCL,2022-07-11,amc,0001193125-22-191296
ORCL,2022-09-12,amc,0001564590-22-031466
ORCL,2022-12-12,amc,0001564590-22-039236
ORCL,2023-03-09,amc,0001564590-23-003362
ORCL,2023-06-12,amc,0000950170-23-027490
ORCL,2023-09-11,amc,0000950170-23-047471
ORCL,2023-12-11,amc,0000950170-23-069410
ORCL,2024-03-11,amc,0000950170-24-029250
ORCL,2024-06-11,amc,0000950170-24-071916
ORCL,2024-09-09,amc,0000950170-24-104753
ORCL,2024-12-09,amc,0000950170-24-134537
ORCL,2025-03-10,amc,0000950170-25-036295
ORCL,2025-06-11,amc,0000950170-25-084831
ORCL,2025-09-09,amc,0001193125-25-199175
ORCL,2025-12-10,amc,0001193125-25-314207
ORCL,2026-03-10,amc,0001193125-26-100148
ORCL,2026-06-10,amc,0001193125-26-265848
ORLY,2019-07-24,amc,0000898173-19-000118
ORLY,2020-02-05,amc,0000898173-20-000004
ORLY,2020-04-22,amc,0000898173-20-000024
ORLY,2020-07-29,amc,0000898173-20-000045
ORLY,2020-10-28,amc,0000898173-20-000056
ORLY,2021-02-10,amc,0000898173-21-000007
ORLY,2021-04-28,amc,0000898173-21-000021
ORLY,2021-07-28,amc,0000898173-21-000042
ORLY,2021-10-27,amc,0000898173-21-000052
ORLY,2022-02-09,amc,0000898173-22-000008
ORLY,2022-04-27,amc,0000898173-22-000020
ORLY,2022-07-27,amc,0000898173-22-000034
ORLY,2022-10-26,amc,0000898173-22-000046
ORLY,2023-02-08,amc,0000898173-23-000008
ORLY,2023-04-26,amc,0000898173-23-000025
ORLY,2023-07-26,amc,0000898173-23-000041
ORLY,2023-10-25,amc,0000898173-23-000055
ORLY,2024-02-07,amc,0000898173-24-000006
ORLY,2024-04-24,amc,0000898173-24-000019
ORLY,2024-07-24,amc,0000898173-24-000032
ORLY,2024-10-23,amc,0000898173-24-000040
ORLY,2025-02-05,amc,0000898173-25-000005
ORLY,2025-04-23,amc,0000898173-25-000026
ORLY,2025-07-23,amc,0000898173-25-000046
ORLY,2025-10-22,amc,0000898173-25-000055
ORLY,2026-02-04,amc,0000898173-26-000006
ORLY,2026-04-29,amc,0000898173-26-000024
ORLY,2026-07-29,amc,0000898173-26-000042
OVV,2020-01-29,amc,0001193125-20-018410
OVV,2020-02-20,bmo,0001193125-20-042687
OVV,2020-05-08,bmo,0001193125-20-137071
OVV,2020-07-29,bmo,0001193125-20-201843
OVV,2020-10-29,bmo,0001564590-20-048534
OVV,2021-01-05,intraday,0001564590-21-000245
OVV,2021-02-18,bmo,0001193125-21-047183
OVV,2021-04-28,amc,0001193125-21-137143
OVV,2021-07-28,amc,0001193125-21-226086
OVV,2021-11-02,amc,0001564590-21-053627
OVV,2022-02-25,amc,0000950142-22-000814
OVV,2022-05-10,amc,0001564590-22-019043
OVV,2022-08-04,amc,0001564590-22-027871
OVV,2022-11-09,amc,0001564590-22-037074
OVV,2023-02-27,amc,0001193125-23-050970
OVV,2023-04-03,bmo,0001193125-23-088906
OVV,2023-05-09,amc,0000950170-23-019849
OVV,2023-07-27,amc,0001193125-23-196183
OVV,2023-11-07,amc,0000950170-23-060392
OVV,2024-02-27,amc,0000950170-24-021349
OVV,2024-05-07,amc,0000950170-24-054723
OVV,2024-07-30,amc,0000950170-24-087980
OVV,2024-11-07,amc,0000950170-24-123500
OVV,2025-02-26,amc,0000950170-25-027904
OVV,2025-05-06,amc,0000950170-25-064599
OVV,2025-07-24,amc,0000950170-25-098398
OVV,2025-11-04,amc,0001193125-25-264965
OVV,2026-02-23,amc,0001193125-26-064299
OVV,2026-05-11,amc,0001193125-26-217081
OVV,2026-07-23,amc,0001193125-26-314272
OXY,2019-07-31,amc,0001104659-19-043003
OXY,2019-10-15,bmo,0001140361-19-018395
OXY,2019-11-04,amc,0001104659-19-059568
OXY,2020-02-11,bmo,0001140361-20-002770
OXY,2020-02-27,amc,0001104659-20-026174
OXY,2020-05-05,amc,0000797468-20-000008
OXY,2020-08-10,amc,0000797468-20-000026
OXY,2020-11-09,amc,0000797468-20-000032
OXY,2021-02-22,amc,0000797468-21-000005
OXY,2021-05-10,amc,0000797468-21-000016
OXY,2021-08-03,amc,0000797468-21-000027
OXY,2021-11-04,amc,0000797468-21-000035
OXY,2022-02-24,amc,0000797468-22-000007
OXY,2022-05-10,amc,0000797468-22-000017
OXY,2022-08-02,amc,0000797468-22-000029
OXY,2022-11-08,amc,0000797468-22-000035
OXY,2023-01-04,amc,0001140361-23-000463
OXY,2023-05-09,amc,0000797468-23-000030
OXY,2023-08-02,amc,0000797468-23-000074
OXY,2023-10-10,bmo,0000797468-23-000086
OXY,2023-11-07,amc,0000797468-23-000091
OXY,2024-01-10,amc,0000797468-24-000003
OXY,2024-02-14,amc,0000797468-24-000033
OXY,2024-04-10,bmo,0000797468-24-000083
OXY,2024-05-07,amc,0000797468-24-000093
OXY,2024-07-10,amc,0000797468-24-000121
OXY,2024-08-07,amc,0000797468-24-000134
OXY,2024-10-09,amc,0000797468-24-000158
OXY,2024-11-12,amc,0000797468-24-000163
OXY,2025-01-10,amc,0000797468-25-000003
OXY,2025-02-18,amc,0000797468-25-000028
OXY,2025-04-09,amc,0000797468-25-000067
OXY,2025-05-07,amc,0000797468-25-000075
OXY,2025-07-14,bmo,0000797468-25-000101
OXY,2025-08-06,amc,0000797468-25-000109
OXY,2025-10-10,bmo,0001628280-25-044718
OXY,2025-11-10,amc,0001628280-25-051056
OXY,2026-01-20,bmo,0001628280-26-002483
OXY,2026-02-18,amc,0001628280-26-009054
OXY,2026-04-10,bmo,0001628280-26-024581
OXY,2026-05-05,amc,0001628280-26-030567
OXY,2026-07-10,amc,0001628280-26-047886
OXY,2026-08-05,amc,0001628280-26-053377
P,2019-08-21,amc,0001628280-19-011054
P,2019-11-21,amc,0001628280-19-014395
P,2020-02-27,amc,0001628280-20-002445
P,2020-05-28,amc,0001628280-20-008531
P,2020-08-25,amc,0001628280-20-013046
P,2020-11-05,amc,0001628280-20-015554
P,2020-11-24,amc,0001628280-20-016786
P,2021-02-24,amc,0001628280-21-003059
P,2021-05-26,amc,0001628280-21-011112
P,2021-08-25,amc,0001628280-21-017605
P,2021-11-03,bmo,0001628280-21-021321
P,2021-11-23,amc,0001628280-21-024051
P,2022-03-02,amc,0001628280-22-004674
P,2022-06-01,amc,0001628280-22-015879
P,2022-08-31,amc,0001628280-22-024044
P,2022-11-30,amc,0001628280-22-031063
P,2023-03-01,amc,0001628280-23-005828
P,2023-05-31,amc,0001628280-23-020310
P,2023-08-30,amc,0001628280-23-030972
P,2023-11-29,amc,0001628280-23-040217
P,2024-02-28,amc,0001628280-24-007577
P,2024-05-29,amc,0001628280-24-025604
P,2024-08-28,amc,0001628280-24-038657
P,2024-12-03,amc,0001628280-24-049744
P,2025-02-26,amc,0001628280-25-008136
P,2025-05-28,amc,0001628280-25-028151
P,2025-08-27,amc,0001474432-25-000038
P,2025-11-05,amc,0001628280-25-049165
P,2025-12-02,amc,0001474432-25-000062
P,2026-02-25,amc,0001474432-26-000015
P,2026-05-27,amc,0001474432-26-000046
PAA,2019-08-06,amc,0001104659-19-044311
PAA,2019-11-05,amc,0001104659-19-060079
PAA,2020-02-04,amc,0001104659-20-010656
PAA,2020-05-05,amc,0001070423-20-000012
PAA,2020-08-04,amc,0001070423-20-000018
PAA,2020-11-02,amc,0001070423-20-000028
PAA,2021-02-09,amc,0001070423-21-000005
PAA,2021-05-04,amc,0001070423-21-000011
PAA,2021-08-03,amc,0001070423-21-000020
PAA,2021-11-02,amc,0001070423-21-000025
PAA,2022-02-09,amc,0001070423-22-000003
PAA,2022-05-04,amc,0001070423-22-000009
PAA,2022-08-03,amc,0001070423-22-000016
PAA,2022-11-02,amc,0001070423-22-000022
PAA,2023-02-08,amc,0001070423-23-000003
PAA,2023-05-05,bmo,0001070423-23-000009
PAA,2023-08-04,bmo,0001070423-23-000015
PAA,2023-11-03,bmo,0001070423-23-000021
PAA,2024-02-09,bmo,0001070423-24-000004
PAA,2024-05-03,bmo,0001070423-24-000011
PAA,2024-08-02,bmo,0001070423-24-000017
PAA,2024-11-08,bmo,0001070423-24-000024
PAA,2025-02-07,bmo,0001070423-25-000003
PAA,2025-05-09,bmo,0001070423-25-000010
PAA,2025-08-08,bmo,0001070423-25-000018
PAA,2025-11-05,bmo,0001070423-25-000023
PAA,2026-02-06,bmo,0001070423-26-000011
PAA,2026-05-08,bmo,0001070423-26-000017
PAGP,2019-08-06,amc,0001104659-19-044312
PAGP,2019-11-05,amc,0001104659-19-060082
PAGP,2020-02-04,amc,0001104659-20-010659
PAGP,2020-05-05,amc,0001581990-20-000016
PAGP,2020-08-04,amc,0001581990-20-000021
PAGP,2020-11-02,amc,0001581990-20-000031
PAGP,2021-02-09,amc,0001581990-21-000004
PAGP,2021-05-04,amc,0001581990-21-000010
PAGP,2021-08-03,amc,0001581990-21-000019
PAGP,2021-11-02,amc,0001581990-21-000024
PAGP,2022-02-09,amc,0001581990-22-000003
PAGP,2022-05-04,amc,0001581990-22-000008
PAGP,2022-08-03,amc,0001581990-22-000015
PAGP,2022-11-02,amc,0001581990-22-000020
PAGP,2023-02-08,amc,0001581990-23-000002
PAGP,2023-05-05,bmo,0001581990-23-000008
PAGP,2023-08-04,bmo,0001581990-23-000014
PAGP,2023-11-03,bmo,0001581990-23-000019
PAGP,2024-02-09,bmo,0001581990-24-000003
PAGP,2024-05-03,bmo,0001581990-24-000011
PAGP,2024-08-02,bmo,0001581990-24-000017
PAGP,2024-11-08,bmo,0001581990-24-000024
PAGP,2025-02-07,bmo,0001581990-25-000003
PAGP,2025-05-09,bmo,0001581990-25-000010
PAGP,2025-08-08,bmo,0001581990-25-000019
PAGP,2025-11-05,bmo,0001581990-25-000025
PAGP,2026-02-06,bmo,0001581990-26-000009
PAGP,2026-05-08,bmo,0001581990-26-000015
PANW,2019-09-04,amc,0001327567-19-000023
PANW,2019-11-25,amc,0001327567-19-000036
PANW,2020-02-24,amc,0001327567-20-000002
PANW,2020-05-21,amc,0001327567-20-000015
PANW,2020-08-24,amc,0001327567-20-000025
PANW,2020-11-16,bmo,0001327567-20-000037
PANW,2021-02-22,amc,0001628280-21-002659
PANW,2021-05-20,amc,0001327567-21-000012
PANW,2021-08-23,amc,0001327567-21-000020
PANW,2021-11-18,amc,0001327567-21-000037
PANW,2022-02-22,amc,0001327567-22-000006
PANW,2022-05-19,amc,0001327567-22-000014
PANW,2022-08-22,amc,0001327567-22-000020
PANW,2022-11-17,amc,0001327567-22-000035
PANW,2023-02-21,amc,0001327567-23-000005
PANW,2023-05-23,amc,0001327567-23-000012
PANW,2023-08-18,amc,0001327567-23-000020
PANW,2023-11-15,amc,0001327567-23-000030
PANW,2024-02-20,amc,0001327567-24-000003
PANW,2024-05-20,amc,0001327567-24-000015
PANW,2024-08-19,amc,0001327567-24-000023
PANW,2024-11-20,amc,0001327567-24-000036
PANW,2025-02-13,amc,0001327567-25-000006
PANW,2025-05-20,amc,0001327567-25-000015
PANW,2025-08-18,amc,0001327567-25-000024
PANW,2025-11-19,amc,0001327567-25-000032
PANW,2026-02-17,amc,0001327567-26-000003
PANW,2026-06-02,amc,0001327567-26-000012
PCAR,2019-07-23,bmo,0001564590-19-025506
PCAR,2019-10-22,bmo,0001564590-19-037282
PCAR,2020-01-28,bmo,0001564590-20-002155
PCAR,2020-04-21,bmo,0001564590-20-017578
PCAR,2020-07-21,bmo,0001564590-20-032841
PCAR,2020-10-20,bmo,0001564590-20-046843
PCAR,2021-01-26,bmo,0001564590-21-002162
PCAR,2021-04-27,bmo,0001564590-21-020682
PCAR,2021-07-27,bmo,0001564590-21-038068
PCAR,2021-10-26,bmo,0001564590-21-051843
PCAR,2022-01-25,bmo,0001564590-22-002173
PCAR,2022-04-26,bmo,0001564590-22-015518
PCAR,2022-07-26,bmo,0001564590-22-026375
PCAR,2022-10-25,bmo,0001564590-22-034995
PCAR,2023-01-24,bmo,0001564590-23-000670
PCAR,2023-04-25,bmo,0001564590-23-006137
PCAR,2023-07-25,bmo,0000950170-23-034227
PCAR,2023-10-24,bmo,0000950170-23-054708
PCAR,2024-01-23,bmo,0000950170-24-006258
PCAR,2024-04-30,bmo,0000950170-24-050204
PCAR,2024-07-23,bmo,0000950170-24-085443
PCAR,2024-10-22,bmo,0000950170-24-116102
PCAR,2025-01-28,bmo,0000950170-25-009483
PCAR,2025-04-29,bmo,0000950170-25-059577
PCAR,2025-07-22,bmo,0000950170-25-097414
PCAR,2025-10-21,bmo,0001193125-25-244291
PCAR,2026-01-27,bmo,0001193125-26-023374
PCAR,2026-04-28,bmo,0001193125-26-183626
PCAR,2026-07-28,bmo,0001193125-26-318918
PEG,2019-07-30,bmo,0001193125-19-206292
PEG,2019-10-31,bmo,0001193125-19-279757
PEG,2020-02-26,bmo,0001193125-20-049323
PEG,2020-05-04,bmo,0001193125-20-131833
PEG,2020-07-31,bmo,0001193125-20-205292
PEG,2020-10-30,bmo,0001193125-20-281836
PEG,2021-02-26,bmo,0001193125-21-058671
PEG,2021-05-05,bmo,0001193125-21-150971
PEG,2021-08-03,bmo,0001193125-21-234118
PEG,2021-11-02,intraday,0001193125-21-316411
PEG,2022-02-24,bmo,0001193125-22-051232
PEG,2022-05-03,bmo,0001193125-22-137829
PEG,2022-08-02,bmo,0001193125-22-209564
PEG,2022-10-31,bmo,0001193125-22-273334
PEG,2023-02-21,bmo,0001193125-23-043043
PEG,2023-05-02,bmo,0001193125-23-131492
PEG,2023-08-01,bmo,0001193125-23-200002
PEG,2023-10-31,bmo,0001193125-23-266794
PEG,2024-02-26,bmo,0001193125-24-045482
PEG,2024-04-30,bmo,0001193125-24-123861
PEG,2024-07-30,bmo,0001193125-24-188316
PEG,2024-11-04,bmo,0001193125-24-250287
PEG,2025-02-25,bmo,0001193125-25-034436
PEG,2025-04-30,bmo,0001193125-25-105862
PEG,2025-08-05,bmo,0001193125-25-173127
PEG,2025-11-03,bmo,0001193125-25-261789
PEG,2026-02-26,bmo,0001193125-26-073678
PEG,2026-05-05,bmo,0001193125-26-205254
PEG,2026-08-04,bmo,0001193125-26-331660
PFE,2019-07-29,bmo,0000078003-19-000053
PFE,2019-10-29,bmo,0000078003-19-000079
PFE,2020-01-28,bmo,0000078003-20-000003
PFE,2020-04-28,bmo,0000078003-20-000034
PFE,2020-07-28,bmo,0000078003-20-000056
PFE,2020-10-27,bmo,0000078003-20-000065
PFE,2021-02-02,bmo,0000078003-21-000003
PFE,2021-05-04,bmo,0000078003-21-000062
PFE,2021-07-28,bmo,0000078003-21-000090
PFE,2021-11-02,bmo,0000078003-21-000104
PFE,2022-02-08,bmo,0000078003-22-000003
PFE,2022-04-20,amc,0000078003-22-000062
PFE,2022-05-03,bmo,0000078003-22-000068
PFE,2022-07-28,bmo,0000078003-22-000091
PFE,2022-11-01,bmo,0000078003-22-000098
PFE,2023-01-31,bmo,0000078003-23-000004
PFE,2023-05-02,bmo,0001628280-23-014759
PFE,2023-08-01,bmo,0000078003-23-000085
PFE,2023-10-13,amc,0000078003-23-000099
PFE,2023-10-31,bmo,0000078003-23-000111
PFE,2023-12-14,bmo,0001193125-23-294930
PFE,2024-01-30,bmo,0000078003-24-000017
PFE,2024-05-01,bmo,0000078003-24-000103
PFE,2024-07-30,bmo,0000078003-24-000155
PFE,2024-10-29,bmo,0000078003-24-000188
PFE,2025-02-04,bmo,0000078003-25-000017
PFE,2025-04-29,bmo,0000078003-25-000111
PFE,2025-08-05,bmo,0000078003-25-000136
PFE,2025-11-04,bmo,0000078003-25-000149
PFE,2026-02-03,bmo,0000078003-26-000005
PFE,2026-05-05,bmo,0000078003-26-000053
PFE,2026-08-04,bmo,0000078003-26-000094
PGR,2019-07-17,bmo,0000080661-19-000032
PGR,2019-10-16,bmo,0000080661-19-000041
PGR,2020-01-29,intraday,0000080661-20-000002
PGR,2020-04-15,intraday,0000080661-20-000018
PGR,2020-07-15,intraday,0000080661-20-000030
PGR,2020-10-14,bmo,0000080661-20-000038
PGR,2021-01-27,intraday,0000080661-21-000006
PGR,2021-04-15,intraday,0000080661-21-000028
PGR,2021-07-15,bmo,0000080661-21-000042
PGR,2021-10-14,intraday,0000080661-21-000051
PGR,2022-01-26,bmo,0000080661-22-000042
PGR,2022-04-14,intraday,0000080661-22-000056
PGR,2022-07-15,bmo,0000080661-22-000069
PGR,2022-10-13,bmo,0000080661-22-000077
PGR,2023-01-25,bmo,0000080661-23-000002
PGR,2023-04-13,bmo,0000080661-23-000019
PGR,2023-07-13,intraday,0000080661-23-000034
PGR,2023-10-13,intraday,0000080661-23-000047
PGR,2024-01-24,bmo,0000080661-24-000002
PGR,2024-04-12,bmo,0000080661-24-000016
PGR,2024-07-16,bmo,0000080661-24-000028
PGR,2024-10-15,bmo,0000080661-24-000042
PGR,2025-01-29,intraday,0000080661-25-000002
PGR,2025-04-16,bmo,0000080661-25-000020
PGR,2025-07-16,bmo,0000080661-25-000038
PGR,2025-10-15,bmo,0000080661-25-000126
PGR,2026-01-28,intraday,0000080661-26-000071
PGR,2026-04-15,bmo,0000080661-26-000173
PGR,2026-07-15,intraday,0000080661-26-000262
PHM,2019-07-23,bmo,0000822416-19-000033
PHM,2019-10-22,bmo,0000822416-19-000044
PHM,2020-01-28,bmo,0000822416-20-000003
PHM,2020-04-23,bmo,0000822416-20-000012
PHM,2020-07-23,bmo,0000822416-20-000030
PHM,2020-10-22,bmo,0000822416-20-000038
PHM,2021-01-28,bmo,0000822416-21-000003
PHM,2021-04-27,bmo,0000822416-21-000013
PHM,2021-07-27,bmo,0000822416-21-000026
PHM,2021-10-26,bmo,0000822416-21-000038
PHM,2022-02-01,bmo,0000822416-22-000003
PHM,2022-04-28,bmo,0000822416-22-000016
PHM,2022-07-26,bmo,0000822416-22-000036
PHM,2022-10-25,bmo,0000822416-22-000048
PHM,2023-01-31,bmo,0000822416-23-000003
PHM,2023-04-25,bmo,0000822416-23-000014
PHM,2023-07-25,bmo,0000822416-23-000032
PHM,2023-10-24,bmo,0000822416-23-000040
PHM,2024-01-30,bmo,0000822416-24-000003
PHM,2024-04-23,bmo,0000822416-24-000014
PHM,2024-07-23,bmo,0000822416-24-000026
PHM,2024-10-22,bmo,0000822416-24-000035
PHM,2025-01-30,bmo,0000822416-25-000003
PHM,2025-04-22,bmo,0000822416-25-000030
PHM,2025-07-22,bmo,0000822416-25-000049
PHM,2025-10-21,bmo,0000822416-25-000059
PHM,2026-01-29,bmo,0000822416-26-000003
PHM,2026-04-23,bmo,0000822416-26-000021
PHM,2026-07-22,bmo,0000822416-26-000034
PINS,2019-08-01,amc,0001628280-19-009774
PINS,2019-10-31,amc,0001506293-19-000018
PINS,2020-02-06,amc,0001506293-20-000011
PINS,2020-04-07,amc,0001506293-20-000060
PINS,2020-05-05,amc,0001506293-20-000072
PINS,2020-07-31,bmo,0001506293-20-000150
PINS,2020-10-28,amc,0001506293-20-000244
PINS,2021-02-04,amc,0001506293-21-000023
PINS,2021-04-27,amc,0001506293-21-000091
PINS,2021-07-29,amc,0001506293-21-000183
PINS,2021-11-04,amc,0001506293-21-000231
PINS,2022-02-03,amc,0001506293-22-000013
PINS,2022-04-27,amc,0001506293-22-000039
PINS,2022-08-01,amc,0001506293-22-000097
PINS,2022-10-27,amc,0001506293-22-000125
PINS,2023-02-06,amc,0001506293-23-000021
PINS,2023-04-27,amc,0001506293-23-000074
PINS,2023-08-01,amc,0001506293-23-000161
PINS,2023-10-30,amc,0001506293-23-000219
PINS,2024-02-08,amc,0001506293-24-000017
PINS,2024-04-30,amc,0001506293-24-000077
PINS,2024-07-30,amc,0001506293-24-000141
PINS,2024-11-07,amc,0001506293-24-000180
PINS,2025-02-06,amc,0001506293-25-000020
PINS,2025-05-08,amc,0001506293-25-000106
PINS,2025-08-07,amc,0001506293-25-000195
PINS,2025-11-04,amc,0001506293-25-000228
PINS,2026-02-12,amc,0001506293-26-000019
PINS,2026-05-04,amc,0001506293-26-000066
PINS,2026-08-04,amc,0001506293-26-000102
PK,2019-07-31,amc,0001564590-19-027506
PK,2019-11-06,amc,0001564590-19-041137
PK,2020-02-26,amc,0001564590-20-006800
PK,2020-05-11,bmo,0001564590-20-023795
PK,2020-08-05,amc,0001564590-20-036842
PK,2020-11-05,amc,0001564590-20-051354
PK,2021-02-25,amc,0001564590-21-008866
PK,2021-05-06,amc,0001564590-21-025015
PK,2021-08-05,amc,0000950170-21-000944
PK,2021-11-03,amc,0000950170-21-002831
PK,2022-02-17,amc,0000950170-22-001426
PK,2022-05-02,bmo,0000950170-22-006759
PK,2022-08-03,amc,0000950170-22-014275
PK,2022-11-02,amc,0000950170-22-021268
PK,2023-02-22,amc,0000950170-23-003765
PK,2023-05-01,bmo,0000950170-23-016008
PK,2023-08-02,amc,0000950170-23-037215
PK,2023-11-01,amc,0001617406-23-000012
PK,2024-01-22,bmo,0001617406-24-000004
PK,2024-02-27,amc,0001617406-24-000011
PK,2024-04-30,amc,0001617406-24-000037
PK,2024-07-31,amc,0001617406-24-000060
PK,2024-10-29,amc,0001617406-24-000068
PK,2024-11-12,bmo,0001617406-24-000072
PK,2025-02-19,amc,0001617406-25-000003
PK,2025-05-05,bmo,0001617406-25-000034
PK,2025-07-31,amc,0001617406-25-000043
PK,2025-10-30,amc,0001617406-25-000051
PK,2026-02-19,amc,0001617406-26-000003
PK,2026-04-30,amc,0001617406-26-000030
PK,2026-08-06,amc,0001617406-26-000038
PLD,2019-07-16,amc,0001564590-19-024994
PLD,2019-10-15,bmo,0001564590-19-036903
PLD,2020-01-22,bmo,0001564590-20-001560
PLD,2020-04-21,bmo,0001564590-20-017571
PLD,2020-07-21,bmo,0001564590-20-032839
PLD,2020-10-20,bmo,0001564590-20-046844
PLD,2021-01-26,intraday,0001564590-21-002199
PLD,2021-04-19,bmo,0001564590-21-019253
PLD,2021-07-19,bmo,0001564590-21-036956
PLD,2021-10-15,bmo,0001564590-21-050894
PLD,2022-01-19,bmo,0001564590-22-001502
PLD,2022-04-19,bmo,0001564590-22-014685
PLD,2022-07-18,bmo,0001564590-22-025889
PLD,2022-10-19,bmo,0001564590-22-034581
PLD,2023-01-18,bmo,0001564590-23-000494
PLD,2023-04-18,bmo,0000950170-23-013170
PLD,2023-07-18,bmo,0000950170-23-033263
PLD,2023-10-17,bmo,0000950170-23-053655
PLD,2024-01-17,bmo,0000950170-24-004825
PLD,2024-04-17,bmo,0000950170-24-044928
PLD,2024-07-17,bmo,0000950170-24-084067
PLD,2024-10-16,bmo,0000950170-24-114848
PLD,2025-01-21,bmo,0000950170-25-006999
PLD,2025-04-16,bmo,0000950170-25-054485
PLD,2025-07-16,bmo,0000950170-25-096077
PLD,2025-10-15,bmo,0001193125-25-239551
PLD,2026-01-21,bmo,0001193125-26-017256
PLD,2026-04-16,bmo,0001193125-26-157977
PLD,2026-07-16,bmo,0001193125-26-305416
PM,2019-07-18,bmo,0001413329-19-000051
PM,2019-10-17,bmo,0001413329-19-000066
PM,2020-02-06,bmo,0001413329-20-000004
PM,2020-04-21,bmo,0001413329-20-000029
PM,2020-07-21,bmo,0001413329-20-000049
PM,2020-10-20,bmo,0001413329-20-000059
PM,2021-02-04,intraday,0001413329-21-000003
PM,2021-04-20,bmo,0001413329-21-000020
PM,2021-07-20,bmo,0001413329-21-000055
PM,2021-10-19,bmo,0001413329-21-000086
PM,2022-02-10,bmo,0001413329-22-000007
PM,2022-04-21,bmo,0001413329-22-000031
PM,2022-07-21,bmo,0001413329-22-000070
PM,2022-10-20,bmo,0001413329-22-000109
PM,2023-02-09,bmo,0001413329-23-000020
PM,2023-04-20,bmo,0001413329-23-000114
PM,2023-07-20,bmo,0001413329-23-000173
PM,2023-10-19,bmo,0001413329-23-000196
PM,2024-02-08,bmo,0001413329-24-000012
PM,2024-04-23,bmo,0001413329-24-000083
PM,2024-07-23,bmo,0001413329-24-000140
PM,2024-10-22,bmo,0001413329-24-000167
PM,2025-02-06,bmo,0001413329-25-000011
PM,2025-04-23,bmo,0001413329-25-000091
PM,2025-07-22,bmo,0001413329-25-000145
PM,2025-10-21,bmo,0001628280-25-045579
PM,2026-02-06,bmo,0001628280-26-005932
PM,2026-04-22,bmo,0001628280-26-026385
PM,2026-07-22,bmo,0001628280-26-049107
PPL,2019-08-06,bmo,0000922224-19-000048
PPL,2019-11-05,bmo,0000922224-19-000056
PPL,2020-02-14,amc,0000922224-20-000007
PPL,2020-02-14,bmo,0000922224-20-000002
PPL,2020-05-08,intraday,0000922224-20-000022
PPL,2020-08-10,bmo,0000922224-20-000042
PPL,2020-11-05,bmo,0000922224-20-000057
PPL,2021-02-18,bmo,0000922224-21-000004
PPL,2021-02-18,intraday,0000922224-21-000008
PPL,2021-05-06,bmo,0000922224-21-000017
PPL,2021-08-05,bmo,0000922224-21-000037
PPL,2021-11-04,bmo,0000922224-21-000050
PPL,2022-05-05,bmo,0000922224-22-000020
PPL,2022-08-03,bmo,0000922224-22-000040
PPL,2022-11-04,bmo,0000922224-22-000046
PPL,2023-02-17,bmo,0000922224-23-000008
PPL,2023-05-04,bmo,0000922224-23-000029
PPL,2023-08-04,bmo,0000922224-23-000043
PPL,2023-11-02,bmo,0000922224-23-000047
PPL,2024-02-16,bmo,0000922224-24-000006
PPL,2024-05-01,bmo,0000922224-24-000012
PPL,2024-08-02,bmo,0000922224-24-000022
PPL,2024-11-01,bmo,0000922224-24-000028
PPL,2025-02-13,bmo,0000922224-25-000006
PPL,2025-04-30,bmo,0000922224-25-000014
PPL,2025-07-31,bmo,0000922224-25-000032
PPL,2025-11-05,bmo,0000922224-25-000049
PPL,2026-02-20,bmo,0000922224-26-000006
PPL,2026-05-08,bmo,0000922224-26-000024
PPL,2026-08-07,bmo,0000922224-26-000042
PTON,2019-11-05,bmo,0001639825-19-000007
PTON,2020-02-05,amc,0001639825-20-000008
PTON,2020-05-06,amc,0001639825-20-000066
PTON,2020-09-10,amc,0001639825-20-000119
PTON,2020-11-05,amc,0001639825-20-000174
PTON,2021-02-04,amc,0001639825-21-000021
PTON,2021-05-06,amc,0001639825-21-000153
PTON,2021-08-26,amc,0001639825-21-000254
PTON,2021-11-04,amc,0001639825-21-000320
PTON,2022-01-21,amc,0001639825-22-000005
PTON,2022-02-08,bmo,0001639825-22-000007
PTON,2022-05-10,bmo,0001639825-22-000067
PTON,2022-08-25,bmo,0001639825-22-000100
PTON,2022-11-03,bmo,0001639825-22-000132
PTON,2023-02-01,bmo,0001639825-23-000010
PTON,2023-05-04,bmo,0001639825-23-000061
PTON,2023-08-23,bmo,0001639825-23-000128
PTON,2023-11-02,bmo,0001639825-23-000158
PTON,2024-02-01,bmo,0001639825-24-000004
PTON,2024-05-02,bmo,0001639825-24-000049
PTON,2024-08-22,bmo,0001639825-24-000120
PTON,2024-10-31,bmo,0001639825-24-000155
PTON,2025-02-06,bmo,0001639825-25-000023
PTON,2025-05-08,bmo,0001639825-25-000077
PTON,2025-08-07,bmo,0001639825-25-000132
PTON,2025-11-06,amc,0001639825-25-000183
PTON,2026-02-05,bmo,0001639825-26-000005
PTON,2026-05-07,bmo,0001639825-26-000018
PTON,2026-08-06,bmo,0001639825-26-000032
QCOM,2019-07-31,amc,0001728949-19-000053
QCOM,2019-11-06,amc,0001728949-19-000071
QCOM,2020-02-05,amc,0001728949-20-000010
QCOM,2020-04-29,amc,0001728949-20-000030
QCOM,2020-07-29,amc,0001728949-20-000056
QCOM,2020-11-04,amc,0001728949-20-000066
QCOM,2021-02-03,amc,0001728949-21-000021
QCOM,2021-04-28,amc,0001728949-21-000042
QCOM,2021-07-28,amc,0001728949-21-000065
QCOM,2021-11-03,amc,0001728949-21-000075
QCOM,2022-02-02,amc,0001728949-22-000011
QCOM,2022-04-27,amc,0001728949-22-000025
QCOM,2022-07-27,amc,0001728949-22-000039
QCOM,2022-11-02,amc,0000804328-22-000020
QCOM,2023-02-02,amc,0000804328-23-000005
QCOM,2023-05-03,amc,0000804328-23-000022
QCOM,2023-08-02,amc,0000804328-23-000042
QCOM,2023-11-01,amc,0000804328-23-000054
QCOM,2024-01-31,amc,0000804328-24-000015
QCOM,2024-05-01,amc,0000804328-24-000038
QCOM,2024-07-31,amc,0000804328-24-000055
QCOM,2024-11-06,amc,0000804328-24-000074
QCOM,2025-02-05,amc,0000804328-25-000010
QCOM,2025-04-30,amc,0000804328-25-000029
QCOM,2025-07-30,amc,0000804328-25-000044
QCOM,2025-11-05,amc,0000804328-25-000084
QCOM,2026-02-04,amc,0000804328-26-000016
QCOM,2026-04-29,amc,0000804328-26-000060
QCOM,2026-07-29,amc,0000804328-26-000085
REZI,2019-08-07,amc,0001193125-19-215382
REZI,2019-10-23,amc,0001193125-19-271746
REZI,2019-11-06,amc,0001193125-19-286071
REZI,2020-02-26,amc,0001193125-20-050253
REZI,2020-04-23,amc,0001193125-20-117186
REZI,2020-05-06,amc,0001193125-20-134913
REZI,2020-08-04,bmo,0001193125-20-208756
REZI,2020-11-05,bmo,0001193125-20-286247
REZI,2021-01-28,amc,0000899140-21-000103
REZI,2021-02-25,bmo,0001193125-21-055655
REZI,2021-05-06,amc,0001193125-21-153283
REZI,2021-08-05,amc,0001193125-21-237731
REZI,2021-11-04,amc,0001193125-21-320163
REZI,2022-02-07,bmo,0001193125-22-029111
REZI,2022-02-15,amc,0001193125-22-043462
REZI,2022-05-03,amc,0001193125-22-138658
REZI,2022-08-04,amc,0001193125-22-212510
REZI,2022-11-01,amc,0001193125-22-275018
REZI,2023-02-15,amc,0001193125-23-040196
REZI,2023-11-01,amc,0001740332-23-000025
REZI,2024-02-13,amc,0001740332-24-000016
REZI,2024-04-15,amc,0001193125-24-096352
REZI,2024-05-02,amc,0001740332-24-000043
REZI,2024-08-08,amc,0001740332-24-000051
REZI,2024-11-07,amc,0001740332-24-000058
REZI,2025-02-20,amc,0001740332-25-000007
REZI,2025-05-06,amc,0001740332-25-000017
REZI,2025-07-30,bmo,0001193125-25-168649
REZI,2025-08-05,amc,0001740332-25-000022
REZI,2025-11-05,amc,0001740332-25-000032
REZI,2026-02-24,amc,0001740332-26-000003
REZI,2026-05-12,amc,0001740332-26-000013
RF,2019-07-19,amc,0001281761-19-000062
RF,2019-10-22,bmo,0001281761-19-000086
RF,2020-01-17,bmo,0001281761-20-000005
RF,2020-04-17,amc,0001281761-20-000040
RF,2020-07-17,amc,0001281761-20-000067
RF,2020-10-20,amc,0001281761-20-000081
RF,2021-01-22,amc,0001281761-21-000003
RF,2021-04-23,bmo,0001281761-21-000036
RF,2021-07-23,bmo,0001281761-21-000060
RF,2021-10-22,bmo,0001281761-21-000072
RF,2022-01-20,bmo,0001281761-22-000003
RF,2022-04-22,bmo,0001281761-22-000025
RF,2022-07-22,bmo,0001281761-22-000040
RF,2022-10-21,bmo,0001281761-22-000051
RF,2023-01-20,bmo,0001281761-23-000003
RF,2023-04-18,amc,0001281761-23-000022
RF,2023-04-21,bmo,0001281761-23-000027
RF,2023-07-21,bmo,0001281761-23-000039
RF,2023-10-20,bmo,0001281761-23-000048
RF,2024-01-19,bmo,0001281761-24-000003
RF,2024-04-19,bmo,0001281761-24-000022
RF,2024-07-19,bmo,0001281761-24-000040
RF,2024-10-18,bmo,0001281761-24-000094
RF,2025-01-17,bmo,0001281761-25-000003
RF,2025-04-17,bmo,0001281761-25-000028
RF,2025-07-18,bmo,0001281761-25-000058
RF,2025-10-17,bmo,0001281761-25-000074
RF,2026-01-16,bmo,0001281761-26-000006
RF,2026-04-17,bmo,0001281761-26-000032
RF,2026-07-17,bmo,0001281761-26-000050
RITM,2019-07-30,bmo,0001140361-19-013677
RITM,2019-10-25,bmo,0001140361-19-019019
RITM,2020-02-06,bmo,0001140361-20-002432
RITM,2020-05-05,bmo,0001140361-20-010652
RITM,2020-07-22,bmo,0001140361-20-016496
RITM,2020-10-26,bmo,0001140361-20-023704
RITM,2021-02-09,bmo,0001140361-21-003808
RITM,2021-04-14,bmo,0001140361-21-012690
RITM,2021-05-05,bmo,0001140361-21-015827
RITM,2021-07-29,bmo,0001556593-21-000018
RITM,2021-11-02,bmo,0001556593-21-000028
RITM,2022-02-08,bmo,0001556593-22-000003
RITM,2022-05-03,bmo,0001556593-22-000012
RITM,2022-08-02,bmo,0001556593-22-000030
RITM,2022-11-02,bmo,0001556593-22-000047
RITM,2023-02-08,bmo,0001556593-23-000005
RITM,2023-05-04,bmo,0001140361-23-022846
RITM,2023-07-24,bmo,0001140361-23-035750
RITM,2023-08-02,bmo,0001556593-23-000022
RITM,2023-10-26,bmo,0001556593-23-000029
RITM,2024-02-07,bmo,0001556593-24-000003
RITM,2024-04-30,bmo,0001556593-24-000010
RITM,2024-07-31,bmo,0001556593-24-000018
RITM,2024-10-29,bmo,0001556593-24-000036
RITM,2025-02-06,bmo,0001556593-25-000003
RITM,2025-04-25,bmo,0001556593-25-000013
RITM,2025-07-28,bmo,0001556593-25-000020
RITM,2025-10-30,bmo,0001556593-25-000030
RITM,2026-02-03,bmo,0001556593-26-000007
RITM,2026-04-28,bmo,0001556593-26-000018
RITM,2026-07-28,bmo,0001556593-26-000026
SBUX,2019-07-25,amc,0000829224-19-000030
SBUX,2019-10-30,amc,0000829224-19-000047
SBUX,2020-01-28,amc,0000829224-20-000008
SBUX,2020-04-08,amc,0000829224-20-000031
SBUX,2020-04-28,amc,0000829224-20-000042
SBUX,2020-07-28,amc,0000829224-20-000065
SBUX,2020-10-29,amc,0000829224-20-000073
SBUX,2021-01-26,amc,0000829224-21-000027
SBUX,2021-04-27,amc,0000829224-21-000051
SBUX,2021-07-27,amc,0000829224-21-000074
SBUX,2021-10-28,amc,0000829224-21-000081
SBUX,2022-02-01,amc,0000829224-22-000010
SBUX,2022-05-03,amc,0000829224-22-000028
SBUX,2022-08-02,amc,0000829224-22-000038
SBUX,2022-11-03,amc,0000829224-22-000052
SBUX,2023-02-02,amc,0000829224-23-000015
SBUX,2023-05-02,amc,0000829224-23-000035
SBUX,2023-08-01,amc,0000829224-23-000042
SBUX,2023-11-02,bmo,0000829224-23-000051
SBUX,2024-01-30,amc,0000829224-24-000011
SBUX,2024-04-30,amc,0000829224-24-000023
SBUX,2024-07-30,amc,0000829224-24-000041
SBUX,2024-10-22,amc,0000829224-24-000047
SBUX,2024-10-30,amc,0000829224-24-000051
SBUX,2025-01-28,amc,0000829224-25-000013
SBUX,2025-04-29,amc,0000829224-25-000033
SBUX,2025-07-29,amc,0000829224-25-000057
SBUX,2025-10-29,amc,0000829224-25-000074
SBUX,2026-01-28,bmo,0000829224-26-000010
SBUX,2026-04-28,amc,0000829224-26-000078
SBUX,2026-07-29,amc,0000829224-26-000129
SCHW,2019-07-16,amc,0000316709-19-000030
SCHW,2019-10-15,amc,0000316709-19-000048
SCHW,2020-01-16,amc,0000316709-20-000005
SCHW,2020-04-15,amc,0000316709-20-000016
SCHW,2020-07-16,amc,0000316709-20-000036
SCHW,2020-10-15,amc,0000316709-20-000050
SCHW,2021-01-19,amc,0000316709-21-000005
SCHW,2021-04-15,amc,0000316709-21-000024
SCHW,2021-07-16,amc,0000316709-21-000057
SCHW,2021-10-15,amc,0000316709-21-000072
SCHW,2022-01-18,amc,0000316709-22-000005
SCHW,2022-04-18,amc,0000316709-22-000014
SCHW,2022-07-18,amc,0000316709-22-000025
SCHW,2022-10-17,amc,0000316709-22-000032
SCHW,2023-01-18,amc,0000316709-23-000004
SCHW,2023-04-17,amc,0000316709-23-000022
SCHW,2023-07-18,amc,0000316709-23-000033
SCHW,2023-10-16,amc,0000316709-23-000047
SCHW,2024-01-17,amc,0000316709-24-000011
SCHW,2024-04-15,amc,0000316709-24-000041
SCHW,2024-07-16,amc,0000316709-24-000056
SCHW,2024-10-15,amc,0000316709-24-000066
SCHW,2025-01-21,amc,0000316709-25-000005
SCHW,2025-04-17,amc,0000316709-25-000019
SCHW,2025-07-18,amc,0000316709-25-000033
SCHW,2025-10-16,amc,0000316709-25-000046
SCHW,2026-01-21,amc,0000316709-26-000004
SCHW,2026-04-16,amc,0000316709-26-000016
SCHW,2026-07-21,amc,0000316709-26-000027
SGI,2019-07-25,bmo,0001206264-19-000132
SGI,2019-10-31,bmo,0001206264-19-000181
SGI,2020-02-13,bmo,0001206264-20-000064
SGI,2020-04-30,bmo,0001206264-20-000132
SGI,2020-07-30,bmo,0001206264-20-000192
SGI,2020-10-29,bmo,0001206264-20-000228
SGI,2021-02-11,bmo,0001206264-21-000047
SGI,2021-04-29,bmo,0001206264-21-000138
SGI,2021-07-29,bmo,0001206264-21-000194
SGI,2021-10-28,bmo,0001206264-21-000243
SGI,2022-02-22,bmo,0001206264-22-000054
SGI,2022-04-28,bmo,0001206264-22-000105
SGI,2022-07-27,bmo,0001206264-22-000163
SGI,2022-11-03,bmo,0001206264-22-000176
SGI,2023-02-09,bmo,0001206264-23-000052
SGI,2023-05-09,bmo,0001206264-23-000110
SGI,2023-08-03,bmo,0001206264-23-000164
SGI,2023-11-02,bmo,0001206264-23-000202
SGI,2024-02-08,bmo,0001206264-24-000044
SGI,2024-05-07,bmo,0001206264-24-000089
SGI,2024-08-06,bmo,0001206264-24-000128
SGI,2024-11-07,bmo,0001206264-24-000162
SGI,2025-02-20,bmo,0001206264-25-000049
SGI,2025-05-08,bmo,0001206264-25-000111
SGI,2025-08-07,bmo,0001206264-25-000164
SGI,2025-11-06,bmo,0001206264-25-000188
SGI,2026-02-17,bmo,0001206264-26-000008
SGI,2026-05-07,bmo,0001206264-26-000063
SGI,2026-08-06,bmo,0001206264-26-000099
SHO,2019-08-01,amc,0001558370-19-006816
SHO,2019-08-06,amc,0001558370-19-007226
SHO,2019-11-04,amc,0001558370-19-009824
SHO,2019-11-07,amc,0001558370-19-010420
SHO,2020-02-18,amc,0001558370-20-000913
SHO,2020-02-21,amc,0001558370-20-001154
SHO,2020-05-08,bmo,0001558370-20-005880
SHO,2020-05-12,amc,0001558370-20-006424
SHO,2020-08-04,bmo,0001558370-20-009073
SHO,2020-08-07,bmo,0001558370-20-009827
SHO,2020-11-05,amc,0001558370-20-012902
SHO,2020-11-10,amc,0001558370-20-013532
SHO,2021-02-11,amc,0001558370-21-000921
SHO,2021-02-19,bmo,0001558370-21-001254
SHO,2021-05-03,amc,0001558370-21-005541
SHO,2021-08-03,amc,0001558370-21-010008
SHO,2021-11-04,amc,0001558370-21-014651
SHO,2022-02-22,amc,0001558370-22-001612
SHO,2022-05-04,amc,0001558370-22-007078
SHO,2022-06-02,amc,0001558370-22-009665
SHO,2022-08-03,bmo,0001558370-22-011764
SHO,2022-09-14,bmo,0001558370-22-014396
SHO,2022-11-08,bmo,0001558370-22-016750
SHO,2023-02-22,bmo,0001558370-23-001688
SHO,2023-05-05,bmo,0001558370-23-008196
SHO,2023-08-04,bmo,0001558370-23-013305
SHO,2023-11-07,bmo,0001558370-23-017863
SHO,2024-02-23,bmo,0001558370-24-001578
SHO,2024-05-06,bmo,0001558370-24-006696
SHO,2024-08-07,bmo,0001558370-24-011209
SHO,2024-10-10,amc,0001558370-24-013242
SHO,2024-11-12,bmo,0001558370-24-015163
SHO,2025-02-21,bmo,0001558370-25-001262
SHO,2025-05-06,bmo,0001558370-25-006388
SHO,2025-08-06,bmo,0001558370-25-010406
SHO,2025-11-07,bmo,0001104659-25-108138
SHO,2026-02-27,bmo,0001104659-26-020996
SHO,2026-05-05,bmo,0001104659-26-055280
SHO,2026-08-06,bmo,0001104659-26-091645
SHOP,2025-02-11,bmo,0001594805-25-000011
SHOP,2025-05-08,bmo,0001594805-25-000045
SHOP,2025-08-06,bmo,0001594805-25-000072
SHOP,2025-11-04,bmo,0001594805-25-000088
SHOP,2026-02-11,bmo,0001594805-26-000006
SHOP,2026-05-05,bmo,0001594805-26-000018
SHOP,2026-08-05,bmo,0001594805-26-000046
SIG,2019-09-05,bmo,0001157523-19-001949
SIG,2019-12-05,bmo,0001157523-19-002325
SIG,2020-03-26,bmo,0000832988-20-000016
SIG,2020-06-09,bmo,0000832988-20-000096
SIG,2020-09-03,bmo,0000832988-20-000234
SIG,2020-12-03,bmo,0000832988-20-000291
SIG,2021-03-18,bmo,0000832988-21-000022
SIG,2021-06-10,bmo,0000832988-21-000140
SIG,2021-09-02,bmo,0000832988-21-000190
SIG,2021-12-02,bmo,0000832988-21-000215
SIG,2022-03-17,bmo,0000832988-22-000014
SIG,2022-06-09,bmo,0000832988-22-000142
SIG,2022-09-01,bmo,0000832988-22-000184
SIG,2022-12-06,bmo,0000832988-22-000202
SIG,2023-03-16,bmo,0000832988-23-000029
SIG,2023-06-08,bmo,0000832988-23-000149
SIG,2023-08-31,bmo,0000832988-23-000211
SIG,2023-12-05,bmo,0000832988-23-000270
SIG,2024-03-20,bmo,0000832988-24-000076
SIG,2024-06-13,bmo,0000832988-24-000133
SIG,2024-09-12,bmo,0000832988-24-000191
SIG,2024-12-05,bmo,0000832988-24-000255
SIG,2025-03-19,bmo,0000832988-25-000015
SIG,2025-06-03,bmo,0000832988-25-000101
SIG,2025-09-02,bmo,0000832988-25-000170
SIG,2025-12-02,bmo,0000832988-25-000228
SIG,2026-03-09,bmo,0000832988-26-000050
SIG,2026-03-19,bmo,0000832988-26-000054
SIG,2026-06-02,bmo,0000832988-26-000158
SKT,2019-07-31,amc,0000899715-19-000122
SKT,2019-10-30,amc,0000899715-19-000142
SKT,2020-01-27,bmo,0000899715-20-000005
SKT,2020-05-11,amc,0000899715-20-000102
SKT,2020-08-05,amc,0000899715-20-000124
SKT,2020-11-05,amc,0000899715-20-000147
SKT,2021-02-17,amc,0000899715-21-000022
SKT,2021-05-05,amc,0000899715-21-000128
SKT,2021-08-03,amc,0000899715-21-000158
SKT,2021-11-01,amc,0000899715-21-000182
SKT,2022-02-17,amc,0000899715-22-000024
SKT,2022-05-05,amc,0000899715-22-000113
SKT,2022-08-08,amc,0000899715-22-000147
SKT,2022-11-02,amc,0000899715-22-000170
SKT,2023-02-21,amc,0000899715-23-000039
SKT,2023-04-27,amc,0000899715-23-000090
SKT,2023-08-03,amc,0000899715-23-000125
SKT,2023-11-06,amc,0000899715-23-000147
SKT,2024-02-15,amc,0000899715-24-000009
SKT,2024-04-30,amc,0000899715-24-000090
SKT,2024-08-01,amc,0000899715-24-000115
SKT,2024-11-06,amc,0000899715-24-000142
SKT,2025-02-19,amc,0000899715-25-000004
SKT,2025-04-30,amc,0000899715-25-000103
SKT,2025-08-04,amc,0000899715-25-000121
SKT,2025-11-04,amc,0001628280-25-048803
SKT,2026-02-24,amc,0001628280-26-011057
SKT,2026-04-30,amc,0001628280-26-028865
SKT,2026-08-04,amc,0001628280-26-052544
SLB,2019-07-19,bmo,0001193125-19-197186
SLB,2019-10-18,bmo,0001193125-19-269681
SLB,2020-01-17,bmo,0001193125-20-009501
SLB,2020-04-17,bmo,0001193125-20-109899
SLB,2020-07-24,bmo,0001193125-20-198177
SLB,2020-10-16,bmo,0001193125-20-270684
SLB,2021-01-22,bmo,0001193125-21-014161
SLB,2021-04-23,bmo,0001193125-21-127802
SLB,2021-07-23,bmo,0001193125-21-222347
SLB,2021-10-22,bmo,0001193125-21-304697
SLB,2022-01-21,bmo,0001193125-22-014338
SLB,2022-04-22,bmo,0001193125-22-114105
SLB,2022-07-22,bmo,0001193125-22-199614
SLB,2022-10-21,bmo,0001193125-22-266331
SLB,2023-01-20,bmo,0001193125-23-011445
SLB,2023-04-21,bmo,0001193125-23-109226
SLB,2023-07-21,bmo,0001193125-23-190924
SLB,2023-10-20,bmo,0001193125-23-259572
SLB,2024-01-19,bmo,0001193125-24-010748
SLB,2024-04-19,bmo,0001193125-24-101633
SLB,2024-07-19,bmo,0001193125-24-181280
SLB,2024-10-18,bmo,0001193125-24-239201
SLB,2025-01-17,bmo,0001193125-25-008046
SLB,2025-04-25,bmo,0001193125-25-094916
SLB,2025-07-18,bmo,0001193125-25-160817
SLB,2025-10-17,bmo,0001193125-25-241946
SLB,2026-01-23,bmo,0001193125-26-020133
SLB,2026-04-24,bmo,0001193125-26-174940
SLB,2026-07-24,bmo,0001193125-26-315068
SNAP,2019-07-23,amc,0001564590-19-025632
SNAP,2019-10-22,amc,0001564590-19-037399
SNAP,2020-02-04,amc,0001564590-20-003264
SNAP,2020-04-21,amc,0001564590-20-017699
SNAP,2020-07-21,amc,0001564590-20-032933
SNAP,2020-10-20,amc,0001564590-20-046960
SNAP,2021-02-04,amc,0001564590-21-004325
SNAP,2021-04-22,amc,0001564590-21-020117
SNAP,2021-07-22,amc,0001564590-21-037602
SNAP,2021-10-21,amc,0001564590-21-051448
SNAP,2022-02-03,amc,0001564590-22-003826
SNAP,2022-04-21,amc,0001564590-22-015086
SNAP,2022-07-21,amc,0001564590-22-026167
SNAP,2022-08-31,bmo,0001193125-22-234696
SNAP,2022-10-20,amc,0001564590-22-034752
SNAP,2023-01-31,amc,0001564408-23-000010
SNAP,2023-04-27,amc,0001564408-23-000024
SNAP,2023-07-25,amc,0001564408-23-000036
SNAP,2023-10-24,amc,0001564408-23-000050
SNAP,2024-02-06,amc,0001564408-24-000017
SNAP,2024-04-25,amc,0001564408-24-000030
SNAP,2024-08-01,amc,0001564408-24-000047
SNAP,2024-10-29,amc,0001564408-24-000058
SNAP,2025-02-04,amc,0001564408-25-000016
SNAP,2025-04-29,amc,0001564408-25-000028
SNAP,2025-08-05,amc,0001564408-25-000047
SNAP,2025-11-05,amc,0001564408-25-000063
SNAP,2026-02-04,amc,0001564408-26-000011
SNAP,2026-04-15,bmo,0001193125-26-155861
SNAP,2026-05-06,amc,0001564408-26-000024
SNAP,2026-08-03,amc,0001564408-26-000047
SO,2019-07-31,bmo,0000092122-19-000039
SO,2019-10-30,bmo,0000092122-19-000055
SO,2020-02-20,bmo,0000092122-20-000019
SO,2020-04-30,bmo,0000092122-20-000044
SO,2020-07-30,bmo,0000092122-20-000059
SO,2020-10-29,bmo,0000092122-20-000087
SO,2021-02-18,bmo,0000092122-21-000008
SO,2021-04-29,bmo,0000092122-21-000039
SO,2021-07-29,bmo,0000092122-21-000066
SO,2021-11-04,bmo,0000092122-21-000094
SO,2022-02-17,bmo,0000092122-22-000005
SO,2022-04-28,bmo,0000092122-22-000016
SO,2022-07-28,bmo,0000092122-22-000041
SO,2022-10-27,bmo,0000092122-22-000066
SO,2023-02-16,bmo,0000092122-23-000014
SO,2023-04-27,bmo,0000092122-23-000030
SO,2023-08-03,bmo,0000092122-23-000072
SO,2023-10-06,bmo,0000092122-23-000095
SO,2023-11-02,bmo,0000092122-23-000103
SO,2024-02-15,bmo,0000092122-24-000011
SO,2024-05-02,bmo,0000092122-24-000045
SO,2024-08-01,bmo,0000092122-24-000077
SO,2024-10-31,bmo,0000092122-24-000091
SO,2025-02-20,bmo,0000092122-25-000020
SO,2025-05-01,bmo,0000092122-25-000044
SO,2025-07-31,bmo,0000092122-25-000078
SO,2025-10-30,bmo,0000092122-25-000086
SO,2026-02-19,bmo,0000092122-26-000008
SO,2026-04-30,bmo,0000092122-26-000036
SO,2026-07-30,bmo,0000092122-26-000056
SRE,2019-08-02,intraday,0001032208-19-000013
SRE,2019-11-01,intraday,0001032208-19-000033
SRE,2020-02-27,intraday,0001032208-20-000004
SRE,2020-05-04,intraday,0001032208-20-000019
SRE,2020-08-05,intraday,0001032208-20-000037
SRE,2020-11-05,intraday,0001032208-20-000044
SRE,2021-02-25,intraday,0001032208-21-000004
SRE,2021-05-05,intraday,0001032208-21-000013
SRE,2021-08-05,intraday,0001032208-21-000027
SRE,2021-11-05,intraday,0001032208-21-000044
SRE,2022-02-25,intraday,0001032208-22-000004
SRE,2022-05-05,intraday,0001032208-22-000020
SRE,2022-08-04,intraday,0001032208-22-000035
SRE,2022-11-03,intraday,0001032208-22-000050
SRE,2023-02-28,intraday,0001032208-23-000005
SRE,2023-05-04,intraday,0001032208-23-000024
SRE,2023-08-03,intraday,0001032208-23-000040
SRE,2023-11-03,intraday,0001032208-23-000055
SRE,2024-02-27,intraday,0001032208-24-000004
SRE,2024-05-07,intraday,0001032208-24-000013
SRE,2024-08-06,intraday,0001032208-24-000024
SRE,2024-11-06,intraday,0001032208-24-000043
SRE,2025-02-25,intraday,0001032208-25-000008
SRE,2025-05-08,intraday,0001032208-25-000023
SRE,2025-08-07,intraday,0001032208-25-000045
SRE,2025-11-05,intraday,0001032208-25-000062
SRE,2026-02-26,intraday,0001032208-26-000008
SRE,2026-05-07,intraday,0001032208-26-000027
SRE,2026-08-06,intraday,0001032208-26-000043
STLD,2019-07-25,bmo,0001104659-19-041749
STLD,2019-10-21,intraday,0001104659-19-055237
STLD,2020-01-27,intraday,0001104659-20-006974
STLD,2020-04-22,amc,0001104659-20-049763
STLD,2020-07-22,intraday,0001104659-20-085531
STLD,2020-10-21,intraday,0001104659-20-116717
STLD,2021-01-28,bmo,0001104659-21-008456
STLD,2021-04-20,amc,0001104659-21-052574
STLD,2021-07-21,bmo,0001104659-21-094256
STLD,2021-10-21,intraday,0001104659-21-128343
STLD,2022-01-26,intraday,0001104659-22-007815
STLD,2022-04-22,amc,0001104659-22-049056
STLD,2022-07-21,intraday,0001104659-22-081503
STLD,2022-10-20,intraday,0001104659-22-110243
STLD,2023-01-26,intraday,0001104659-23-006779
STLD,2023-04-21,bmo,0001104659-23-048128
STLD,2023-07-20,intraday,0001104659-23-082573
STLD,2023-10-19,intraday,0001104659-23-110072
STLD,2024-01-24,intraday,0001104659-24-006167
STLD,2024-04-24,intraday,0001104659-24-051064
STLD,2024-07-18,bmo,0001104659-24-080714
STLD,2024-10-17,intraday,0001104659-24-109422
STLD,2025-01-23,intraday,0001104659-25-005488
STLD,2025-04-23,intraday,0001104659-25-037919
STLD,2025-07-22,bmo,0001104659-25-069499
STLD,2025-10-21,intraday,0001104659-25-101080
STLD,2026-01-27,intraday,0001104659-26-006889
STLD,2026-04-21,intraday,0001104659-26-045938
STLD,2026-07-21,intraday,0001104659-26-085277
STT,2019-07-19,bmo,0000093751-19-000501
STT,2019-10-18,bmo,0000093751-19-000588
STT,2020-01-17,bmo,0000093751-20-000006
STT,2020-02-20,amc,0000093751-20-000682
STT,2020-04-17,bmo,0000093751-20-000757
STT,2020-07-17,bmo,0000093751-20-000902
STT,2020-10-16,bmo,0000093751-20-000973
STT,2021-01-19,bmo,0000093751-21-000015
STT,2021-04-16,bmo,0000093751-21-000534
STT,2021-07-16,bmo,0000093751-21-000631
STT,2021-10-18,bmo,0000093751-21-000688
STT,2022-01-19,bmo,0000093751-22-000013
STT,2022-04-14,bmo,0000093751-22-000496
STT,2022-07-15,bmo,0000093751-22-000578
STT,2022-10-18,bmo,0000093751-22-000614
STT,2023-01-20,bmo,0000093751-23-000016
STT,2023-04-17,bmo,0000093751-23-000550
STT,2023-07-14,bmo,0000093751-23-000639
STT,2023-10-18,bmo,0000093751-23-000690
STT,2024-01-19,bmo,0000093751-24-000022
STT,2024-04-12,bmo,0000093751-24-000584
STT,2024-07-16,bmo,0000093751-24-000662
STT,2024-10-15,bmo,0000093751-24-000722
STT,2025-01-17,bmo,0000093751-25-000004
STT,2025-04-17,bmo,0000093751-25-000220
STT,2025-07-15,bmo,0000093751-25-000403
STT,2025-10-17,bmo,0000093751-25-000560
STT,2026-01-16,bmo,0000093751-26-000008
STT,2026-04-17,bmo,0000093751-26-000184
STT,2026-07-16,bmo,0000093751-26-000387
STX,2019-08-02,bmo,0001193125-19-211505
STX,2019-11-01,bmo,0001628280-19-013012
STX,2020-02-04,amc,0001137789-20-000013
STX,2020-04-22,amc,0001137789-20-000028
STX,2020-07-28,amc,0001137789-20-000055
STX,2020-10-22,amc,0001137789-20-000098
STX,2021-01-21,amc,0001137789-21-000003
STX,2021-04-22,amc,0001137789-21-000023
STX,2021-07-21,bmo,0001137789-21-000041
STX,2021-10-22,bmo,0001137789-21-000105
STX,2022-01-26,amc,0001137789-22-000008
STX,2022-04-27,bmo,0001137789-22-000028
STX,2022-07-21,amc,0001137789-22-000039
STX,2022-10-26,bmo,0001137789-22-000116
STX,2023-01-25,amc,0001137789-23-000007
STX,2023-04-19,amc,0001193125-23-106624
STX,2023-04-20,bmo,0001137789-23-000025
STX,2023-07-26,amc,0001137789-23-000045
STX,2023-10-26,bmo,0001137789-23-000125
STX,2024-01-24,amc,0001137789-24-000004
STX,2024-04-23,amc,0001137789-24-000030
STX,2024-07-23,amc,0001137789-24-000061
STX,2024-10-22,amc,0001137789-24-000141
STX,2025-01-21,amc,0001137789-25-000006
STX,2025-04-29,amc,0001137789-25-000070
STX,2025-07-29,amc,0001137789-25-000148
STX,2025-07-30,amc,0001137789-25-000150
STX,2025-10-28,amc,0001137789-25-000283
STX,2026-01-27,amc,0001137789-26-000016
STX,2026-04-28,amc,0001137789-26-000084
STX,2026-07-28,amc,0001137789-26-000153
SW,2024-07-30,amc,0001104659-24-083991
SW,2024-07-30,amc,0001104659-24-084010
SW,2024-10-30,bmo,0001104659-24-112399
SW,2025-02-12,bmo,0001104659-25-011789
SW,2025-05-01,bmo,0001104659-25-042967
SW,2025-07-30,bmo,0001104659-25-071932
SW,2025-10-29,bmo,0001104659-25-103425
SW,2026-02-11,bmo,0001104659-26-012986
SW,2026-04-30,bmo,0001104659-26-052046
SW,2026-07-29,bmo,0001104659-26-087794
SWKS,2019-08-07,amc,0000004127-19-000036
SWKS,2019-11-12,amc,0000004127-19-000047
SWKS,2020-01-23,amc,0000004127-20-000004
SWKS,2020-04-14,bmo,0000004127-20-000020
SWKS,2020-05-04,amc,0000004127-20-000025
SWKS,2020-07-23,amc,0000004127-20-000044
SWKS,2020-11-02,amc,0000004127-20-000051
SWKS,2021-01-28,amc,0000004127-21-000011
SWKS,2021-04-29,amc,0000004127-21-000026
SWKS,2021-07-29,amc,0000004127-21-000048
SWKS,2021-11-04,amc,0000004127-21-000053
SWKS,2022-02-03,amc,0000004127-22-000007
SWKS,2022-05-03,amc,0000004127-22-000012
SWKS,2022-08-04,amc,0000004127-22-000031
SWKS,2022-11-03,amc,0000004127-22-000035
SWKS,2023-02-06,amc,0000004127-23-000008
SWKS,2023-05-08,amc,0000004127-23-000014
SWKS,2023-08-07,amc,0000004127-23-000024
SWKS,2023-11-02,amc,0000004127-23-000027
SWKS,2024-01-30,amc,0000004127-24-000004
SWKS,2024-04-30,amc,0000004127-24-000018
SWKS,2024-07-30,amc,0000004127-24-000068
SWKS,2024-11-12,amc,0000004127-24-000100
SWKS,2025-02-05,amc,0000004127-25-000009
SWKS,2025-05-07,amc,0000004127-25-000038
SWKS,2025-08-05,amc,0000004127-25-000072
SWKS,2025-10-28,bmo,0001104659-25-102814
SWKS,2025-11-04,amc,0000004127-25-000082
SWKS,2026-02-03,amc,0000004127-26-000005
SWKS,2026-05-05,amc,0000004127-26-000014
SWKS,2026-07-28,amc,0000004127-26-000047
SYF,2019-07-19,bmo,0001601712-19-000179
SYF,2019-10-18,bmo,0001601712-19-000238
SYF,2020-01-24,bmo,0001601712-20-000024
SYF,2020-04-21,bmo,0001601712-20-000133
SYF,2020-07-21,bmo,0001601712-20-000198
SYF,2020-10-20,bmo,0001601712-20-000250
SYF,2021-01-29,bmo,0001601712-21-000034
SYF,2021-04-27,bmo,0001601712-21-000177
SYF,2021-07-20,bmo,0001601712-21-000232
SYF,2021-10-19,bmo,0001601712-21-000284
SYF,2022-01-28,bmo,0001601712-22-000024
SYF,2022-04-18,bmo,0001601712-22-000128
SYF,2022-07-18,bmo,0001601712-22-000199
SYF,2022-10-25,bmo,0001601712-22-000246
SYF,2023-01-23,bmo,0001601712-23-000023
SYF,2023-04-19,bmo,0001601712-23-000122
SYF,2023-07-18,bmo,0001601712-23-000199
SYF,2023-10-24,bmo,0001601712-23-000271
SYF,2024-01-23,bmo,0001601712-24-000023
SYF,2024-04-24,bmo,0001601712-24-000159
SYF,2024-07-17,bmo,0001601712-24-000247
SYF,2024-10-16,bmo,0001601712-24-000333
SYF,2025-01-28,bmo,0001601712-25-000041
SYF,2025-04-22,bmo,0001601712-25-000138
SYF,2025-07-22,bmo,0001601712-25-000228
SYF,2025-10-15,bmo,0001601712-25-000256
SYF,2026-01-27,bmo,0001601712-26-000003
SYF,2026-04-21,bmo,0001601712-26-000013
SYF,2026-07-21,bmo,0001601712-26-000030
SYY,2019-08-12,bmo,0001193125-19-218522
SYY,2019-11-04,bmo,0001193125-19-282545
SYY,2020-02-03,bmo,0001193125-20-022265
SYY,2020-05-05,bmo,0001193125-20-133094
SYY,2020-08-11,bmo,0001193125-20-215689
SYY,2020-11-03,bmo,0001193125-20-284436
SYY,2021-02-02,bmo,0001193125-21-025343
SYY,2021-05-04,bmo,0001193125-21-149056
SYY,2021-08-10,bmo,0001193125-21-241238
SYY,2021-11-09,bmo,0001193125-21-323841
SYY,2022-02-08,bmo,0001193125-22-030467
SYY,2022-05-10,bmo,0001193125-22-145766
SYY,2022-08-09,bmo,0001193125-22-215671
SYY,2022-11-01,bmo,0000096021-22-000206
SYY,2023-01-31,bmo,0000096021-23-000031
SYY,2023-05-02,bmo,0000096021-23-000063
SYY,2023-08-01,bmo,0000096021-23-000087
SYY,2023-10-31,bmo,0000096021-23-000197
SYY,2024-01-30,bmo,0000096021-24-000013
SYY,2024-04-30,bmo,0000096021-24-000040
SYY,2024-07-30,bmo,0000096021-24-000057
SYY,2024-10-29,bmo,0000096021-24-000183
SYY,2025-01-28,bmo,0000096021-25-000008
SYY,2025-04-29,bmo,0000096021-25-000034
SYY,2025-07-29,bmo,0000096021-25-000063
SYY,2025-10-28,bmo,0000096021-25-000154
SYY,2026-01-27,bmo,0000096021-26-000006
SYY,2026-03-30,bmo,0000950142-26-000899
SYY,2026-04-28,bmo,0000096021-26-000019
SYY,2026-08-04,bmo,0000096021-26-000026
T,2019-07-24,bmo,0000732717-19-000031
T,2019-10-28,bmo,0000732717-19-000048
T,2019-10-28,bmo,0000732717-19-000049
T,2020-01-29,bmo,0000732717-20-000006
T,2020-04-22,bmo,0000732717-20-000017
T,2020-07-23,bmo,0000732717-20-000042
T,2020-10-22,bmo,0000732717-20-000051
T,2021-01-27,bmo,0000732717-21-000009
T,2021-04-22,bmo,0000732717-21-000024
T,2021-07-21,amc,0000732717-21-000054
T,2021-07-22,bmo,0000732717-21-000060
T,2021-10-21,bmo,0000732717-21-000077
T,2022-01-05,bmo,0000732717-22-000004
T,2022-01-26,bmo,0000732717-22-000010
T,2022-04-21,bmo,0000732717-22-000038
T,2022-07-21,bmo,0000732717-22-000080
T,2022-10-20,bmo,0000732717-22-000099
T,2023-01-25,bmo,0000732717-23-000007
T,2023-04-20,bmo,0000732717-23-000019
T,2023-07-26,bmo,0000732717-23-000043
T,2023-10-19,bmo,0000732717-23-000054
T,2024-01-24,bmo,0000732717-24-000006
T,2024-04-24,bmo,0000732717-24-000018
T,2024-07-24,bmo,0000732717-24-000050
T,2024-10-23,bmo,0000732717-24-000056
T,2025-01-27,bmo,0000732717-25-000007
T,2025-04-23,bmo,0000732717-25-000020
T,2025-07-23,bmo,0000732717-25-000076
T,2025-10-22,bmo,0000732717-25-000163
T,2026-01-28,bmo,0000732717-26-000047
T,2026-04-22,bmo,0000732717-26-000203
T,2026-07-22,bmo,0000732717-26-000294
TFC,2019-07-18,bmo,0000092230-19-000039
TFC,2019-10-17,bmo,0000092230-19-000056
TFC,2020-01-30,bmo,0000092230-20-000005
TFC,2020-04-20,bmo,0000092230-20-000054
TFC,2020-07-16,bmo,0000092230-20-000076
TFC,2020-10-15,bmo,0000092230-20-000111
TFC,2021-01-21,bmo,0000092230-21-000003
TFC,2021-04-15,bmo,0000092230-21-000038
TFC,2021-07-15,bmo,0000092230-21-000059
TFC,2021-10-15,bmo,0000092230-21-000071
TFC,2022-01-18,bmo,0000092230-22-000003
TFC,2022-04-19,bmo,0000092230-22-000048
TFC,2022-07-19,bmo,0000092230-22-000074
TFC,2022-10-18,bmo,0000092230-22-000104
TFC,2023-01-19,bmo,0000092230-23-000002
TFC,2023-04-20,bmo,0000092230-23-000042
TFC,2023-07-20,bmo,0000092230-23-000064
TFC,2023-10-19,bmo,0000092230-23-000077
TFC,2024-01-18,bmo,0000092230-24-000003
TFC,2024-04-22,bmo,0000092230-24-000016
TFC,2024-07-22,bmo,0000092230-24-000041
TFC,2024-10-17,bmo,0000092230-24-000071
TFC,2025-01-17,bmo,0000092230-25-000005
TFC,2025-04-17,bmo,0000092230-25-000031
TFC,2025-07-18,bmo,0000092230-25-000118
TFC,2025-10-17,bmo,0000092230-25-000150
TFC,2026-01-21,bmo,0000092230-26-000023
TFC,2026-04-17,bmo,0000092230-26-000039
TFC,2026-07-17,bmo,0000092230-26-000096
TJX,2019-08-20,bmo,0001157523-19-001893
TJX,2019-11-19,bmo,0001157523-19-002284
TJX,2020-02-26,bmo,0001157523-20-000267
TJX,2020-05-21,bmo,0001157523-20-000793
TJX,2020-08-19,bmo,0001157523-20-001195
TJX,2020-11-18,bmo,0001157523-20-001518
TJX,2021-02-24,bmo,0001157523-21-000245
TJX,2021-05-19,bmo,0001157523-21-000690
TJX,2021-08-18,bmo,0001157523-21-001073
TJX,2021-11-17,bmo,0001157523-21-001427
TJX,2022-02-23,bmo,0001157523-22-000235
TJX,2022-05-18,bmo,0001157523-22-000655
TJX,2022-08-17,bmo,0001157523-22-001130
TJX,2022-11-16,bmo,0001157523-22-001633
TJX,2023-02-22,bmo,0001157523-23-000327
TJX,2023-05-17,bmo,0001157523-23-000869
TJX,2023-08-16,bmo,0001157523-23-001335
TJX,2023-11-15,bmo,0001157523-23-001738
TJX,2024-02-28,bmo,0000109198-24-000010
TJX,2024-05-22,bmo,0000109198-24-000031
TJX,2024-08-21,bmo,0000109198-24-000044
TJX,2024-11-20,bmo,0000109198-24-000056
TJX,2025-02-26,bmo,0000109198-25-000006
TJX,2025-05-21,bmo,0000109198-25-000037
TJX,2025-08-20,bmo,0000109198-25-000051
TJX,2025-11-19,bmo,0000109198-25-000058
TJX,2026-02-25,bmo,0000109198-26-000004
TJX,2026-05-20,bmo,0000109198-26-000023
TMUS,2019-07-25,amc,0001283699-19-000105
TMUS,2019-10-28,amc,0001283699-19-000117
TMUS,2020-02-06,amc,0001283699-20-000025
TMUS,2020-05-06,amc,0001283699-20-000104
TMUS,2020-08-06,amc,0001283699-20-000161
TMUS,2020-11-05,amc,0001283699-20-000191
TMUS,2021-02-04,amc,0001283699-21-000011
TMUS,2021-05-04,amc,0001283699-21-000087
TMUS,2021-07-29,amc,0001283699-21-000142
TMUS,2021-11-02,amc,0001283699-21-000168
TMUS,2022-02-02,amc,0001283699-22-000009
TMUS,2022-04-27,bmo,0001283699-22-000077
TMUS,2022-07-27,bmo,0001283699-22-000111
TMUS,2022-10-27,amc,0001283699-22-000140
TMUS,2023-02-01,bmo,0001283699-23-000007
TMUS,2023-04-27,amc,0001283699-23-000086
TMUS,2023-07-27,amc,0001283699-23-000133
TMUS,2023-10-25,bmo,0001283699-23-000149
TMUS,2024-01-25,amc,0001283699-24-000004
TMUS,2024-04-25,amc,0001283699-24-000062
TMUS,2024-07-31,bmo,0001283699-24-000109
TMUS,2024-10-23,amc,0001283699-24-000141
TMUS,2025-01-29,bmo,0001283699-25-000008
TMUS,2025-04-24,amc,0001283699-25-000078
TMUS,2025-07-23,amc,0001283699-25-000116
TMUS,2025-10-23,bmo,0001283699-25-000153
TMUS,2026-02-11,bmo,0001283699-26-000007
TMUS,2026-04-28,amc,0001283699-26-000062
TMUS,2026-07-23,bmo,0001283699-26-000100
TPR,2019-08-15,bmo,0001157523-19-001860
TPR,2019-11-05,bmo,0001157523-19-002189
TPR,2020-02-06,bmo,0001157523-20-000160
TPR,2020-04-30,bmo,0001157523-20-000608
TPR,2020-07-21,bmo,0001157523-20-001004
TPR,2020-08-13,bmo,0001157523-20-001178
TPR,2020-10-29,bmo,0001157523-20-001367
TPR,2021-02-04,bmo,0001157523-21-000140
TPR,2021-05-06,bmo,0001157523-21-000605
TPR,2021-08-19,bmo,0001157523-21-001078
TPR,2021-11-12,amc,0001157523-21-001399
TPR,2022-02-10,bmo,0001157523-22-000172
TPR,2022-05-12,bmo,0001157523-22-000624
TPR,2022-08-04,bmo,0001157523-22-001023
TPR,2022-08-18,bmo,0001157523-22-001141
TPR,2022-11-10,bmo,0001157523-22-001586
TPR,2023-02-09,bmo,0001157523-23-000220
TPR,2023-05-11,bmo,0001157523-23-000816
TPR,2023-08-10,bmo,0001140361-23-038946
TPR,2023-08-17,bmo,0001157523-23-001344
TPR,2023-11-09,bmo,0001157523-23-001697
TPR,2024-02-08,bmo,0001157523-24-000195
TPR,2024-05-09,bmo,0001140361-24-025044
TPR,2024-08-01,bmo,0001140361-24-035202
TPR,2024-08-15,bmo,0001140361-24-037418
TPR,2024-11-07,bmo,0001140361-24-045498
TPR,2025-02-06,bmo,0001140361-25-003264
TPR,2025-05-08,bmo,0001140361-25-017853
TPR,2025-08-14,bmo,0001140361-25-031018
TPR,2025-11-06,bmo,0001140361-25-040658
TPR,2026-02-05,bmo,0001140361-26-003783
TPR,2026-05-07,bmo,0001140361-26-019428
TRIP,2019-08-07,amc,0001564590-19-030034
TRIP,2019-11-06,amc,0001564590-19-040994
TRIP,2020-02-12,amc,0001564590-20-004349
TRIP,2020-05-07,amc,0001564590-20-022868
TRIP,2020-08-06,amc,0001564590-20-037769
TRIP,2020-11-05,amc,0001564590-20-051281
TRIP,2021-02-18,amc,0001564590-21-006652
TRIP,2021-05-06,amc,0001564590-21-024937
TRIP,2021-08-05,amc,0001564590-21-041565
TRIP,2021-11-08,amc,0000950170-21-003451
TRIP,2022-02-16,amc,0000950170-22-001345
TRIP,2022-05-04,amc,0000950170-22-007372
TRIP,2022-08-04,amc,0000950170-22-014728
TRIP,2022-11-07,amc,0000950170-22-022579
TRIP,2023-02-14,amc,0000950170-23-002776
TRIP,2023-05-03,amc,0000950170-23-017146
TRIP,2023-08-02,amc,0000950170-23-037121
TRIP,2023-11-06,amc,0000950170-23-059372
TRIP,2024-02-14,amc,0000950170-24-015195
TRIP,2024-05-08,bmo,0000950170-24-055048
TRIP,2024-08-06,amc,0000950170-24-091729
TRIP,2024-11-06,amc,0000950170-24-122236
TRIP,2025-02-20,bmo,0000950170-25-023733
TRIP,2025-05-07,bmo,0000950170-25-064977
TRIP,2025-08-07,amc,0000950170-25-104961
TRIP,2025-11-06,bmo,0001193125-25-268036
TRIP,2026-02-12,bmo,0001193125-26-047622
TRIP,2026-05-07,bmo,0001193125-26-210278
TRIP,2026-08-06,bmo,0001193125-26-336666
TSCO,2019-07-25,bmo,0000916365-19-000121
TSCO,2019-10-24,bmo,0000916365-19-000148
TSCO,2020-01-30,bmo,0000916365-20-000012
TSCO,2020-04-07,bmo,0000916365-20-000077
TSCO,2020-04-23,bmo,0000916365-20-000083
TSCO,2020-07-23,bmo,0000916365-20-000137
TSCO,2020-10-22,bmo,0000916365-20-000175
TSCO,2021-01-28,bmo,0000916365-21-000014
TSCO,2021-04-22,bmo,0000916365-21-000082
TSCO,2021-07-19,bmo,0000916365-21-000114
TSCO,2021-10-21,bmo,0000916365-21-000142
TSCO,2022-01-27,bmo,0000916365-22-000019
TSCO,2022-04-21,bmo,0000916365-22-000054
TSCO,2022-07-21,bmo,0000916365-22-000086
TSCO,2022-10-20,bmo,0000916365-22-000102
TSCO,2023-01-26,bmo,0000916365-23-000006
TSCO,2023-04-27,bmo,0000916365-23-000052
TSCO,2023-07-27,bmo,0000916365-23-000087
TSCO,2023-10-26,bmo,0000916365-23-000108
TSCO,2024-02-01,bmo,0000916365-24-000005
TSCO,2024-04-25,bmo,0000916365-24-000054
TSCO,2024-07-25,bmo,0000916365-24-000083
TSCO,2024-10-24,bmo,0000916365-24-000104
TSCO,2025-01-30,bmo,0000916365-25-000008
TSCO,2025-04-24,bmo,0000916365-25-000085
TSCO,2025-07-24,bmo,0000916365-25-000135
TSCO,2025-10-23,bmo,0000916365-25-000157
TSCO,2026-01-29,bmo,0000916365-26-000005
TSCO,2026-04-21,bmo,0000916365-26-000020
TSCO,2026-07-23,bmo,0000916365-26-000052
TSLA,2019-07-02,amc,0001564590-19-024414
TSLA,2019-07-24,amc,0001564590-19-025855
TSLA,2019-10-02,amc,0001564590-19-036274
TSLA,2019-10-23,amc,0001564590-19-037581
TSLA,2020-01-03,bmo,0001564590-20-000161
TSLA,2020-01-29,amc,0001564590-20-002489
TSLA,2020-04-02,amc,0001564590-20-014992
TSLA,2020-04-29,amc,0001564590-20-019776
TSLA,2020-07-02,bmo,0001564590-20-031568
TSLA,2020-07-22,amc,0001564590-20-033069
TSLA,2020-10-02,bmo,0001564590-20-045592
TSLA,2020-10-21,amc,0001564590-20-047108
TSLA,2021-01-04,bmo,0001564590-21-000008
TSLA,2021-01-27,amc,0001564590-21-002645
TSLA,2021-04-02,bmo,0001564590-21-017443
TSLA,2021-04-26,amc,0001564590-21-020558
TSLA,2021-07-02,bmo,0000950170-21-000423
TSLA,2021-07-26,amc,0001564590-21-037953
TSLA,2021-10-04,bmo,0001564590-21-049874
TSLA,2021-10-20,amc,0001564590-21-051307
TSLA,2022-01-03,bmo,0001564590-22-000009
TSLA,2022-01-26,amc,0001564590-22-002476
TSLA,2022-04-04,bmo,0001564590-22-013264
TSLA,2022-04-20,amc,0001564590-22-014917
TSLA,2022-07-05,bmo,0001564590-22-025153
TSLA,2022-07-20,amc,0001564590-22-026048
TSLA,2022-10-03,bmo,0001564590-22-033053
TSLA,2022-10-19,amc,0001564590-22-034639
TSLA,2023-01-03,bmo,0001564590-23-000002
TSLA,2023-01-25,amc,0001564590-23-000799
TSLA,2023-04-03,bmo,0001564590-23-005126
TSLA,2023-04-19,amc,0001564590-23-005959
TSLA,2023-07-03,bmo,0000950170-23-031241
TSLA,2023-07-19,amc,0000950170-23-033544
TSLA,2023-10-02,bmo,0000950170-23-050938
TSLA,2023-10-18,amc,0001628280-23-034588
TSLA,2024-01-02,amc,0000950170-24-000282
TSLA,2024-01-24,amc,0000950170-24-007073
TSLA,2024-04-02,amc,0000950170-24-040274
TSLA,2024-04-23,amc,0000950170-24-046895
TSLA,2024-07-02,bmo,0001628280-24-030714
TSLA,2024-07-23,amc,0001628280-24-032603
TSLA,2024-10-02,bmo,0001628280-24-041816
TSLA,2024-10-23,amc,0001628280-24-043432
TSLA,2025-01-02,bmo,0001628280-25-000007
TSLA,2025-01-29,amc,0001628280-25-002993
TSLA,2025-04-02,bmo,0001628280-25-016070
TSLA,2025-04-22,amc,0001628280-25-018851
TSLA,2025-07-02,bmo,0001628280-25-033842
TSLA,2025-07-23,amc,0001628280-25-035738
TSLA,2025-10-02,bmo,0001628280-25-043530
TSLA,2025-10-22,amc,0001628280-25-045861
TSLA,2026-01-02,bmo,0001628280-26-000016
TSLA,2026-01-28,amc,0001628280-26-003837
TSLA,2026-04-02,bmo,0001628280-26-022956
TSLA,2026-04-22,amc,0001628280-26-026551
TSLA,2026-07-02,bmo,0001628280-26-046717
TSLA,2026-07-22,amc,0001628280-26-049213
TSN,2019-08-05,bmo,0000100493-19-000094
TSN,2019-11-12,bmo,0000100493-19-000117
TSN,2020-02-06,bmo,0000100493-20-000014
TSN,2020-05-04,bmo,0000100493-20-000073
TSN,2020-08-03,bmo,0000100493-20-000102
TSN,2020-11-16,bmo,0000100493-20-000131
TSN,2021-02-11,bmo,0000100493-21-000012
TSN,2021-05-10,bmo,0000100493-21-000074
TSN,2021-08-09,bmo,0000100493-21-000102
TSN,2021-11-15,bmo,0000100493-21-000121
TSN,2022-02-07,bmo,0000100493-22-000015
TSN,2022-05-09,bmo,0000100493-22-000063
TSN,2022-08-08,bmo,0000100493-22-000077
TSN,2022-11-14,bmo,0000100493-22-000096
TSN,2023-02-06,bmo,0000100493-23-000022
TSN,2023-05-08,bmo,0000100493-23-000066
TSN,2023-08-07,bmo,0000100493-23-000084
TSN,2023-11-13,bmo,0000100493-23-000104
TSN,2024-02-05,bmo,0000100493-24-000013
TSN,2024-05-06,bmo,0000100493-24-000068
TSN,2024-08-05,bmo,0000100493-24-000101
TSN,2024-11-12,bmo,0000100493-24-000118
TSN,2025-02-03,bmo,0000100493-25-000006
TSN,2025-05-05,bmo,0000100493-25-000055
TSN,2025-08-04,bmo,0000100493-25-000074
TSN,2025-11-10,bmo,0000100493-25-000094
TSN,2026-02-02,bmo,0000100493-26-000005
TSN,2026-05-04,bmo,0000100493-26-000019
TSN,2026-08-03,bmo,0000100493-26-000057
TTD,2019-08-08,amc,0001157523-19-001780
TTD,2019-11-07,amc,0001157523-19-002229
TTD,2020-02-27,amc,0001157523-20-000277
TTD,2020-05-07,amc,0001157523-20-000703
TTD,2020-08-06,amc,0001157523-20-001150
TTD,2020-11-05,amc,0001157523-20-001450
TTD,2021-02-18,amc,0001157523-21-000211
TTD,2021-05-10,bmo,0001157523-21-000635
TTD,2021-08-09,bmo,0001157523-21-001026
TTD,2021-11-08,bmo,0001157523-21-001360
TTD,2022-02-16,bmo,0001157523-22-000209
TTD,2022-05-10,amc,0001157523-22-000604
TTD,2022-08-09,amc,0001157523-22-001085
TTD,2022-11-09,bmo,0001157523-22-001565
TTD,2023-02-15,bmo,0001157523-23-000284
TTD,2023-05-10,amc,0001157523-23-000805
TTD,2023-08-09,amc,0001157523-23-001303
TTD,2023-11-09,amc,0001157523-23-001709
TTD,2024-02-15,amc,0001157523-24-000260
TTD,2024-05-08,amc,0001671933-24-000051
TTD,2024-08-08,amc,0001671933-24-000089
TTD,2024-11-07,amc,0001671933-24-000120
TTD,2025-02-12,amc,0001671933-25-000014
TTD,2025-05-08,amc,0001671933-25-000061
TTD,2025-08-07,amc,0001671933-25-000123
TTD,2025-11-06,amc,0001671933-25-000143
TTD,2026-01-26,intraday,0001193125-26-021804
TTD,2026-02-25,amc,0001671933-26-000009
TTD,2026-05-07,amc,0001671933-26-000053
TTD,2026-08-06,amc,0001671933-26-000085
UA,2019-07-30,bmo,0001336917-19-000047
UA,2019-11-04,bmo,0001336917-19-000069
UA,2020-02-11,bmo,0001336917-20-000006
UA,2020-05-11,bmo,0001336917-20-000030
UA,2020-07-31,bmo,0001193125-20-205334
UA,2020-10-30,bmo,0001336917-20-000074
UA,2021-02-10,bmo,0001336917-21-000005
UA,2021-05-04,bmo,0001336917-21-000024
UA,2021-08-03,bmo,0001336917-21-000037
UA,2021-11-02,bmo,0001336917-21-000059
UA,2022-02-11,bmo,0001336917-22-000003
UA,2022-05-06,bmo,0001336917-22-000014
UA,2022-08-03,bmo,0001336917-22-000024
UA,2022-11-03,bmo,0001336917-22-000037
UA,2023-02-08,bmo,0001336917-23-000006
UA,2023-05-09,bmo,0001336917-23-000017
UA,2023-08-08,bmo,0001336917-23-000035
UA,2023-11-08,bmo,0001336917-23-000045
UA,2024-02-08,bmo,0001336917-24-000020
UA,2024-05-16,bmo,0001336917-24-000058
UA,2024-08-08,bmo,0001336917-24-000114
UA,2024-11-07,bmo,0001336917-24-000164
UA,2025-02-06,bmo,0001336917-25-000013
UA,2025-05-13,bmo,0001336917-25-000058
UA,2025-08-08,bmo,0001336917-25-000134
UA,2025-11-06,bmo,0001336917-25-000193
UA,2026-02-06,bmo,0001336917-26-000025
UA,2026-05-12,bmo,0001336917-26-000059
UA,2026-08-07,bmo,0001336917-26-000108
UAA,2019-07-30,bmo,0001336917-19-000047
UAA,2019-11-04,bmo,0001336917-19-000069
UAA,2020-02-11,bmo,0001336917-20-000006
UAA,2020-05-11,bmo,0001336917-20-000030
UAA,2020-07-31,bmo,0001193125-20-205334
UAA,2020-10-30,bmo,0001336917-20-000074
UAA,2021-02-10,bmo,0001336917-21-000005
UAA,2021-05-04,bmo,0001336917-21-000024
UAA,2021-08-03,bmo,0001336917-21-000037
UAA,2021-11-02,bmo,0001336917-21-000059
UAA,2022-02-11,bmo,0001336917-22-000003
UAA,2022-05-06,bmo,0001336917-22-000014
UAA,2022-08-03,bmo,0001336917-22-000024
UAA,2022-11-03,bmo,0001336917-22-000037
UAA,2023-02-08,bmo,0001336917-23-000006
UAA,2023-05-09,bmo,0001336917-23-000017
UAA,2023-08-08,bmo,0001336917-23-000035
UAA,2023-11-08,bmo,0001336917-23-000045
UAA,2024-02-08,bmo,0001336917-24-000020
UAA,2024-05-16,bmo,0001336917-24-000058
UAA,2024-08-08,bmo,0001336917-24-000114
UAA,2024-11-07,bmo,0001336917-24-000164
UAA,2025-02-06,bmo,0001336917-25-000013
UAA,2025-05-13,bmo,0001336917-25-000058
UAA,2025-08-08,bmo,0001336917-25-000134
UAA,2025-11-06,bmo,0001336917-25-000193
UAA,2026-02-06,bmo,0001336917-26-000025
UAA,2026-05-12,bmo,0001336917-26-000059
UAA,2026-08-07,bmo,0001336917-26-000108
UAL,2019-07-16,amc,0000100517-19-000018
UAL,2019-10-15,amc,0000100517-19-000024
UAL,2020-01-07,amc,0000100517-20-000002
UAL,2020-01-21,amc,0000100517-20-000004
UAL,2020-04-20,bmo,0000100517-20-000022
UAL,2020-04-30,amc,0000100517-20-000034
UAL,2020-07-21,amc,0000100517-20-000043
UAL,2020-10-14,amc,0000100517-20-000053
UAL,2021-01-20,amc,0000100517-21-000005
UAL,2021-04-12,bmo,0001104659-21-049101
UAL,2021-04-19,amc,0000100517-21-000023
UAL,2021-07-20,amc,0000100517-21-000049
UAL,2021-10-19,amc,0000100517-21-000069
UAL,2022-01-19,amc,0000100517-22-000004
UAL,2022-04-20,amc,0000100517-22-000022
UAL,2022-07-20,amc,0000100517-22-000045
UAL,2022-10-18,amc,0000100517-22-000075
UAL,2023-01-17,amc,0000100517-23-000016
UAL,2023-04-18,amc,0000100517-23-000113
UAL,2023-07-19,amc,0000100517-23-000150
UAL,2023-10-17,amc,0000100517-23-000182
UAL,2024-01-22,amc,0000100517-24-000016
UAL,2024-04-16,amc,0000100517-24-000076
UAL,2024-07-17,amc,0000100517-24-000117
UAL,2024-10-15,amc,0000100517-24-000132
UAL,2025-01-21,intraday,0000100517-25-000013
UAL,2025-04-15,amc,0000100517-25-000087
UAL,2025-07-09,amc,0000100517-25-000140
UAL,2025-07-16,amc,0000100517-25-000143
UAL,2025-10-15,amc,0000100517-25-000190
UAL,2026-01-20,amc,0000100517-26-000014
UAL,2026-04-21,amc,0000100517-26-000089
UAL,2026-07-15,amc,0000100517-26-000135
UBER,2019-08-08,amc,0001543151-19-000006
UBER,2019-11-04,amc,0001543151-19-000014
UBER,2020-01-21,bmo,0001552781-20-000094
UBER,2020-02-06,amc,0001543151-20-000005
UBER,2020-04-17,amc,0001552781-20-000269
UBER,2020-05-04,bmo,0001552781-20-000297
UBER,2020-05-07,amc,0001543151-20-000020
UBER,2020-07-06,amc,0001552781-20-000412
UBER,2020-08-06,amc,0001543151-20-000027
UBER,2020-11-05,amc,0001628280-20-015770
UBER,2020-11-13,bmo,0001552781-20-000563
UBER,2021-02-10,amc,0001543151-21-000008
UBER,2021-04-12,bmo,0001552781-21-000198
UBER,2021-05-05,amc,0001543151-21-000024
UBER,2021-08-04,amc,0001543151-21-000035
UBER,2021-11-04,amc,0001543151-21-000043
UBER,2022-02-09,amc,0001543151-22-000004
UBER,2022-05-04,bmo,0001543151-22-000012
UBER,2022-08-02,bmo,0001543151-22-000021
UBER,2022-11-01,bmo,0001543151-22-000029
UBER,2023-02-08,bmo,0001543151-23-000004
UBER,2023-05-02,bmo,0001543151-23-000013
UBER,2023-08-01,bmo,0001543151-23-000021
UBER,2023-11-07,bmo,0001543151-23-000036
UBER,2024-02-07,bmo,0001543151-24-000008
UBER,2024-05-08,bmo,0001543151-24-000017
UBER,2024-08-06,bmo,0001543151-24-000024
UBER,2024-10-31,bmo,0001543151-24-000033
UBER,2025-02-05,bmo,0001543151-25-000004
UBER,2025-05-07,bmo,0001543151-25-000012
UBER,2025-08-06,bmo,0001543151-25-000020
UBER,2025-11-04,bmo,0001543151-25-000030
UBER,2026-02-04,bmo,0001543151-26-000011
UBER,2026-05-06,bmo,0001543151-26-000019
UBER,2026-08-05,bmo,0001543151-26-000027
USB,2019-07-17,bmo,0001193125-19-195151
USB,2019-10-16,bmo,0001193125-19-268090
USB,2020-01-15,bmo,0001193125-20-007601
USB,2020-04-15,bmo,0001193125-20-107589
USB,2020-07-15,bmo,0001193125-20-192926
USB,2020-10-14,bmo,0001193125-20-268950
USB,2021-01-20,bmo,0001193125-21-011887
USB,2021-04-15,bmo,0001193125-21-117074
USB,2021-07-15,bmo,0001193125-21-215777
USB,2021-10-14,bmo,0001193125-21-298251
USB,2022-01-19,bmo,0001193125-22-011895
USB,2022-04-14,bmo,0001193125-22-104893
USB,2022-07-15,bmo,0001193125-22-194092
USB,2022-10-14,bmo,0001193125-22-262572
USB,2023-01-25,bmo,0001193125-23-014710
USB,2023-04-19,bmo,0001193125-23-105633
USB,2023-07-19,bmo,0001193125-23-189190
USB,2023-10-18,bmo,0001193125-23-258045
USB,2024-01-17,bmo,0000036104-24-000007
USB,2024-04-17,bmo,0000036104-24-000033
USB,2024-07-17,bmo,0000036104-24-000048
USB,2024-10-16,bmo,0000036104-24-000062
USB,2025-01-16,bmo,0000036104-25-000005
USB,2025-04-16,bmo,0000036104-25-000025
USB,2025-07-17,bmo,0000036104-25-000044
USB,2025-10-16,bmo,0000036104-25-000060
USB,2026-01-20,bmo,0000036104-26-000005
USB,2026-04-16,bmo,0000036104-26-000021
USB,2026-07-16,bmo,0000036104-26-000039
VFC,2019-07-24,bmo,0001157523-19-001567
VFC,2019-10-25,bmo,0001157523-19-002105
VFC,2020-01-23,bmo,0001157523-20-000093
VFC,2020-04-21,bmo,0001193125-20-112886
VFC,2020-05-15,bmo,0001157523-20-000753
VFC,2020-07-31,bmo,0001157523-20-001090
VFC,2020-10-16,bmo,0001157523-20-001313
VFC,2021-01-27,bmo,0001157523-21-000086
VFC,2021-05-21,bmo,0001157523-21-000698
VFC,2021-07-30,bmo,0001157523-21-000954
VFC,2021-10-22,bmo,0001157523-21-001236
VFC,2022-01-28,bmo,0001157523-22-000111
VFC,2022-05-19,amc,0001157523-22-000668
VFC,2022-07-28,amc,0001157523-22-000950
VFC,2022-10-26,amc,0001157523-22-001399
VFC,2023-02-07,amc,0001157523-23-000196
VFC,2023-05-23,amc,0001157523-23-000902
VFC,2023-08-01,amc,0001157523-23-001206
VFC,2023-10-30,amc,0001157523-23-001573
VFC,2024-02-06,amc,0001157523-24-000175
VFC,2024-05-22,amc,0000103379-24-000006
VFC,2024-08-06,amc,0000103379-24-000016
VFC,2024-10-28,amc,0000103379-24-000028
VFC,2025-01-29,bmo,0000103379-25-000004
VFC,2025-05-21,bmo,0000103379-25-000021
VFC,2025-07-30,bmo,0000103379-25-000033
VFC,2025-10-28,bmo,0000103379-25-000058
VFC,2026-01-28,bmo,0000103379-26-000008
VFC,2026-05-20,bmo,0000103379-26-000028
VFC,2026-07-29,bmo,0000103379-26-000113
VICI,2019-07-31,amc,0001705696-19-000135
VICI,2019-10-31,amc,0001705696-19-000162
VICI,2020-02-20,amc,0001705696-20-000047
VICI,2020-04-30,amc,0001705696-20-000105
VICI,2020-07-29,amc,0001705696-20-000151
VICI,2020-10-28,amc,0001705696-20-000179
VICI,2021-02-18,amc,0001705696-21-000029
VICI,2021-04-29,amc,0001705696-21-000098
VICI,2021-07-28,amc,0001705696-21-000125
VICI,2021-10-27,amc,0001705696-21-000223
VICI,2022-02-23,amc,0001705696-22-000045
VICI,2022-04-18,bmo,0001193125-22-107429
VICI,2022-05-04,amc,0001705696-22-000089
VICI,2022-07-27,amc,0001705696-22-000110
VICI,2022-10-27,amc,0001705696-22-000129
VICI,2023-02-23,amc,0001705696-23-000034
VICI,2023-05-01,amc,0001705696-23-000071
VICI,2023-07-26,amc,0001705696-23-000092
VICI,2023-10-25,amc,0001705696-23-000112
VICI,2024-02-22,amc,0001705696-24-000032
VICI,2024-05-01,amc,0001705696-24-000079
VICI,2024-07-31,amc,0001705696-24-000098
VICI,2024-10-31,amc,0001705696-24-000118
VICI,2025-02-20,amc,0001705696-25-000032
VICI,2025-04-30,amc,0001705696-25-000086
VICI,2025-07-30,amc,0001705696-25-000106
VICI,2025-10-30,amc,0001705696-25-000130
VICI,2026-02-25,amc,0001705696-26-000033
VICI,2026-04-29,amc,0001705696-26-000068
VICI,2026-07-29,amc,0001705696-26-000088
VISN,2019-08-08,bmo,0001564590-19-030390
VISN,2019-11-07,bmo,0001564590-19-041342
VISN,2020-02-20,bmo,0001564590-20-005398
VISN,2020-05-07,bmo,0001564590-20-022331
VISN,2020-08-06,bmo,0001564590-20-037202
VISN,2020-11-05,bmo,0001564590-20-050807
VISN,2021-02-17,bmo,0001564590-21-006185
VISN,2021-05-06,bmo,0001564590-21-024473
VISN,2021-08-05,bmo,0001564590-21-041155
VISN,2021-11-04,bmo,0000950170-21-002921
VISN,2022-02-17,bmo,0000950170-22-001385
VISN,2022-05-05,bmo,0000950170-22-007576
VISN,2022-08-04,bmo,0000950170-22-014449
VISN,2022-11-03,bmo,0000950170-22-021508
VISN,2023-02-23,bmo,0000950170-23-003920
VISN,2023-05-04,bmo,0000950170-23-017446
VISN,2023-08-03,bmo,0000950170-23-037553
VISN,2023-10-30,bmo,0000950170-23-056128
VISN,2023-11-09,bmo,0000950170-23-061494
VISN,2024-02-29,bmo,0000950170-24-022648
VISN,2024-05-09,bmo,0000950170-24-056224
VISN,2024-07-29,bmo,0000950170-24-087116
VISN,2024-08-08,bmo,0000950170-24-093274
VISN,2024-11-07,bmo,0000950170-24-122749
VISN,2025-02-26,bmo,0000950170-25-027320
VISN,2025-05-01,bmo,0000950170-25-061428
VISN,2025-08-04,bmo,0000950170-25-101614
VISN,2025-10-30,bmo,0001193125-25-257341
VISN,2026-02-26,bmo,0001193125-26-073295
VISN,2026-04-08,amc,0001193125-26-145964
VISN,2026-04-30,bmo,0001193125-26-193951
VISN,2026-08-06,bmo,0001193125-26-336705
VLO,2019-07-25,bmo,0001035002-19-000035
VLO,2019-10-24,bmo,0001035002-19-000043
VLO,2020-01-30,bmo,0001035002-20-000004
VLO,2020-04-13,intraday,0001035002-20-000011
VLO,2020-04-29,bmo,0001035002-20-000014
VLO,2020-07-30,bmo,0001035002-20-000038
VLO,2020-10-22,bmo,0001035002-20-000048
VLO,2021-01-28,bmo,0001035002-21-000012
VLO,2021-04-08,bmo,0001193125-21-109599
VLO,2021-04-22,bmo,0001035002-21-000064
VLO,2021-07-29,bmo,0001035002-21-000100
VLO,2021-10-21,bmo,0001035002-21-000115
VLO,2022-01-27,bmo,0001035002-22-000003
VLO,2022-04-26,bmo,0001035002-22-000021
VLO,2022-07-28,bmo,0001035002-22-000043
VLO,2022-10-25,bmo,0001035002-22-000047
VLO,2023-01-26,bmo,0001035002-23-000010
VLO,2023-04-27,bmo,0001035002-23-000052
VLO,2023-07-27,bmo,0001035002-23-000101
VLO,2023-10-26,bmo,0001035002-23-000108
VLO,2024-01-25,bmo,0001035002-24-000004
VLO,2024-04-25,bmo,0001035002-24-000020
VLO,2024-07-25,bmo,0001035002-24-000050
VLO,2024-10-24,bmo,0001035002-24-000054
VLO,2025-01-30,bmo,0001035002-25-000002
VLO,2025-04-16,bmo,0001193125-25-082159
VLO,2025-04-24,bmo,0001035002-25-000016
VLO,2025-07-24,bmo,0001035002-25-000060
VLO,2025-10-23,bmo,0001628280-25-045978
VLO,2026-01-29,bmo,0001628280-26-003974
VLO,2026-04-30,bmo,0001628280-26-028602
VLO,2026-07-30,bmo,0001628280-26-050822
VLY,2019-07-25,intraday,0000714310-19-000157
VLY,2019-10-24,bmo,0000714310-19-000172
VLY,2020-01-30,intraday,0000714310-20-000009
VLY,2020-04-30,intraday,0000714310-20-000086
VLY,2020-07-23,intraday,0000714310-20-000125
VLY,2020-10-22,intraday,0000714310-20-000135
VLY,2021-01-28,intraday,0000714310-21-000009
VLY,2021-04-29,intraday,0000714310-21-000084
VLY,2021-07-22,intraday,0000714310-21-000094
VLY,2021-10-28,intraday,0000714310-21-000104
VLY,2022-01-27,intraday,0000714310-22-000019
VLY,2022-04-28,intraday,0000714310-22-000081
VLY,2022-07-28,bmo,0000714310-22-000116
VLY,2022-10-27,intraday,0000714310-22-000128
VLY,2023-01-26,bmo,0000714310-23-000003
VLY,2023-04-27,intraday,0000714310-23-000100
VLY,2023-07-27,bmo,0000714310-23-000120
VLY,2023-10-26,intraday,0000714310-23-000131
VLY,2024-01-25,intraday,0000714310-24-000006
VLY,2024-04-25,bmo,0000714310-24-000080
VLY,2024-07-25,bmo,0000714310-24-000146
VLY,2024-10-24,bmo,0000714310-24-000159
VLY,2025-01-23,bmo,0000714310-25-000003
VLY,2025-04-24,bmo,0000714310-25-000092
VLY,2025-07-24,bmo,0000714310-25-000137
VLY,2025-10-23,bmo,0000714310-25-000153
VLY,2026-01-29,bmo,0000714310-26-000007
VLY,2026-04-23,bmo,0000714310-26-000020
VLY,2026-07-23,bmo,0000714310-26-000036
VST,2019-08-02,bmo,0001193125-19-211406
VST,2019-11-05,bmo,0001193125-19-283984
VST,2020-02-28,bmo,0001193125-20-054048
VST,2020-05-05,bmo,0001193125-20-133017
VST,2020-08-05,bmo,0001193125-20-209814
VST,2020-11-04,bmo,0001193125-20-285108
VST,2021-02-26,bmo,0001193125-21-058302
VST,2021-04-26,bmo,0001193125-21-130268
VST,2021-08-05,bmo,0001193125-21-236916
VST,2021-11-05,bmo,0001193125-21-320861
VST,2022-02-25,bmo,0001193125-22-053117
VST,2022-05-06,bmo,0001193125-22-142900
VST,2022-08-05,bmo,0001193125-22-213037
VST,2022-11-04,bmo,0001193125-22-277411
VST,2023-03-01,bmo,0001193125-23-055104
VST,2023-05-09,bmo,0001193125-23-138876
VST,2023-08-09,bmo,0001193125-23-206766
VST,2023-11-07,bmo,0001193125-23-271904
VST,2024-02-28,bmo,0001193125-24-049124
VST,2024-05-08,bmo,0001193125-24-133760
VST,2024-08-08,bmo,0001193125-24-196470
VST,2024-11-07,bmo,0001193125-24-252608
VST,2025-02-27,bmo,0001193125-25-037636
VST,2025-05-07,bmo,0001193125-25-114425
VST,2025-08-07,bmo,0001193125-25-174942
VST,2025-11-06,bmo,0001193125-25-268033
VST,2026-02-26,bmo,0001193125-26-073364
VST,2026-05-07,bmo,0001692819-26-000011
VST,2026-08-07,bmo,0001692819-26-000017
VTR,2019-07-26,bmo,0001157523-19-001593
VTR,2019-10-25,bmo,0001157523-19-002106
VTR,2020-02-20,bmo,0001157523-20-000236
VTR,2020-05-08,bmo,0001157523-20-000720
VTR,2020-08-07,bmo,0001157523-20-001158
VTR,2020-11-06,bmo,0001157523-20-001464
VTR,2021-02-18,bmo,0001157523-21-000210
VTR,2021-05-07,bmo,0001157523-21-000625
VTR,2021-08-06,bmo,0001157523-21-001021
VTR,2021-11-05,bmo,0001157523-21-001353
VTR,2022-01-20,amc,0001104659-22-006035
VTR,2022-02-17,amc,0001157523-22-000217
VTR,2022-05-05,amc,0001157523-22-000576
VTR,2022-08-04,amc,0001157523-22-001050
VTR,2022-11-04,amc,0001157523-22-001529
VTR,2023-02-09,amc,0001157523-23-000236
VTR,2023-05-08,amc,0001157523-23-000767
VTR,2023-08-03,amc,0001157523-23-001258
VTR,2023-11-02,amc,0001157523-23-001633
VTR,2024-02-15,bmo,0001157523-24-000251
VTR,2024-05-01,amc,0000740260-24-000135
VTR,2024-08-01,amc,0000740260-24-000196
VTR,2024-10-30,amc,0000740260-24-000246
VTR,2025-02-12,amc,0000740260-25-000049
VTR,2025-04-30,amc,0001104659-25-042582
VTR,2025-07-30,amc,0000740260-25-000228
VTR,2025-10-29,amc,0000740260-25-000274
VTR,2026-02-05,amc,0000740260-26-000003
VTR,2026-04-27,amc,0000740260-26-000016
VTR,2026-07-29,amc,0000740260-26-000022
VZ,2019-08-01,bmo,0000732712-19-000040
VZ,2019-10-25,bmo,0000732712-19-000059
VZ,2020-01-30,bmo,0000732712-20-000003
VZ,2020-04-24,bmo,0000732712-20-000025
VZ,2020-07-24,bmo,0000732712-20-000048
VZ,2020-10-21,bmo,0000732712-20-000057
VZ,2021-01-26,bmo,0000732712-21-000003
VZ,2021-04-21,bmo,0000732712-21-000019
VZ,2021-07-21,bmo,0000732712-21-000042
VZ,2021-10-20,bmo,0000732712-21-000050
VZ,2022-01-25,bmo,0000732712-22-000004
VZ,2022-04-22,bmo,0000732712-22-000015
VZ,2022-07-22,bmo,0000732712-22-000040
VZ,2022-10-21,bmo,0000732712-22-000046
VZ,2023-01-24,bmo,0000732712-23-000007
VZ,2023-04-25,bmo,0000732712-23-000026
VZ,2023-07-25,bmo,0000732712-23-000051
VZ,2023-10-24,bmo,0000732712-23-000060
VZ,2024-01-23,bmo,0000732712-24-000007
VZ,2024-04-22,bmo,0000732712-24-000025
VZ,2024-07-22,bmo,0000732712-24-000049
VZ,2024-10-22,bmo,0000732712-24-000062
VZ,2025-01-24,bmo,0000732712-25-000003
VZ,2025-04-22,bmo,0000732712-25-000021
VZ,2025-07-21,bmo,0000732712-25-000083
VZ,2025-10-29,bmo,0000732712-25-000114
VZ,2026-01-30,bmo,0000732712-26-000003
VZ,2026-04-27,bmo,0000732712-26-000019
VZ,2026-07-24,bmo,0000732712-26-000040
W,2019-08-01,bmo,0001616707-19-000173
W,2019-10-31,bmo,0001616707-19-000247
W,2020-02-28,bmo,0001616707-20-000022
W,2020-05-05,bmo,0001616707-20-000071
W,2020-08-05,bmo,0001616707-20-000147
W,2020-11-03,bmo,0001616707-20-000221
W,2021-02-25,bmo,0001616707-21-000060
W,2021-05-06,bmo,0001616707-21-000112
W,2021-08-05,bmo,0001616707-21-000150
W,2021-11-04,bmo,0001616707-21-000188
W,2022-02-24,bmo,0001616707-22-000028
W,2022-05-05,bmo,0001616707-22-000069
W,2022-08-04,bmo,0001616707-22-000105
W,2022-11-03,bmo,0001616707-22-000176
W,2023-02-23,bmo,0001616707-23-000033
W,2023-05-04,bmo,0001616707-23-000078
W,2023-08-03,bmo,0001616707-23-000094
W,2023-11-01,bmo,0001616707-23-000104
W,2024-02-22,bmo,0001616707-24-000012
W,2024-05-02,bmo,0001616707-24-000032
W,2024-08-01,bmo,0001616707-24-000045
W,2024-11-01,bmo,0001616707-24-000051
W,2025-02-20,bmo,0001616707-25-000020
W,2025-05-01,bmo,0001616707-25-000045
W,2025-08-04,bmo,0001616707-25-000068
W,2025-10-28,bmo,0001616707-25-000125
W,2026-02-19,bmo,0001616707-26-000024
W,2026-04-30,bmo,0001616707-26-000110
W,2026-08-04,bmo,0001616707-26-000147
WDC,2019-07-31,amc,0000106040-19-000050
WDC,2019-10-30,amc,0000106040-19-000067
WDC,2020-01-30,amc,0000106040-20-000005
WDC,2020-04-30,amc,0000106040-20-000017
WDC,2020-10-28,amc,0000106040-20-000054
WDC,2021-01-28,amc,0000106040-21-000006
WDC,2021-04-29,amc,0000106040-21-000016
WDC,2021-08-04,amc,0000106040-21-000032
WDC,2021-10-28,amc,0000106040-21-000046
WDC,2022-01-27,amc,0000106040-22-000010
WDC,2022-04-28,amc,0000106040-22-000030
WDC,2022-08-05,bmo,0000106040-22-000049
WDC,2022-10-27,bmo,0000106040-22-000061
WDC,2023-01-31,amc,0000106040-23-000006
WDC,2023-05-08,amc,0000106040-23-000014
WDC,2023-07-31,amc,0000106040-23-000020
WDC,2023-10-30,bmo,0000106040-23-000032
WDC,2024-01-25,amc,0000106040-24-000003
WDC,2024-04-25,amc,0000106040-24-000020
WDC,2024-07-31,amc,0000106040-24-000026
WDC,2024-10-24,amc,0000106040-24-000037
WDC,2025-01-16,amc,0001193125-25-007725
WDC,2025-01-29,amc,0000106040-25-000005
WDC,2025-04-30,bmo,0000106040-25-000020
WDC,2025-07-30,amc,0000106040-25-000030
WDC,2025-10-30,amc,0001628280-25-047539
WDC,2026-01-29,amc,0001628280-26-004131
WDC,2026-04-30,amc,0001628280-26-028878
WDC,2026-08-05,amc,0001628280-26-053305
WELL,2019-07-31,amc,0000766704-19-000037
WELL,2019-10-28,amc,0000766704-19-000053
WELL,2020-02-12,amc,0000766704-20-000011
WELL,2020-04-02,amc,0001193125-20-096052
WELL,2020-04-17,amc,0001193125-20-110825
WELL,2020-05-06,amc,0000766704-20-000029
WELL,2020-08-05,amc,0000766704-20-000044
WELL,2020-10-05,amc,0001193125-20-264008
WELL,2020-10-28,amc,0000766704-20-000060
WELL,2021-01-19,bmo,0001193125-21-010767
WELL,2021-02-09,amc,0000766704-21-000015
WELL,2021-04-06,bmo,0001193125-21-106945
WELL,2021-04-28,amc,0000766704-21-000029
WELL,2021-07-29,amc,0000766704-21-000046
WELL,2021-11-04,amc,0000766704-21-000062
WELL,2022-01-11,bmo,0001193125-22-006311
WELL,2022-01-24,bmo,0001193125-22-015495
WELL,2022-02-15,amc,0000766704-22-000010
WELL,2022-04-05,bmo,0001193125-22-095657
WELL,2022-04-21,amc,0001193125-22-113084
WELL,2022-05-10,amc,0000766704-22-000030
WELL,2022-05-11,amc,0001193125-22-146649
WELL,2022-06-07,amc,0001193125-22-168606
WELL,2022-07-13,amc,0001193125-22-192860
WELL,2022-08-09,amc,0000766704-22-000046
WELL,2022-10-04,bmo,0001193125-22-257269
WELL,2022-11-07,amc,0000766704-22-000059
WELL,2023-02-15,amc,0000766704-23-000006
WELL,2023-05-02,amc,0000766704-23-000015
WELL,2023-06-06,bmo,0001193125-23-161225
WELL,2023-07-31,amc,0000766704-23-000023
WELL,2023-10-30,amc,0000766704-23-000029
WELL,2024-01-22,bmo,0001193125-24-011737
WELL,2024-02-13,amc,0000766704-24-000004
WELL,2024-04-29,amc,0000766704-24-000020
WELL,2024-07-29,amc,0000766704-24-000030
WELL,2024-10-28,amc,0000766704-24-000037
WELL,2025-02-11,amc,0000766704-25-000006
WELL,2025-04-28,amc,0000766704-25-000018
WELL,2025-07-28,amc,0000766704-25-000027
WELL,2025-10-27,amc,0000766704-25-000037
WELL,2026-02-10,amc,0000766704-26-000005
WELL,2026-04-28,amc,0000766704-26-000018
WELL,2026-07-27,amc,0000766704-26-000026
WEN,2019-08-07,bmo,0001193125-19-214586
WEN,2019-10-11,intraday,0001193125-19-266581
WEN,2019-11-06,bmo,0001193125-19-285282
WEN,2020-02-26,bmo,0001193125-20-049108
WEN,2020-05-06,bmo,0001193125-20-134300
WEN,2020-08-05,bmo,0001193125-20-209844
WEN,2020-11-04,bmo,0001193125-20-285131
WEN,2021-03-03,bmo,0001193125-21-066572
WEN,2021-05-12,bmo,0001193125-21-158309
WEN,2021-08-11,bmo,0001193125-21-242617
WEN,2021-11-10,bmo,0001193125-21-325237
WEN,2022-03-01,bmo,0001193125-22-059785
WEN,2022-05-11,bmo,0001193125-22-146868
WEN,2022-08-10,bmo,0001193125-22-216783
WEN,2022-11-09,bmo,0001193125-22-280672
WEN,2023-01-13,bmo,0001193125-23-007602
WEN,2023-03-01,bmo,0001193125-23-055118
WEN,2023-05-10,bmo,0001193125-23-140012
WEN,2023-08-09,bmo,0001193125-23-206773
WEN,2023-11-02,bmo,0001193125-23-268814
WEN,2024-01-18,amc,0001193125-24-010240
WEN,2024-02-15,bmo,0001193125-24-037023
WEN,2024-05-02,bmo,0001193125-24-128125
WEN,2024-08-01,bmo,0001193125-24-190581
WEN,2024-10-31,bmo,0001193125-24-248145
WEN,2025-02-13,bmo,0001193125-25-025580
WEN,2025-05-02,bmo,0001193125-25-110586
WEN,2025-08-08,bmo,0001193125-25-176017
WEN,2025-11-07,bmo,0001193125-25-271014
WEN,2026-02-13,bmo,0001193125-26-049816
WEN,2026-05-08,bmo,0001193125-26-213270
WEN,2026-08-07,bmo,0001193125-26-339132
WFC,2019-07-16,bmo,0000072971-19-000311
WFC,2019-10-15,bmo,0000072971-19-000383
WFC,2020-01-14,bmo,0000072971-20-000011
WFC,2020-04-14,bmo,0000072971-20-000230
WFC,2020-07-14,bmo,0000072971-20-000280
WFC,2020-10-14,bmo,0000072971-20-000332
WFC,2021-01-15,bmo,0000072971-21-000008
WFC,2021-04-14,bmo,0000072971-21-000206
WFC,2021-07-14,bmo,0000072971-21-000254
WFC,2021-10-14,bmo,0000072971-21-000294
WFC,2022-01-14,bmo,0000072971-22-000003
WFC,2022-04-14,bmo,0000072971-22-000107
WFC,2022-07-15,bmo,0000072971-22-000155
WFC,2022-10-14,bmo,0000072971-22-000190
WFC,2023-01-13,bmo,0000072971-23-000003
WFC,2023-04-14,bmo,0000072971-23-000083
WFC,2023-07-14,bmo,0000072971-23-000126
WFC,2023-10-13,bmo,0000072971-23-000158
WFC,2024-01-12,bmo,0000072971-24-000004
WFC,2024-04-12,bmo,0000072971-24-000115
WFC,2024-07-12,bmo,0000072971-24-000170
WFC,2024-10-11,bmo,0000072971-24-000218
WFC,2025-01-15,bmo,0000072971-25-000007
WFC,2025-04-11,bmo,0000072971-25-000101
WFC,2025-07-15,bmo,0000072971-25-000170
WFC,2025-10-14,bmo,0000072971-25-000239
WFC,2026-01-14,bmo,0000072971-26-000009
WFC,2026-04-14,bmo,0000072971-26-000213
WFC,2026-07-14,bmo,0000072971-26-000288
WMB,2019-07-31,amc,0000107263-19-000022
WMB,2019-10-30,amc,0000107263-19-000028
WMB,2020-02-19,amc,0000107263-20-000002
WMB,2020-05-04,amc,0000107263-20-000015
WMB,2020-08-03,amc,0000107263-20-000025
WMB,2020-11-02,amc,0000107263-20-000033
WMB,2021-02-22,amc,0000107263-21-000004
WMB,2021-05-03,amc,0000107263-21-000011
WMB,2021-08-02,amc,0000107263-21-000019
WMB,2021-11-01,amc,0000107263-21-000026
WMB,2022-02-22,bmo,0000107263-22-000004
WMB,2022-05-02,amc,0000107263-22-000012
WMB,2022-08-01,amc,0000107263-22-000022
WMB,2022-10-31,amc,0000107263-22-000028
WMB,2023-02-21,bmo,0000107263-23-000003
WMB,2023-05-03,amc,0000107263-23-000011
WMB,2023-08-02,amc,0000107263-23-000020
WMB,2023-11-01,amc,0000107263-23-000025
WMB,2024-02-14,bmo,0000107263-24-000015
WMB,2024-05-06,amc,0000107263-24-000062
WMB,2024-08-05,amc,0000107263-24-000075
WMB,2024-11-06,amc,0000107263-24-000094
WMB,2025-02-12,amc,0000107263-25-000005
WMB,2025-05-05,amc,0000107263-25-000100
WMB,2025-08-04,amc,0000107263-25-000121
WMB,2025-11-03,amc,0000107263-25-000143
WMB,2026-02-10,bmo,0000107263-26-000003
WMB,2026-05-04,amc,0000107263-26-000015
WMB,2026-08-03,amc,0000107263-26-000024
WMT,2019-08-15,bmo,0000104169-19-000058
WMT,2019-11-14,bmo,0000104169-19-000081
WMT,2020-02-18,bmo,0000104169-20-000007
WMT,2020-05-19,bmo,0000104169-20-000016
WMT,2020-08-18,bmo,0000104169-20-000037
WMT,2020-11-17,bmo,0000104169-20-000073
WMT,2021-02-18,bmo,0000104169-21-000022
WMT,2021-05-18,bmo,0000104169-21-000037
WMT,2021-08-17,bmo,0000104169-21-000054
WMT,2021-11-16,bmo,0000104169-21-000063
WMT,2022-02-17,bmo,0000104169-22-000009
WMT,2022-05-17,bmo,0000104169-22-000024
WMT,2022-08-16,bmo,0000104169-22-000065
WMT,2022-11-15,bmo,0000104169-22-000077
WMT,2023-02-21,bmo,0000104169-23-000010
WMT,2023-05-18,bmo,0000104169-23-000043
WMT,2023-08-17,bmo,0000104169-23-000088
WMT,2023-11-16,bmo,0000104169-23-000124
WMT,2024-02-20,bmo,0000104169-24-000019
WMT,2024-05-16,bmo,0000104169-24-000088
WMT,2024-08-15,bmo,0000104169-24-000131
WMT,2024-11-19,bmo,0000104169-24-000170
WMT,2025-02-20,bmo,0000104169-25-000010
WMT,2025-05-15,bmo,0000104169-25-000069
WMT,2025-08-21,bmo,0000104169-25-000120
WMT,2025-11-20,bmo,0000104169-25-000177
WMT,2026-02-19,bmo,0000104169-26-000032
WMT,2026-05-21,bmo,0000104169-26-000095
WSM,2019-08-28,amc,0001193125-19-232453
WSM,2019-11-21,amc,0001193125-19-297610
WSM,2020-03-18,amc,0001193125-20-077192
WSM,2020-05-28,amc,0001193125-20-154284
WSM,2020-08-26,amc,0001193125-20-231269
WSM,2020-11-19,amc,0001193125-20-298144
WSM,2021-03-17,amc,0001193125-21-084120
WSM,2021-05-26,amc,0001628280-21-011118
WSM,2021-08-25,amc,0001628280-21-017607
WSM,2021-11-18,amc,0001628280-21-023795
WSM,2022-03-16,amc,0001628280-22-006378
WSM,2022-05-25,amc,0001628280-22-015356
WSM,2022-08-24,amc,0001628280-22-023609
WSM,2022-11-17,amc,0001628280-22-030305
WSM,2023-03-16,bmo,0001628280-23-008202
WSM,2023-05-23,bmo,0001628280-23-019381
WSM,2023-08-23,bmo,0001628280-23-030310
WSM,2023-11-16,bmo,0001628280-23-039239
WSM,2024-03-13,bmo,0001628280-24-010801
WSM,2024-05-22,bmo,0001628280-24-024629
WSM,2024-08-22,bmo,0001628280-24-038109
WSM,2024-11-20,bmo,0001628280-24-048597
WSM,2025-03-19,bmo,0001628280-25-013687
WSM,2025-05-22,bmo,0001628280-25-027155
WSM,2025-08-27,bmo,0000719955-25-000006
WSM,2025-11-19,bmo,0000719955-25-000043
WSM,2026-03-18,bmo,0000719955-26-000030
WSM,2026-05-21,bmo,0000719955-26-000126
WU,2019-08-01,amc,0001558370-19-006810
WU,2019-10-31,amc,0001558370-19-009573
WU,2020-02-11,amc,0001558370-20-000673
WU,2020-05-05,amc,0001558370-20-005189
WU,2020-08-04,amc,0001558370-20-009140
WU,2020-10-29,amc,0001558370-20-012034
WU,2021-02-10,amc,0001558370-21-000874
WU,2021-05-04,amc,0001558370-21-005702
WU,2021-08-04,amc,0001558370-21-010205
WU,2021-11-02,amc,0001558370-21-014094
WU,2022-02-10,amc,0000950170-22-001076
WU,2022-04-28,amc,0000950170-22-006530
WU,2022-08-03,amc,0000950170-22-014268
WU,2022-10-19,amc,0000950170-22-019729
WU,2022-11-01,amc,0000950170-22-020836
WU,2023-02-07,amc,0000950170-23-001982
WU,2023-05-02,amc,0000950170-23-016669
WU,2023-07-26,amc,0000950170-23-034714
WU,2023-10-25,amc,0000950170-23-055182
WU,2024-02-06,amc,0000950170-24-011715
WU,2024-04-24,amc,0000950170-24-047573
WU,2024-07-30,amc,0000950170-24-087844
WU,2024-10-23,amc,0000950170-24-116638
WU,2025-02-04,amc,0000950170-25-013416
WU,2025-04-23,amc,0000950170-25-057341
WU,2025-07-28,amc,0000950170-25-099165
WU,2025-10-23,amc,0001193125-25-248746
WU,2026-02-20,bmo,0001193125-26-060322
WU,2026-04-24,bmo,0001193125-26-174988
WU,2026-07-30,amc,0001193125-26-326110
WY,2019-07-26,amc,0001564590-19-026211
WY,2019-10-25,bmo,0001564590-19-037827
WY,2020-01-31,amc,0001564590-20-002813
WY,2020-05-01,amc,0001564590-20-020338
WY,2020-07-31,amc,0001564590-20-034879
WY,2020-10-30,amc,0001564590-20-049068
WY,2021-01-29,amc,0001564590-21-003176
WY,2021-04-30,amc,0001564590-21-022161
WY,2021-07-30,amc,0001564590-21-039290
WY,2021-10-29,amc,0001564590-21-052799
WY,2022-01-28,amc,0001564590-22-002790
WY,2022-04-29,bmo,0001564590-22-016578
WY,2022-07-29,amc,0001564590-22-026976
WY,2022-10-27,amc,0001564590-22-035454
WY,2023-01-26,amc,0000950170-23-001239
WY,2023-04-27,amc,0000950170-23-015328
WY,2023-07-27,amc,0000950170-23-035183
WY,2023-10-26,amc,0000950170-23-055646
WY,2024-01-25,amc,0000950170-24-007432
WY,2024-04-25,amc,0000950170-24-048384
WY,2024-07-25,amc,0000950170-24-086513
WY,2024-10-24,amc,0000950170-24-117057
WY,2025-01-30,amc,0000950170-25-011092
WY,2025-04-24,amc,0000950170-25-058035
WY,2025-07-24,amc,0000950170-25-098338
WY,2025-10-30,amc,0001193125-25-258510
WY,2026-01-29,amc,0001193125-26-029351
WY,2026-04-30,amc,0001193125-26-197281
WY,2026-07-30,amc,0001193125-26-326124
XEL,2019-08-01,amc,0000072903-19-000042
XEL,2019-10-24,bmo,0000072903-19-000071
XEL,2020-01-30,amc,0000072903-20-000006
XEL,2020-05-07,amc,0000072903-20-000020
XEL,2020-07-30,amc,0000072903-20-000050
XEL,2020-10-29,amc,0000072903-20-000064
XEL,2021-01-28,amc,0000072903-21-000006
XEL,2021-04-29,amc,0000072903-21-000026
XEL,2021-07-29,amc,0000072903-21-000059
XEL,2022-01-27,amc,0000072903-22-000007
XEL,2022-04-28,amc,0000072903-22-000024
XEL,2022-07-28,amc,0000072903-22-000049
XEL,2022-10-27,amc,0000072903-22-000060
XEL,2023-01-26,amc,0000072903-23-000002
XEL,2023-04-27,amc,0000072903-23-000023
XEL,2023-07-27,amc,0000072903-23-000110
XEL,2023-10-27,amc,0000072903-23-000158
XEL,2024-01-25,amc,0000072903-24-000028
XEL,2024-04-25,amc,0000072903-24-000092
XEL,2024-08-01,amc,0000072903-24-000169
XEL,2024-10-31,amc,0000072903-24-000196
XEL,2025-02-06,amc,0000072903-25-000023
XEL,2025-04-24,amc,0000072903-25-000084
XEL,2025-07-31,amc,0000072903-25-000221
XEL,2025-10-30,amc,0000072903-25-000254
XEL,2026-02-05,amc,0000072903-26-000006
XEL,2026-04-30,amc,0000072903-26-000070
XEL,2026-07-30,amc,0000072903-26-000149
XOM,2026-07-31,bmo,0002115436-26-000006
XRX,2019-10-29,bmo,0001628280-19-012638
XRX,2019-12-03,bmo,0001770450-19-000022
XRX,2020-01-28,bmo,0001770450-20-000004
XRX,2020-04-28,bmo,0001770450-20-000016
XRX,2020-07-28,bmo,0001770450-20-000027
XRX,2020-10-27,bmo,0001770450-20-000039
XRX,2021-01-26,bmo,0001770450-21-000004
XRX,2021-04-20,bmo,0001770450-21-000018
XRX,2021-07-27,bmo,0001770450-21-000030
XRX,2021-10-26,bmo,0001770450-21-000042
XRX,2022-01-25,bmo,0001770450-22-000003
XRX,2022-04-21,bmo,0001770450-22-000014
XRX,2022-07-26,bmo,0001770450-22-000025
XRX,2022-10-25,bmo,0001770450-22-000034
XRX,2023-01-26,bmo,0001770450-23-000004
XRX,2023-04-25,bmo,0001770450-23-000027
XRX,2023-07-25,bmo,0001770450-23-000035
XRX,2023-10-24,bmo,0001770450-23-000045
XRX,2024-01-25,bmo,0001770450-24-000004
XRX,2024-04-23,bmo,0001770450-24-000026
XRX,2024-07-25,bmo,0001770450-24-000035
XRX,2024-10-29,bmo,0001770450-24-000045
XRX,2025-01-28,bmo,0001770450-25-000003
XRX,2025-05-01,bmo,0001770450-25-000021
XRX,2025-07-31,bmo,0001628280-25-036814
XRX,2025-10-30,bmo,0001770450-25-000033
XRX,2026-01-29,bmo,0001770450-26-000003
XRX,2026-04-30,bmo,0001770450-26-000025
XRX,2026-07-30,bmo,0001770450-26-000034
XYZ,2019-08-01,amc,0001193125-19-210875
XYZ,2019-11-06,amc,0001193125-19-285894
XYZ,2020-02-26,amc,0001193125-20-050074
XYZ,2020-05-06,amc,0001193125-20-134892
XYZ,2020-08-05,amc,0001193125-20-209619
XYZ,2020-11-05,amc,0001193125-20-286821
XYZ,2021-02-23,amc,0001193125-21-052320
XYZ,2021-05-06,amc,0001193125-21-153261
XYZ,2021-08-02,bmo,0001193125-21-232114
XYZ,2021-11-04,amc,0001193125-21-320142
XYZ,2022-02-24,amc,0001193125-22-052061
XYZ,2022-05-05,amc,0001193125-22-142338
XYZ,2022-08-04,amc,0001193125-22-212527
XYZ,2022-11-03,amc,0001193125-22-276894
XYZ,2023-02-23,amc,0001193125-23-046618
XYZ,2023-05-04,amc,0001193125-23-135928
XYZ,2023-08-03,amc,0001193125-23-202864
XYZ,2023-11-02,amc,0001193125-23-269372
XYZ,2024-02-22,amc,0001193125-24-042835
XYZ,2024-05-02,amc,0001193125-24-129385
XYZ,2024-08-01,amc,0001193125-24-191530
XYZ,2024-11-07,amc,0001193125-24-253135
XYZ,2025-02-20,amc,0001193125-25-030738
XYZ,2025-05-01,amc,0001193125-25-109972
XYZ,2025-08-07,amc,0001193125-25-175456
XYZ,2025-11-06,amc,0001193125-25-269715
XYZ,2026-02-26,amc,0001193125-26-076557
XYZ,2026-05-07,amc,0001193125-26-212032
XYZ,2026-08-05,amc,0001193125-26-335117
Z,2019-08-07,amc,0001617640-19-000021
Z,2019-11-07,amc,0001617640-19-000037
Z,2020-02-19,amc,0001617640-20-000014
Z,2020-05-07,amc,0001617640-20-000050
Z,2020-08-06,amc,0001617640-20-000070
Z,2020-11-05,amc,0001617640-20-000083
Z,2021-02-10,amc,0001617640-21-000007
Z,2021-05-04,amc,0001617640-21-000030
Z,2021-08-05,amc,0001617640-21-000053
Z,2021-11-02,amc,0001617640-21-000085
Z,2022-02-10,amc,0001617640-22-000011
Z,2022-05-05,amc,0001617640-22-000061
Z,2022-08-04,amc,0001617640-22-000079
Z,2022-11-02,amc,0001617640-22-000104
Z,2023-02-15,amc,0001617640-23-000006
Z,2023-05-03,amc,0001617640-23-000065
Z,2023-08-02,amc,0001617640-23-000088
Z,2023-11-01,amc,0001617640-23-000108
Z,2024-02-13,amc,0001617640-24-000012
Z,2024-05-01,amc,0001617640-24-000069
Z,2024-08-07,amc,0001617640-24-000095
Z,2024-11-06,amc,0001617640-24-000125
Z,2025-02-11,amc,0001617640-25-000015
Z,2025-05-07,amc,0001617640-25-000062
Z,2025-08-06,amc,0001617640-25-000093
Z,2025-10-30,amc,0001617640-25-000149
Z,2026-02-10,amc,0001617640-26-000012
Z,2026-05-06,amc,0001617640-26-000038
Z,2026-08-05,amc,0001617640-26-000050
ZM,2019-09-05,amc,0001585521-19-000005
ZM,2019-12-05,amc,0001585521-19-000057
ZM,2020-03-04,amc,0001585521-20-000056
ZM,2020-06-02,amc,0001585521-20-000149
ZM,2020-08-31,amc,0001585521-20-000231
ZM,2020-11-30,amc,0001585521-20-000294
ZM,2021-03-01,amc,0001585521-21-000011
ZM,2021-06-01,amc,0001585521-21-000123
ZM,2021-08-30,amc,0001585521-21-000230
ZM,2021-11-22,amc,0001585521-21-000292
ZM,2022-02-28,amc,0001585521-22-000024
ZM,2022-05-23,amc,0001585521-22-000101
ZM,2022-08-22,amc,0001585521-22-000177
ZM,2022-11-21,amc,0001585521-22-000209
ZM,2023-02-27,amc,0001585521-23-000031
ZM,2023-05-22,amc,0001585521-23-000125
ZM,2023-08-21,amc,0001585521-23-000191
ZM,2023-11-20,amc,0001585521-23-000246
ZM,2024-02-26,amc,0001585521-24-000025
ZM,2024-05-20,amc,0001585521-24-000091
ZM,2024-08-21,amc,0001585521-24-000178
ZM,2024-11-25,amc,0001585521-24-000257
ZM,2025-02-24,amc,0001585521-25-000027
ZM,2025-05-21,amc,0001585521-25-000087
ZM,2025-08-21,amc,0001585521-25-000138
ZM,2025-11-24,amc,0001585521-25-000200
ZM,2026-02-25,amc,0001585521-26-000026
ZM,2026-05-21,amc,0001585521-26-000069
ZS,2019-12-03,amc,0001713683-19-000049
ZS,2020-02-20,amc,0001713683-20-000028
ZS,2020-05-28,amc,0001713683-20-000082
ZS,2020-09-09,amc,0001713683-20-000136
ZS,2020-12-02,amc,0001713683-20-000188
ZS,2021-02-25,amc,0001713683-21-000031
ZS,2021-05-25,amc,0001713683-21-000083
ZS,2021-09-09,amc,0001713683-21-000160
ZS,2021-11-30,amc,0001713683-21-000229
ZS,2022-02-24,amc,0001713683-22-000025
ZS,2022-05-26,amc,0001713683-22-000048
ZS,2022-09-08,amc,0001713683-22-000073
ZS,2022-12-01,amc,0001713683-22-000119
ZS,2023-03-02,amc,0001713683-23-000026
ZS,2023-05-08,bmo,0001713683-23-000049
ZS,2023-06-01,amc,0001713683-23-000054
ZS,2023-09-05,amc,0001713683-23-000099
ZS,2023-11-27,amc,0001713683-23-000156
ZS,2024-02-29,amc,0001713683-24-000036
ZS,2024-05-30,amc,0001713683-24-000072
ZS,2024-09-03,amc,0001713683-24-000097
ZS,2024-12-02,amc,0001713683-24-000143
ZS,2025-03-05,amc,0001713683-25-000025
ZS,2025-05-29,amc,0001713683-25-000078
ZS,2025-09-02,amc,0001713683-25-000138
ZS,2025-11-25,amc,0001713683-25-000203
ZS,2026-02-26,amc,0001713683-26-000047
ZS,2026-05-26,amc,0001713683-26-000095
